timestamp,open,high,low,close
2025-01-02 06:00:00,2624.91,2634.45,2621.58,2632.84
2025-01-02 10:00:00,2632.84,2636.54,2631.13,2634.07
2025-01-02 14:00:00,2634.13,2639.94,2631.04,2636.0
2025-01-02 18:00:00,2635.99,2647.3,2632.72,2642.99
2025-01-02 22:00:00,2642.98,2660.51,2640.16,2656.61
2025-01-03 02:00:00,2656.69,2660.48,2653.81,2657.96
2025-01-03 06:00:00,2657.53,2662.58,2656.73,2659.45
2025-01-03 10:00:00,2659.39,2665.12,2655.76,2658.67
2025-01-03 14:00:00,2658.68,2660.35,2649.82,2653.64
2025-01-03 18:00:00,2653.65,2659.36,2643.22,2649.97
2025-01-03 22:00:00,2649.97,2652.68,2639.02,2641.69
2025-01-04 02:00:00,2641.65,2643.01,2636.65,2639.44
2025-01-06 06:00:00,2641.41,2647.45,2638.55,2641.44
2025-01-06 10:00:00,2641.36,2645.33,2631.65,2633.79
2025-01-06 14:00:00,2633.81,2635.78,2625.12,2632.74
2025-01-06 18:00:00,2632.7,2649.4,2622.02,2624.26
2025-01-06 22:00:00,2624.27,2641.2,2614.45,2636.76
2025-01-07 02:00:00,2636.79,2638.64,2632.91,2635.93
2025-01-07 06:00:00,2636.04,2641.18,2632.87,2639.07
2025-01-07 10:00:00,2639.04,2645.82,2636.88,2644.51
2025-01-07 14:00:00,2644.39,2646.82,2637.78,2641.45
2025-01-07 18:00:00,2641.46,2664.26,2641.4,2662.39
2025-01-07 22:00:00,2662.46,2663.06,2642.09,2652.53
2025-01-08 02:00:00,2652.56,2652.67,2647.02,2648.49
2025-01-08 06:00:00,2648.51,2651.6,2647.1,2648.79
2025-01-08 10:00:00,2648.8,2650.75,2645.28,2650.04
2025-01-08 14:00:00,2650.0,2655.08,2648.95,2653.56
2025-01-08 18:00:00,2653.56,2660.28,2645.8,2660.06
2025-01-08 22:00:00,2660.06,2669.96,2649.47,2655.68
2025-01-09 02:00:00,2655.7,2664.14,2651.69,2661.53
2025-01-09 06:00:00,2661.56,2663.18,2657.2,2658.56
2025-01-09 10:00:00,2658.54,2662.25,2655.34,2658.37
2025-01-09 14:00:00,2658.35,2666.99,2658.27,2664.9
2025-01-09 18:00:00,2664.84,2678.15,2664.38,2672.7
2025-01-09 22:00:00,2672.61,2675.69,2662.56,2665.98
2025-01-10 02:00:00,2665.93,2672.51,2664.99,2670.23
2025-01-10 06:00:00,2670.98,2672.0,2668.5,2671.02
2025-01-10 10:00:00,2671.01,2675.99,2670.41,2675.04
2025-01-10 14:00:00,2674.96,2682.16,2673.52,2678.62
2025-01-10 18:00:00,2678.78,2683.64,2663.88,2682.7
2025-01-10 22:00:00,2682.6,2697.9,2680.72,2696.1
2025-01-11 02:00:00,2696.11,2697.23,2684.32,2689.04
2025-01-13 06:00:00,2688.79,2693.35,2679.25,2685.63
2025-01-13 10:00:00,2685.68,2690.82,2683.34,2687.0
2025-01-13 14:00:00,2687.08,2691.18,2683.04,2684.76
2025-01-13 18:00:00,2684.72,2684.91,2663.61,2669.18
2025-01-13 22:00:00,2669.11,2674.19,2659.22,2660.78
2025-01-14 02:00:00,2660.78,2664.15,2656.71,2662.9
2025-01-14 06:00:00,2663.22,2672.21,2663.22,2670.64
2025-01-14 10:00:00,2670.71,2675.31,2667.31,2668.65
2025-01-14 14:00:00,2668.66,2674.5,2664.74,2667.2
2025-01-14 18:00:00,2667.21,2674.31,2660.62,2662.99
2025-01-14 22:00:00,2662.99,2674.02,2659.81,2669.11
2025-01-15 02:00:00,2668.98,2678.18,2666.6,2677.15
2025-01-15 06:00:00,2677.93,2678.25,2669.69,2669.91
2025-01-15 10:00:00,2669.9,2679.34,2669.26,2679.29
2025-01-15 14:00:00,2679.18,2688.46,2678.98,2685.91
2025-01-15 18:00:00,2685.9,2694.15,2682.06,2693.74
2025-01-15 22:00:00,2693.68,2695.98,2676.45,2692.78
2025-01-16 02:00:00,2692.77,2697.32,2691.0,2696.18
2025-01-16 06:00:00,2694.43,2702.15,2692.74,2696.18
2025-01-16 10:00:00,2696.31,2698.36,2693.67,2694.66
2025-01-16 14:00:00,2694.81,2706.15,2689.8,2705.28
2025-01-16 18:00:00,2705.29,2718.18,2700.23,2715.34
2025-01-16 22:00:00,2715.31,2724.81,2712.44,2721.64
2025-01-17 02:00:00,2721.71,2723.19,2712.43,2714.34
2025-01-17 06:00:00,2714.05,2716.1,2709.74,2714.75
2025-01-17 10:00:00,2714.88,2717.4,2711.09,2711.45
2025-01-17 14:00:00,2711.46,2714.63,2704.02,2704.96
2025-01-17 18:00:00,2705.0,2712.08,2702.59,2705.12
2025-01-17 22:00:00,2705.1,2717.34,2702.68,2712.57
2025-01-18 02:00:00,2712.63,2713.34,2699.2,2702.37
2025-01-20 06:00:00,2702.37,2703.46,2689.36,2693.92
2025-01-20 10:00:00,2693.94,2707.53,2693.62,2707.34
2025-01-20 14:00:00,2707.36,2713.6,2702.71,2706.03
2025-01-20 18:00:00,2706.04,2712.44,2701.59,2704.89
2025-01-20 22:00:00,2705.41,2712.19,2703.02,2707.45
2025-01-21 02:00:00,2707.61,2711.01,2705.58,2706.2
2025-01-21 06:00:00,2706.81,2719.37,2702.95,2718.02
2025-01-21 10:00:00,2717.97,2729.11,2717.62,2726.21
2025-01-21 14:00:00,2726.24,2732.78,2718.05,2721.32
2025-01-21 18:00:00,2721.37,2730.11,2716.26,2726.37
2025-01-21 22:00:00,2726.33,2745.64,2725.25,2740.28
2025-01-22 02:00:00,2740.27,2745.9,2739.82,2744.66
2025-01-22 06:00:00,2744.8,2749.89,2741.89,2748.04
2025-01-22 10:00:00,2748.04,2758.59,2746.21,2757.94
2025-01-22 14:00:00,2757.97,2762.34,2745.31,2758.42
2025-01-22 18:00:00,2758.37,2763.41,2750.82,2757.59
2025-01-22 22:00:00,2757.66,2760.32,2750.43,2756.46
2025-01-23 02:00:00,2756.46,2759.38,2754.64,2756.04
2025-01-23 06:00:00,2755.7,2756.54,2750.72,2752.66
2025-01-23 10:00:00,2752.61,2754.82,2749.46,2751.9
2025-01-23 14:00:00,2751.96,2755.48,2740.93,2745.89
2025-01-23 18:00:00,2745.83,2754.42,2735.74,2741.57
2025-01-23 22:00:00,2741.65,2758.87,2740.33,2757.75
2025-01-24 02:00:00,2757.76,2758.27,2751.43,2754.48
2025-01-24 06:00:00,2754.8,2762.58,2753.43,2762.23
2025-01-24 10:00:00,2762.22,2777.39,2762.17,2775.32
2025-01-24 14:00:00,2775.3,2778.28,2769.83,2772.84
2025-01-24 18:00:00,2772.82,2784.61,2771.5,2782.48
2025-01-24 22:00:00,2782.43,2786.0,2770.01,2773.27
2025-01-25 02:00:00,2773.28,2775.39,2770.52,2771.6
2025-01-27 06:00:00,2767.59,2772.62,2762.77,2763.04
2025-01-27 10:00:00,2763.04,2763.73,2752.8,2753.31
2025-01-27 14:00:00,2753.24,2765.0,2747.32,2763.34
2025-01-27 18:00:00,2763.34,2772.03,2752.1,2757.3
2025-01-27 22:00:00,2757.12,2757.95,2730.31,2733.7
2025-01-28 02:00:00,2733.68,2743.93,2733.13,2740.62
2025-01-28 06:00:00,2740.74,2745.28,2739.38,2741.37
2025-01-28 10:00:00,2741.54,2744.75,2737.78,2741.69
2025-01-28 14:00:00,2741.52,2745.08,2734.69,2743.44
2025-01-28 18:00:00,2743.45,2749.56,2741.02,2748.81
2025-01-28 22:00:00,2748.83,2760.09,2748.83,2759.74
2025-01-29 02:00:00,2759.74,2764.98,2759.39,2763.26
2025-01-29 06:00:00,2762.93,2766.22,2762.05,2763.84
2025-01-29 10:00:00,2763.8,2765.69,2760.22,2760.58
2025-01-29 14:00:00,2760.71,2765.95,2757.27,2762.67
2025-01-29 18:00:00,2762.61,2763.28,2752.04,2758.63
2025-01-29 22:00:00,2758.59,2761.15,2748.2,2752.79
2025-01-30 02:00:00,2752.87,2759.79,2744.83,2759.72
2025-01-30 06:00:00,2759.22,2762.67,2757.91,2760.09
2025-01-30 10:00:00,2760.06,2763.38,2758.8,2760.62
2025-01-30 14:00:00,2760.59,2776.5,2760.19,2774.26
2025-01-30 18:00:00,2774.24,2786.02,2773.82,2785.68
2025-01-30 22:00:00,2785.7,2798.32,2780.18,2795.64
2025-01-31 02:00:00,2795.65,2798.36,2788.86,2794.1
2025-01-31 06:00:00,2794.98,2799.4,2791.38,2796.37
2025-01-31 10:00:00,2796.31,2798.14,2793.79,2795.52
2025-01-31 14:00:00,2795.54,2800.93,2791.5,2793.79
2025-01-31 18:00:00,2793.76,2808.38,2790.84,2806.42
2025-01-31 22:00:00,2806.45,2817.21,2802.84,2808.56
2025-02-01 02:00:00,2808.56,2808.83,2794.27,2800.57
2025-02-03 06:00:00,2802.07,2813.7,2778.13,2782.15
2025-02-03 10:00:00,2782.14,2785.15,2772.1,2783.15
2025-02-03 14:00:00,2783.14,2800.69,2782.96,2796.35
2025-02-03 18:00:00,2796.35,2811.9,2793.09,2811.0
2025-02-03 22:00:00,2811.02,2830.64,2810.11,2817.02
2025-02-04 02:00:00,2817.08,2823.01,2812.49,2814.56
2025-02-04 06:00:00,2813.06,2824.35,2811.61,2823.44
2025-02-04 10:00:00,2823.4,2824.59,2813.48,2815.96
2025-02-04 14:00:00,2815.88,2821.81,2807.22,2820.44
2025-02-04 18:00:00,2820.37,2837.0,2812.68,2831.66
2025-02-04 22:00:00,2831.66,2845.4,2828.67,2844.04
2025-02-05 02:00:00,2844.0,2845.08,2840.88,2841.89
2025-02-05 06:00:00,2840.9,2849.0,2839.65,2844.39
2025-02-05 10:00:00,2844.47,2860.59,2844.04,2859.22
2025-02-05 14:00:00,2859.29,2872.16,2854.88,2870.24
2025-02-05 18:00:00,2870.32,2876.95,2858.61,2861.93
2025-02-05 22:00:00,2861.89,2882.3,2860.65,2873.11
2025-02-06 02:00:00,2873.11,2873.54,2859.85,2867.08
2025-02-06 06:00:00,2867.46,2871.73,2863.78,2871.65
2025-02-06 10:00:00,2871.6,2873.25,2864.34,2868.39
2025-02-06 14:00:00,2868.37,2871.27,2848.77,2859.41
2025-02-06 18:00:00,2859.38,2870.31,2855.57,2856.84
2025-02-06 22:00:00,2856.81,2859.83,2833.96,2852.35
2025-02-07 02:00:00,2852.37,2857.25,2849.74,2855.66
2025-02-07 06:00:00,2855.86,2868.06,2855.57,2866.12
2025-02-07 10:00:00,2866.1,2870.39,2862.15,2862.29
2025-02-07 14:00:00,2862.26,2870.74,2858.78,2868.97
2025-02-07 18:00:00,2868.97,2870.31,2852.17,2862.52
2025-02-07 22:00:00,2862.59,2886.86,2853.41,2859.92
2025-02-08 02:00:00,2859.92,2865.18,2858.92,2861.82
2025-02-10 06:00:00,2855.81,2876.64,2855.7,2871.89
2025-02-10 10:00:00,2871.87,2879.97,2871.23,2879.08
2025-02-10 14:00:00,2879.1,2903.26,2878.77,2902.9
2025-02-10 18:00:00,2902.91,2910.78,2898.27,2901.1
2025-02-10 22:00:00,2901.1,2911.47,2896.42,2903.29
2025-02-11 02:00:00,2903.33,2908.18,2900.85,2907.79
2025-02-11 06:00:00,2907.56,2935.85,2907.33,2933.97
2025-02-11 10:00:00,2933.85,2942.65,2905.34,2922.93
2025-02-11 14:00:00,2922.82,2929.38,2902.89,2903.16
2025-02-11 18:00:00,2903.15,2907.08,2881.34,2896.59
2025-02-11 22:00:00,2896.58,2908.67,2890.61,2905.55
2025-02-12 02:00:00,2905.53,2907.25,2894.02,2897.37
2025-02-12 06:00:00,2897.08,2900.76,2883.3,2893.19
2025-02-12 10:00:00,2893.13,2897.87,2883.8,2886.37
2025-02-12 14:00:00,2886.35,2895.82,2885.59,2886.74
2025-02-12 18:00:00,2886.86,2889.78,2864.23,2884.69
2025-02-12 22:00:00,2884.76,2909.16,2882.03,2902.79
2025-02-13 02:00:00,2902.91,2904.25,2893.44,2903.81
2025-02-13 06:00:00,2904.35,2909.0,2900.52,2905.93
2025-02-13 10:00:00,2905.95,2922.85,2905.24,2917.93
2025-02-13 14:00:00,2917.92,2920.56,2909.32,2915.29
2025-02-13 18:00:00,2915.27,2921.36,2905.73,2908.46
2025-02-13 22:00:00,2908.47,2920.93,2906.53,2918.88
2025-02-14 02:00:00,2918.88,2929.35,2914.27,2928.29
2025-02-14 06:00:00,2928.13,2933.89,2927.32,2929.84
2025-02-14 10:00:00,2929.65,2932.43,2923.17,2930.98
2025-02-14 14:00:00,2931.0,2938.69,2929.86,2935.2
2025-02-14 18:00:00,2935.21,2939.94,2917.46,2920.68
2025-02-14 22:00:00,2920.67,2928.43,2885.46,2886.99
2025-02-15 02:00:00,2887.25,2887.94,2876.73,2882.9
2025-02-17 06:00:00,2885.9,2896.75,2878.53,2895.65
2025-02-17 10:00:00,2895.6,2905.2,2893.98,2896.13
2025-02-17 14:00:00,2896.09,2906.44,2888.06,2902.5
2025-02-17 18:00:00,2902.49,2903.9,2895.31,2896.73
2025-02-17 22:00:00,2896.71,2904.13,2896.4,2898.39
2025-02-18 02:00:00,2898.42,2899.18,2896.88,2899.05
2025-02-18 06:00:00,2898.6,2900.22,2891.78,2895.74
2025-02-18 10:00:00,2895.71,2915.6,2895.28,2910.7
2025-02-18 14:00:00,2910.62,2915.47,2908.13,2912.72
2025-02-18 18:00:00,2912.69,2921.32,2907.05,2918.84
2025-02-18 22:00:00,2918.87,2933.76,2917.84,2931.27
2025-02-19 02:00:00,2931.29,2936.97,2928.42,2935.11
2025-02-19 06:00:00,2934.34,2939.71,2927.87,2938.39
2025-02-19 10:00:00,2938.6,2939.7,2923.98,2932.81
2025-02-19 14:00:00,2932.79,2946.63,2930.38,2945.46
2025-02-19 18:00:00,2945.56,2946.97,2931.04,2936.24
2025-02-19 22:00:00,2936.22,2940.64,2921.41,2923.82
2025-02-20 02:00:00,2923.77,2937.31,2918.48,2932.99
2025-02-20 06:00:00,2933.25,2942.45,2933.25,2937.06
2025-02-20 10:00:00,2937.07,2946.83,2933.87,2946.8
2025-02-20 14:00:00,2946.68,2954.96,2943.7,2951.61
2025-02-20 18:00:00,2951.61,2954.77,2933.9,2933.95
2025-02-20 22:00:00,2933.92,2946.98,2924.02,2940.55
2025-02-21 02:00:00,2940.47,2942.52,2933.59,2939.06
2025-02-21 06:00:00,2938.17,2949.68,2926.93,2928.75
2025-02-21 10:00:00,2928.79,2941.12,2924.24,2930.29
2025-02-21 14:00:00,2930.25,2933.0,2916.64,2929.32
2025-02-21 18:00:00,2929.36,2936.12,2926.85,2930.9
2025-02-21 22:00:00,2930.87,2941.72,2921.64,2939.7
2025-02-22 02:00:00,2939.7,2942.8,2932.04,2935.98
2025-02-24 06:00:00,2934.27,2940.57,2921.07,2928.16
2025-02-24 10:00:00,2927.93,2944.52,2924.98,2936.19
2025-02-24 14:00:00,2936.18,2948.84,2935.19,2944.37
2025-02-24 18:00:00,2944.31,2954.46,2934.76,2954.32
2025-02-24 22:00:00,2954.33,2956.18,2930.64,2943.42
2025-02-25 02:00:00,2943.2,2953.05,2942.78,2952.43
2025-02-25 06:00:00,2952.94,2953.67,2945.09,2949.54
2025-02-25 10:00:00,2949.48,2952.1,2934.81,2937.93
2025-02-25 14:00:00,2937.84,2942.38,2929.36,2938.92
2025-02-25 18:00:00,2938.86,2941.65,2923.98,2937.43
2025-02-25 22:00:00,2937.44,2944.78,2887.94,2907.65
2025-02-26 02:00:00,2907.66,2917.23,2905.3,2914.85
2025-02-26 06:00:00,2915.2,2929.91,2913.56,2918.0
2025-02-26 10:00:00,2918.02,2923.08,2912.43,2915.48
2025-02-26 14:00:00,2915.41,2919.11,2905.78,2913.15
2025-02-26 18:00:00,2913.14,2916.87,2905.61,2905.98
2025-02-26 22:00:00,2905.98,2916.72,2890.76,2913.78
2025-02-27 02:00:00,2913.77,2918.79,2911.87,2916.3
2025-02-27 06:00:00,2916.74,2920.75,2911.06,2912.67
2025-02-27 10:00:00,2912.68,2914.81,2888.34,2890.86
2025-02-27 14:00:00,2890.78,2898.42,2876.85,2887.37
2025-02-27 18:00:00,2887.38,2895.09,2881.21,2888.97
2025-02-27 22:00:00,2888.96,2892.41,2867.72,2883.23
2025-02-28 02:00:00,2883.23,2887.73,2871.22,2876.86
2025-02-28 06:00:00,2877.32,2885.01,2873.81,2874.75
2025-02-28 10:00:00,2874.7,2877.83,2856.68,2864.16
2025-02-28 14:00:00,2864.28,2866.58,2851.1,2862.33
2025-02-28 18:00:00,2862.32,2864.98,2848.18,2848.58
2025-02-28 22:00:00,2848.57,2853.94,2832.47,2845.15
2025-03-01 02:00:00,2845.14,2859.11,2838.01,2858.82
2025-03-03 06:00:00,2860.06,2876.77,2860.02,2870.78
2025-03-03 10:00:00,2870.77,2872.05,2859.32,2863.93
2025-03-03 14:00:00,2863.92,2871.52,2858.66,2867.51
2025-03-03 18:00:00,2867.53,2877.69,2867.32,2872.68
2025-03-03 22:00:00,2872.48,2893.11,2871.17,2890.85
2025-03-04 02:00:00,2890.88,2895.19,2878.37,2892.95
2025-03-04 06:00:00,2891.94,2893.71,2881.87,2888.17
2025-03-04 10:00:00,2888.05,2894.3,2884.7,2889.63
2025-03-04 14:00:00,2889.64,2921.14,2884.23,2918.13
2025-03-04 18:00:00,2918.08,2927.85,2911.94,2922.56
2025-03-04 22:00:00,2922.62,2922.99,2900.13,2911.53
2025-03-05 02:00:00,2911.52,2920.38,2908.17,2917.81
2025-03-05 06:00:00,2917.82,2918.12,2903.44,2907.13
2025-03-05 10:00:00,2907.2,2918.77,2901.75,2918.7
2025-03-05 14:00:00,2918.68,2922.48,2912.89,2918.87
2025-03-05 18:00:00,2918.87,2919.21,2894.29,2899.87
2025-03-05 22:00:00,2899.9,2929.97,2897.5,2916.03
2025-03-06 02:00:00,2916.0,2923.04,2911.14,2918.85
2025-03-06 06:00:00,2918.78,2925.74,2915.73,2924.72
2025-03-06 10:00:00,2924.74,2926.6,2914.33,2919.87
2025-03-06 14:00:00,2919.85,2923.06,2891.01,2894.24
2025-03-06 18:00:00,2894.23,2909.38,2891.89,2904.46
2025-03-06 22:00:00,2904.44,2922.66,2903.36,2915.52
2025-03-07 02:00:00,2915.5,2920.7,2908.36,2910.86
2025-03-07 06:00:00,2911.6,2913.55,2896.93,2906.84
2025-03-07 10:00:00,2906.84,2912.53,2901.24,2909.54
2025-03-07 14:00:00,2909.54,2922.96,2907.67,2921.55
2025-03-07 18:00:00,2921.53,2926.34,2910.43,2913.81
2025-03-07 22:00:00,2913.8,2930.27,2903.65,2908.23
2025-03-08 02:00:00,2908.05,2912.51,2902.12,2912.13
2025-03-10 06:00:00,2911.56,2918.11,2909.82,2912.12
2025-03-10 10:00:00,2912.13,2914.47,2906.89,2909.91
2025-03-10 14:00:00,2909.91,2915.42,2896.56,2911.36
2025-03-10 18:00:00,2911.31,2911.42,2895.27,2903.7
2025-03-10 22:00:00,2903.62,2910.48,2882.85,2886.12
2025-03-11 02:00:00,2886.16,2890.96,2880.15,2889.14
2025-03-11 06:00:00,2888.09,2890.91,2879.84,2890.64
2025-03-11 10:00:00,2890.61,2900.48,2889.78,2895.91
2025-03-11 14:00:00,2896.15,2912.41,2893.51,2911.82
2025-03-11 18:00:00,2911.72,2922.02,2906.67,2918.11
2025-03-11 22:00:00,2918.13,2920.72,2911.72,2917.68
2025-03-12 02:00:00,2917.7,2921.33,2915.1,2915.61
2025-03-12 06:00:00,2915.62,2919.77,2910.78,2914.88
2025-03-12 10:00:00,2914.83,2920.06,2912.02,2916.07
2025-03-12 14:00:00,2916.08,2925.23,2908.84,2914.76
2025-03-12 18:00:00,2914.57,2923.08,2905.92,2915.65
2025-03-12 22:00:00,2915.63,2940.49,2914.21,2936.16
2025-03-13 02:00:00,2936.16,2937.47,2930.83,2933.29
2025-03-13 06:00:00,2933.5,2941.33,2933.37,2937.96
2025-03-13 10:00:00,2938.01,2947.02,2937.59,2940.03
2025-03-13 14:00:00,2940.0,2948.84,2932.66,2947.66
2025-03-13 18:00:00,2947.69,2952.5,2938.87,2950.49
2025-03-13 22:00:00,2950.52,2985.23,2949.9,2979.36
2025-03-14 02:00:00,2979.29,2989.19,2978.97,2988.76
2025-03-14 06:00:00,2988.26,2990.12,2981.82,2987.78
2025-03-14 10:00:00,2987.74,2993.94,2981.84,2986.43
2025-03-14 14:00:00,2986.45,2999.47,2980.76,2998.7
2025-03-14 18:00:00,2998.67,3004.83,2982.98,2985.74
2025-03-14 22:00:00,2985.39,2993.37,2978.25,2986.51
2025-03-15 02:00:00,2986.67,2988.69,2981.71,2988.31
2025-03-17 06:00:00,2984.59,2994.14,2983.87,2990.75
2025-03-17 10:00:00,2990.8,2991.94,2982.27,2986.18
2025-03-17 14:00:00,2986.16,2996.88,2983.11,2995.63
2025-03-17 18:00:00,2995.65,3001.22,2984.67,2988.38
2025-03-17 22:00:00,2987.98,3000.48,2987.26,2997.78
2025-03-18 02:00:00,2997.79,3001.89,2996.71,3000.86
2025-03-18 06:00:00,3001.38,3008.35,2999.39,3005.75
2025-03-18 10:00:00,3005.77,3017.2,3002.93,3011.96
2025-03-18 14:00:00,3011.96,3028.47,3010.38,3020.3
2025-03-18 18:00:00,3020.06,3038.1,3019.66,3033.29
2025-03-18 22:00:00,3033.11,3036.87,3024.41,3032.6
2025-03-19 02:00:00,3032.61,3038.03,3032.32,3033.83
2025-03-19 06:00:00,3033.92,3034.99,3027.32,3029.53
2025-03-19 10:00:00,3029.42,3045.31,3029.13,3044.38
2025-03-19 14:00:00,3044.39,3044.79,3022.48,3030.3
2025-03-19 18:00:00,3030.29,3041.09,3027.64,3033.22
2025-03-19 22:00:00,3033.18,3038.41,3025.69,3029.92
2025-03-20 02:00:00,3029.89,3051.72,3029.25,3047.16
2025-03-20 06:00:00,3048.55,3056.16,3046.85,3049.68
2025-03-20 10:00:00,3049.65,3057.42,3044.9,3046.99
2025-03-20 14:00:00,3047.0,3051.43,3038.69,3041.46
2025-03-20 18:00:00,3041.45,3042.29,3025.77,3032.9
2025-03-20 22:00:00,3032.87,3043.17,3030.63,3041.67
2025-03-21 02:00:00,3041.77,3045.97,3040.8,3044.61
2025-03-21 06:00:00,3044.78,3047.51,3035.71,3035.82
2025-03-21 10:00:00,3035.84,3037.01,3021.57,3028.14
2025-03-21 14:00:00,3028.19,3034.82,3027.18,3029.54
2025-03-21 18:00:00,3029.5,3038.24,3004.26,3006.65
2025-03-21 22:00:00,3006.45,3018.23,2999.11,3013.79
2025-03-22 02:00:00,3013.78,3024.11,3013.49,3023.03
2025-03-24 06:00:00,3023.82,3026.44,3017.02,3020.94
2025-03-24 10:00:00,3021.13,3024.31,3013.77,3021.99
2025-03-24 14:00:00,3022.06,3030.95,3017.19,3023.63
2025-03-24 18:00:00,3023.67,3033.33,3019.06,3022.45
2025-03-24 22:00:00,3022.26,3024.09,3005.78,3007.06
2025-03-25 02:00:00,3007.06,3014.27,3002.45,3011.88
2025-03-25 06:00:00,3011.05,3014.91,3008.9,3011.76
2025-03-25 10:00:00,3011.76,3021.0,3007.41,3018.23
2025-03-25 14:00:00,3018.3,3023.42,3010.5,3023.26
2025-03-25 18:00:00,3023.18,3030.51,3014.25,3028.77
2025-03-25 22:00:00,3028.79,3035.96,3017.65,3022.7
2025-03-26 02:00:00,3022.64,3022.81,3017.7,3019.81
2025-03-26 06:00:00,3019.47,3025.48,3016.34,3024.75
2025-03-26 10:00:00,3024.78,3027.13,3013.06,3022.59
2025-03-26 14:00:00,3022.48,3032.01,3017.56,3018.7
2025-03-26 18:00:00,3018.71,3030.35,3015.98,3016.66
2025-03-26 22:00:00,3016.54,3021.71,3012.0,3018.61
2025-03-27 02:00:00,3018.6,3021.81,3015.75,3019.14
2025-03-27 06:00:00,3019.31,3028.21,3017.53,3023.65
2025-03-27 10:00:00,3023.66,3038.54,3023.29,3029.76
2025-03-27 14:00:00,3029.75,3041.06,3026.68,3039.9
2025-03-27 18:00:00,3039.9,3055.93,3033.3,3040.62
2025-03-27 22:00:00,3040.59,3059.62,3040.59,3052.8
2025-03-28 02:00:00,3052.77,3057.84,3052.68,3056.72
2025-03-28 06:00:00,3055.9,3074.08,3054.15,3073.92
2025-03-28 10:00:00,3073.8,3082.11,3069.56,3077.87
2025-03-28 14:00:00,3077.88,3085.98,3065.81,3072.84
2025-03-28 18:00:00,3072.88,3083.98,3067.43,3083.28
2025-03-28 22:00:00,3083.05,3086.74,3067.39,3077.4
2025-03-29 02:00:00,3077.43,3085.88,3073.51,3083.97
2025-03-31 06:00:00,3087.9,3097.55,3076.68,3094.8
2025-03-31 10:00:00,3094.79,3119.69,3093.9,3116.49
2025-03-31 14:00:00,3116.16,3127.71,3111.83,3114.93
2025-03-31 18:00:00,3115.02,3126.39,3099.75,3113.57
2025-03-31 22:00:00,3113.5,3127.09,3110.88,3117.9
2025-04-01 02:00:00,3117.89,3124.76,3117.27,3123.99
2025-04-01 06:00:00,3124.73,3138.0,3119.9,3135.45
2025-04-01 10:00:00,3135.49,3148.94,3130.6,3131.97
2025-04-01 14:00:00,3132.16,3138.16,3123.99,3132.25
2025-04-01 18:00:00,3132.39,3138.97,3127.52,3134.02
2025-04-01 22:00:00,3133.93,3135.38,3100.78,3113.65
2025-04-02 02:00:00,3113.69,3120.73,3113.17,3114.06
2025-04-02 06:00:00,3114.01,3135.19,3107.68,3133.0
2025-04-02 10:00:00,3133.06,3135.6,3109.79,3118.12
2025-04-02 14:00:00,3118.1,3133.83,3111.85,3131.11
2025-04-02 18:00:00,3131.12,3132.15,3110.13,3121.94
2025-04-02 22:00:00,3121.9,3134.34,3119.25,3123.63
2025-04-03 02:00:00,3123.59,3141.91,3105.1,3130.97
2025-04-03 06:00:00,3131.52,3167.68,3123.34,3153.5
2025-04-03 10:00:00,3153.31,3155.42,3123.87,3131.87
2025-04-03 14:00:00,3131.89,3134.04,3116.69,3121.44
2025-04-03 18:00:00,3121.54,3123.06,3054.07,3085.82
2025-04-03 22:00:00,3086.96,3135.6,3086.96,3109.56
2025-04-04 02:00:00,3109.46,3119.29,3101.49,3114.27
2025-04-04 06:00:00,3114.01,3116.72,3105.84,3109.84
2025-04-04 10:00:00,3109.83,3112.94,3086.82,3108.86
2025-04-04 14:00:00,3108.89,3109.9,3078.36,3090.64
2025-04-04 18:00:00,3090.66,3136.35,3059.71,3061.73
2025-04-04 22:00:00,3061.73,3061.73,3015.69,3025.74
2025-04-05 02:00:00,3025.73,3041.01,3017.85,3036.78
2025-04-07 06:00:00,3028.8,3054.63,2970.65,3038.37
2025-04-07 10:00:00,3038.42,3055.42,3017.06,3031.73
2025-04-07 14:00:00,3031.64,3035.44,3013.27,3024.9
2025-04-07 18:00:00,3024.93,3046.03,3001.95,3015.39
2025-04-07 22:00:00,3015.3,3037.86,2956.57,2970.1
2025-04-08 02:00:00,2970.08,2986.15,2964.02,2981.85
2025-04-08 06:00:00,2982.28,3003.14,2978.42,2999.8
2025-04-08 10:00:00,2999.76,3008.43,2990.53,3005.63
2025-04-08 14:00:00,3005.32,3015.72,2994.9,3006.82
2025-04-08 18:00:00,3006.78,3022.7,3002.21,3010.18
2025-04-08 22:00:00,3010.01,3018.26,2974.83,2985.14
2025-04-09 02:00:00,2985.14,2992.0,2976.63,2982.02
2025-04-09 06:00:00,2983.85,3009.82,2970.1,3008.58
2025-04-09 10:00:00,3008.58,3020.35,2999.44,3015.62
2025-04-09 14:00:00,3015.53,3052.21,3014.84,3045.04
2025-04-09 18:00:00,3045.02,3078.04,3035.99,3075.04
2025-04-09 22:00:00,3074.98,3098.9,3050.93,3059.69
2025-04-10 02:00:00,3059.7,3099.53,3048.56,3082.77
2025-04-10 06:00:00,3080.68,3101.27,3071.4,3094.15
2025-04-10 10:00:00,3094.19,3132.52,3094.0,3122.27
2025-04-10 14:00:00,3122.05,3126.54,3103.16,3116.5
2025-04-10 18:00:00,3116.63,3136.45,3113.19,3117.08
2025-04-10 22:00:00,3117.23,3175.05,3116.9,3162.68
2025-04-11 02:00:00,3162.81,3176.43,3158.0,3175.38
2025-04-11 06:00:00,3176.87,3219.61,3175.95,3207.15
2025-04-11 10:00:00,3207.2,3220.04,3187.39,3195.9
2025-04-11 14:00:00,3195.92,3230.18,3190.19,3227.69
2025-04-11 18:00:00,3227.79,3244.2,3210.03,3223.66
2025-04-11 22:00:00,3223.85,3245.13,3219.67,3233.95
2025-04-12 02:00:00,3234.0,3238.3,3227.48,3237.94
2025-04-14 06:00:00,3219.1,3243.56,3209.81,3239.76
2025-04-14 10:00:00,3239.75,3245.67,3221.25,3234.55
2025-04-14 14:00:00,3234.5,3238.02,3216.48,3223.89
2025-04-14 18:00:00,3223.88,3227.8,3193.65,3204.7
2025-04-14 22:00:00,3204.69,3216.38,3195.45,3214.07
2025-04-15 02:00:00,3214.11,3214.82,3201.42,3210.66
2025-04-15 06:00:00,3211.92,3225.99,3209.77,3223.62
2025-04-15 10:00:00,3223.64,3232.62,3218.79,3224.65
2025-04-15 14:00:00,3224.66,3232.15,3217.24,3222.59
2025-04-15 18:00:00,3222.61,3226.95,3211.66,3212.98
2025-04-15 22:00:00,3212.95,3230.64,3212.95,3227.86
2025-04-16 02:00:00,3227.91,3233.66,3225.58,3229.43
2025-04-16 06:00:00,3230.45,3274.99,3229.68,3269.99
2025-04-16 10:00:00,3270.01,3291.81,3266.23,3289.74
2025-04-16 14:00:00,3289.88,3317.78,3286.13,3303.47
2025-04-16 18:00:00,3303.52,3316.49,3292.91,3311.52
2025-04-16 22:00:00,3311.62,3332.99,3305.19,3327.55
2025-04-17 02:00:00,3328.0,3342.85,3326.34,3342.79
2025-04-17 06:00:00,3343.17,3357.78,3320.47,3324.04
2025-04-17 10:00:00,3324.01,3345.5,3321.01,3329.48
2025-04-17 14:00:00,3329.48,3332.96,3312.5,3321.66
2025-04-17 18:00:00,3321.54,3341.67,3312.04,3315.18
2025-04-17 22:00:00,3315.0,3322.51,3283.79,3319.05
2025-04-18 02:00:00,3319.07,3328.7,3310.84,3327.12
2025-04-21 06:00:00,3331.29,3378.61,3328.96,3377.59
2025-04-21 10:00:00,3377.6,3385.97,3369.27,3385.52
2025-04-21 14:00:00,3385.55,3397.14,3381.79,3394.74
2025-04-21 18:00:00,3394.81,3426.81,3386.55,3420.42
2025-04-21 22:00:00,3420.39,3430.36,3406.01,3422.31
2025-04-22 02:00:00,3422.43,3430.39,3417.54,3424.13
2025-04-22 06:00:00,3423.85,3455.04,3412.23,3452.95
2025-04-22 10:00:00,3452.99,3495.53,3442.29,3494.12
2025-04-22 14:00:00,3494.34,3499.97,3443.15,3454.54
2025-04-22 18:00:00,3454.49,3468.28,3408.56,3418.63
2025-04-22 22:00:00,3418.62,3438.83,3372.09,3401.87
2025-04-23 02:00:00,3401.88,3402.55,3366.71,3381.0
2025-04-23 06:00:00,3321.96,3386.56,3315.54,3379.11
2025-04-23 10:00:00,3378.9,3379.89,3316.0,3319.23
2025-04-23 14:00:00,3319.26,3340.5,3291.75,3317.61
2025-04-23 18:00:00,3317.48,3339.31,3271.22,3277.18
2025-04-23 22:00:00,3277.19,3305.61,3259.96,3281.26
2025-04-24 02:00:00,3281.35,3297.18,3277.8,3288.35
2025-04-24 06:00:00,3290.74,3367.23,3290.74,3357.24
2025-04-24 10:00:00,3357.16,3363.35,3320.4,3323.7
2025-04-24 14:00:00,3323.62,3342.68,3314.68,3335.65
2025-04-24 18:00:00,3335.66,3344.69,3312.28,3315.34
2025-04-24 22:00:00,3315.37,3338.68,3306.33,3336.81
2025-04-25 02:00:00,3336.77,3350.01,3333.34,3348.68
2025-04-25 06:00:00,3354.47,3370.97,3340.56,3345.67
2025-04-25 10:00:00,3345.7,3354.33,3286.5,3294.55
2025-04-25 14:00:00,3294.24,3314.39,3287.59,3292.15
2025-04-25 18:00:00,3292.08,3306.41,3265.05,3280.88
2025-04-25 22:00:00,3280.52,3295.19,3270.17,3293.18
2025-04-26 02:00:00,3293.23,3316.43,3287.85,3316.31
2025-04-28 06:00:00,3329.58,3331.25,3279.13,3280.92
2025-04-28 10:00:00,3281.28,3300.99,3267.98,3294.89
2025-04-28 14:00:00,3294.98,3296.6,3274.53,3274.57
2025-04-28 18:00:00,3274.58,3302.33,3273.09,3293.21
2025-04-28 22:00:00,3293.34,3340.04,3293.34,3335.4
2025-04-29 02:00:00,3335.41,3353.06,3333.91,3344.13
2025-04-29 06:00:00,3345.19,3348.61,3322.64,3326.54
2025-04-29 10:00:00,3326.44,3333.88,3305.23,3310.35
2025-04-29 14:00:00,3310.3,3324.89,3308.53,3309.25
2025-04-29 18:00:00,3309.12,3321.35,3299.42,3306.67
2025-04-29 22:00:00,3306.92,3330.01,3299.57,3314.43
2025-04-30 02:00:00,3314.41,3325.05,3313.14,3316.93
2025-04-30 06:00:00,3315.82,3328.01,3307.66,3307.98
2025-04-30 10:00:00,3307.73,3314.61,3301.22,3309.48
2025-04-30 14:00:00,3309.57,3314.72,3275.11,3275.87
2025-04-30 18:00:00,3275.86,3319.72,3266.58,3309.13
2025-04-30 22:00:00,3308.95,3314.71,3292.86,3305.11
2025-05-01 02:00:00,3305.14,3307.8,3283.2,3288.61
2025-05-01 06:00:00,3287.66,3290.04,3234.4,3238.89
2025-05-01 10:00:00,3238.92,3251.77,3221.34,3236.66
2025-05-01 14:00:00,3236.68,3243.21,3215.61,3218.52
2025-05-01 18:00:00,3218.58,3233.33,3201.67,3224.92
2025-05-01 22:00:00,3223.98,3231.54,3204.67,3214.55
2025-05-02 02:00:00,3214.56,3239.61,3212.77,3237.61
2025-05-02 06:00:00,3240.73,3244.3,3227.48,3236.52
2025-05-02 10:00:00,3236.56,3258.66,3235.82,3251.67
2025-05-02 14:00:00,3251.73,3266.99,3246.28,3265.33
2025-05-02 18:00:00,3265.38,3269.17,3239.32,3250.37
2025-05-02 22:00:00,3250.31,3264.51,3222.64,3231.42
2025-05-03 02:00:00,3231.43,3241.2,3224.33,3240.62
2025-05-05 06:00:00,3241.79,3270.97,3237.67,3264.68
2025-05-05 10:00:00,3264.79,3272.37,3253.14,3259.7
2025-05-05 14:00:00,3259.73,3308.89,3256.73,3308.71
2025-05-05 18:00:00,3308.81,3322.55,3308.5,3315.57
2025-05-05 22:00:00,3313.21,3328.47,3305.57,3317.05
2025-05-06 02:00:00,3316.98,3337.52,3313.98,3333.56
2025-05-06 06:00:00,3335.68,3381.44,3323.09,3379.54
2025-05-06 10:00:00,3380.09,3387.0,3350.09,3361.95
2025-05-06 14:00:00,3361.18,3383.17,3358.65,3383.12
2025-05-06 18:00:00,3383.14,3397.62,3373.09,3391.78
2025-05-06 22:00:00,3391.79,3417.78,3377.95,3414.07
2025-05-07 02:00:00,3413.94,3434.68,3410.14,3430.51
2025-05-07 06:00:00,3425.84,3430.24,3360.0,3374.65
2025-05-07 10:00:00,3374.63,3393.81,3369.61,3387.8
2025-05-07 14:00:00,3387.83,3397.48,3369.68,3370.16
2025-05-07 18:00:00,3370.04,3398.05,3369.32,3394.37
2025-05-07 22:00:00,3394.4,3394.7,3375.36,3384.4
2025-05-08 02:00:00,3384.65,3397.87,3363.42,3364.24
2025-05-08 06:00:00,3366.96,3409.68,3366.74,3408.73
2025-05-08 10:00:00,3408.44,3414.7,3354.38,3354.91
2025-05-08 14:00:00,3355.1,3361.82,3319.97,3332.02
2025-05-08 18:00:00,3332.0,3369.5,3330.35,3356.07
2025-05-08 22:00:00,3356.11,3362.89,3297.55,3308.35
2025-05-09 02:00:00,3308.33,3310.96,3288.76,3305.78
2025-05-09 06:00:00,3307.84,3324.01,3286.66,3291.25
2025-05-09 10:00:00,3291.27,3330.34,3274.81,3321.6
2025-05-09 14:00:00,3321.6,3332.32,3315.35,3325.1
2025-05-09 18:00:00,3324.97,3340.44,3321.89,3330.79
2025-05-09 22:00:00,3330.76,3347.48,3320.26,3340.84
2025-05-10 02:00:00,3340.86,3342.99,3325.17,3325.42
2025-05-12 06:00:00,3287.71,3291.71,3258.72,3271.92
2025-05-12 10:00:00,3271.91,3284.74,3268.43,3276.09
2025-05-12 14:00:00,3276.09,3281.57,3212.96,3215.25
2025-05-12 18:00:00,3215.22,3248.6,3207.71,3240.61
2025-05-12 22:00:00,3240.3,3247.81,3221.12,3223.26
2025-05-13 02:00:00,3223.26,3238.84,3220.28,3234.72
2025-05-13 06:00:00,3238.96,3243.37,3215.51,3225.11
2025-05-13 10:00:00,3225.17,3260.62,3223.14,3256.56
2025-05-13 14:00:00,3256.86,3265.43,3247.25,3253.41
2025-05-13 18:00:00,3253.4,3258.58,3227.14,3227.42
2025-05-13 22:00:00,3227.35,3257.87,3225.26,3247.13
2025-05-14 02:00:00,3247.13,3254.88,3245.74,3250.12
2025-05-14 06:00:00,3252.02,3257.01,3237.04,3238.72
2025-05-14 10:00:00,3238.63,3241.51,3221.33,3233.86
2025-05-14 14:00:00,3233.93,3243.7,3224.2,3232.3
2025-05-14 18:00:00,3232.28,3239.13,3174.89,3191.46
2025-05-14 22:00:00,3191.44,3194.23,3173.48,3181.82
2025-05-15 02:00:00,3181.83,3183.26,3167.67,3177.43
2025-05-15 06:00:00,3178.06,3192.69,3171.07,3172.43
2025-05-15 10:00:00,3172.46,3175.59,3123.65,3128.92
2025-05-15 14:00:00,3128.96,3171.7,3120.44,3165.35
2025-05-15 18:00:00,3165.21,3199.64,3164.04,3192.18
2025-05-15 22:00:00,3192.23,3229.09,3190.46,3221.11
2025-05-16 02:00:00,3221.2,3240.62,3219.7,3239.9
2025-05-16 06:00:00,3239.29,3252.27,3215.12,3222.24
2025-05-16 10:00:00,3222.04,3227.34,3206.57,3218.51
2025-05-16 14:00:00,3218.67,3231.23,3195.57,3209.26
2025-05-16 18:00:00,3209.29,3211.07,3154.11,3180.25
2025-05-16 22:00:00,3180.35,3192.25,3165.55,3189.47
2025-05-17 02:00:00,3189.59,3202.85,3184.78,3201.36
2025-05-19 06:00:00,3212.17,3249.79,3206.23,3218.39
2025-05-19 10:00:00,3218.27,3230.58,3206.58,3224.09
2025-05-19 14:00:00,3224.15,3247.5,3220.37,3241.93
2025-05-19 18:00:00,3241.94,3248.4,3224.43,3230.07
2025-05-19 22:00:00,3230.1,3239.78,3217.06,3226.34
2025-05-20 02:00:00,3226.32,3235.84,3225.32,3230.17
2025-05-20 06:00:00,3228.87,3232.75,3214.1,3221.11
2025-05-20 10:00:00,3221.33,3223.08,3204.57,3213.9
2025-05-20 14:00:00,3213.5,3239.41,3207.8,3236.33
2025-05-20 18:00:00,3236.31,3261.71,3231.87,3261.09
2025-05-20 22:00:00,3261.37,3287.93,3260.38,3286.42
2025-05-21 02:00:00,3286.47,3295.7,3284.12,3289.89
2025-05-21 06:00:00,3291.3,3314.24,3285.4,3294.55
2025-05-21 10:00:00,3294.52,3319.72,3289.49,3316.35
2025-05-21 14:00:00,3316.59,3320.64,3303.91,3313.61
2025-05-21 18:00:00,3313.69,3318.29,3290.39,3303.65
2025-05-21 22:00:00,3303.36,3316.35,3295.27,3316.29
2025-05-22 02:00:00,3316.3,3324.89,3311.86,3315.09
2025-05-22 06:00:00,3319.25,3342.94,3315.58,3338.02
2025-05-22 10:00:00,3337.67,3345.35,3326.25,3332.28
2025-05-22 14:00:00,3332.27,3335.7,3304.0,3304.75
2025-05-22 18:00:00,3304.69,3315.82,3282.96,3287.75
2025-05-22 22:00:00,3287.74,3305.01,3279.18,3296.53
2025-05-23 02:00:00,3296.51,3298.9,3289.05,3294.81
2025-05-23 06:00:00,3295.46,3308.89,3286.92,3305.25
2025-05-23 10:00:00,3305.37,3325.66,3290.96,3323.87
2025-05-23 14:00:00,3323.89,3334.49,3322.62,3328.69
2025-05-23 18:00:00,3328.67,3364.71,3323.57,3340.08
2025-05-23 22:00:00,3340.1,3365.88,3336.52,3362.78
2025-05-24 02:00:00,3362.77,3365.85,3356.75,3360.07
2025-05-26 06:00:00,3352.87,3356.25,3331.55,3345.11
2025-05-26 10:00:00,3345.06,3356.59,3343.35,3347.47
2025-05-26 14:00:00,3347.46,3347.61,3323.56,3328.72
2025-05-26 18:00:00,3328.71,3339.07,3326.3,3338.33
2025-05-26 22:00:00,3338.34,3343.69,3335.56,3341.28
2025-05-27 02:00:00,3341.31,3343.22,3341.01,3342.19
2025-05-27 06:00:00,3343.45,3349.87,3331.95,3335.88
2025-05-27 10:00:00,3335.91,3347.32,3315.57,3323.46
2025-05-27 14:00:00,3323.49,3328.35,3292.27,3296.38
2025-05-27 18:00:00,3296.28,3304.63,3287.69,3295.27
2025-05-27 22:00:00,3295.14,3304.37,3285.13,3301.32
2025-05-28 02:00:00,3301.35,3308.06,3299.12,3300.51
2025-05-28 06:00:00,3301.67,3315.88,3297.06,3301.85
2025-05-28 10:00:00,3301.86,3313.55,3291.42,3307.35
2025-05-28 14:00:00,3307.39,3325.51,3298.46,3324.11
2025-05-28 18:00:00,3324.12,3324.68,3297.51,3305.18
2025-05-28 22:00:00,3305.19,3309.11,3288.62,3296.75
2025-05-29 02:00:00,3296.64,3302.97,3276.55,3288.45
2025-05-29 06:00:00,3286.59,3294.76,3245.46,3263.66
2025-05-29 10:00:00,3263.75,3279.95,3261.16,3272.61
2025-05-29 14:00:00,3272.61,3289.39,3268.04,3282.17
2025-05-29 18:00:00,3282.18,3321.97,3282.02,3312.35
2025-05-29 22:00:00,3312.6,3330.96,3304.88,3324.32
2025-05-30 02:00:00,3324.14,3325.71,3315.27,3317.65
2025-05-30 06:00:00,3319.51,3322.77,3308.07,3309.98
2025-05-30 10:00:00,3309.76,3312.25,3289.93,3303.93
2025-05-30 14:00:00,3303.8,3304.24,3287.16,3295.69
2025-05-30 18:00:00,3295.7,3308.16,3274.98,3276.78
2025-05-30 22:00:00,3277.16,3295.67,3271.18,3291.05
2025-05-31 02:00:00,3291.06,3295.79,3289.81,3291.15
2025-06-02 06:00:00,3298.03,3316.57,3298.03,3303.72
2025-06-02 10:00:00,3303.74,3325.6,3303.24,3323.59
2025-06-02 14:00:00,3323.61,3359.13,3323.61,3348.4
2025-06-02 18:00:00,3348.41,3376.25,3344.64,3371.03
2025-06-02 22:00:00,3374.53,3379.36,3367.51,3374.34
2025-06-03 02:00:00,3374.34,3382.95,3370.86,3381.68
2025-06-03 06:00:00,3383.66,3392.18,3363.32,3372.83
2025-06-03 10:00:00,3372.78,3378.11,3356.15,3365.02
2025-06-03 14:00:00,3365.26,3367.39,3351.09,3356.92
2025-06-03 18:00:00,3356.91,3363.17,3340.84,3345.73
2025-06-03 22:00:00,3345.92,3354.6,3333.18,3353.22
2025-06-04 02:00:00,3353.25,3355.53,3350.37,3353.41
2025-06-04 06:00:00,3355.56,3372.44,3346.26,3370.65
2025-06-04 10:00:00,3370.83,3372.64,3347.84,3350.98
2025-06-04 14:00:00,3351.1,3365.1,3349.11,3362.9
2025-06-04 18:00:00,3362.91,3363.99,3343.43,3352.76
2025-06-04 22:00:00,3352.62,3384.58,3351.08,3379.17
2025-06-05 02:00:00,3379.19,3382.2,3370.65,3372.32
2025-06-05 06:00:00,3373.13,3384.2,3370.41,3373.81
2025-06-05 10:00:00,3373.71,3377.27,3361.12,3364.25
2025-06-05 14:00:00,3364.26,3391.27,3363.78,3389.55
2025-06-05 18:00:00,3389.47,3403.57,3370.99,3378.23
2025-06-05 22:00:00,3378.55,3383.31,3339.27,3354.01
2025-06-06 02:00:00,3354.03,3361.29,3350.44,3352.61
2025-06-06 06:00:00,3354.47,3368.66,3353.13,3363.92
2025-06-06 10:00:00,3363.93,3375.49,3359.27,3366.22
2025-06-06 14:00:00,3366.12,3367.8,3352.74,3356.82
2025-06-06 18:00:00,3356.74,3364.36,3342.46,3343.22
2025-06-06 22:00:00,3343.2,3345.0,3316.32,3323.51
2025-06-07 02:00:00,3323.52,3323.91,3307.12,3311.93
2025-06-09 06:00:00,3315.33,3321.11,3294.63,3295.82
2025-06-09 10:00:00,3295.91,3316.61,3293.22,3314.72
2025-06-09 14:00:00,3314.71,3328.58,3312.35,3318.59
2025-06-09 18:00:00,3318.6,3322.49,3310.63,3319.31
2025-06-09 22:00:00,3319.24,3338.29,3316.03,3333.58
2025-06-10 02:00:00,3333.57,3337.02,3325.0,3325.58
2025-06-10 06:00:00,3326.92,3328.0,3302.88,3306.21
2025-06-10 10:00:00,3306.09,3319.19,3301.74,3317.57
2025-06-10 14:00:00,3317.81,3335.01,3315.34,3329.79
2025-06-10 18:00:00,3329.79,3349.11,3328.27,3343.58
2025-06-10 22:00:00,3343.56,3343.76,3319.68,3324.84
2025-06-11 02:00:00,3324.86,3334.55,3319.19,3322.52
2025-06-11 06:00:00,3321.42,3337.5,3315.56,3328.41
2025-06-11 10:00:00,3328.54,3343.18,3327.08,3339.61
2025-06-11 14:00:00,3339.68,3348.54,3330.94,3333.73
2025-06-11 18:00:00,3333.91,3360.73,3326.19,3329.9
2025-06-11 22:00:00,3329.41,3342.73,3319.35,3324.31
2025-06-12 02:00:00,3324.37,3355.69,3323.8,3355.14
2025-06-12 06:00:00,3358.36,3376.99,3356.06,3371.16
2025-06-12 10:00:00,3371.01,3377.79,3367.54,3374.55
2025-06-12 14:00:00,3374.52,3375.67,3338.78,3365.46
2025-06-12 18:00:00,3365.48,3398.88,3362.55,3392.2
2025-06-12 22:00:00,3392.09,3392.99,3377.8,3382.51
2025-06-13 02:00:00,3382.51,3389.25,3381.94,3386.97
2025-06-13 06:00:00,3386.13,3433.26,3379.71,3427.66
2025-06-13 10:00:00,3427.4,3444.51,3418.07,3426.1
2025-06-13 14:00:00,3426.07,3428.68,3407.84,3424.39
2025-06-13 18:00:00,3424.39,3446.76,3411.66,3436.94
2025-06-13 22:00:00,3436.5,3440.0,3419.26,3430.32
2025-06-14 02:00:00,3430.39,3439.44,3428.6,3432.55
2025-06-16 06:00:00,3442.76,3451.34,3433.09,3441.53
2025-06-16 10:00:00,3441.58,3446.29,3417.51,3421.46
2025-06-16 14:00:00,3421.47,3421.48,3409.16,3412.09
2025-06-16 18:00:00,3412.09,3422.69,3382.61,3387.76
2025-06-16 22:00:00,3388.09,3405.82,3387.51,3392.8
2025-06-17 02:00:00,3392.72,3394.05,3382.9,3385.38
2025-06-17 06:00:00,3386.4,3403.35,3386.25,3393.73
2025-06-17 10:00:00,3393.76,3400.48,3373.68,3392.69
2025-06-17 14:00:00,3392.59,3392.59,3375.61,3385.54
2025-06-17 18:00:00,3385.53,3400.19,3383.4,3390.72
2025-06-17 22:00:00,3390.24,3391.91,3366.28,3390.3
2025-06-18 02:00:00,3390.42,3392.52,3382.33,3388.63
2025-06-18 06:00:00,3392.22,3396.16,3378.48,3379.02
2025-06-18 10:00:00,3379.01,3400.01,3370.42,3386.51
2025-06-18 14:00:00,3386.58,3388.46,3375.19,3378.22
2025-06-18 18:00:00,3378.21,3396.7,3375.68,3392.32
2025-06-18 22:00:00,3392.19,3394.6,3373.67,3385.2
2025-06-19 02:00:00,3384.96,3395.6,3362.41,3369.42
2025-06-19 06:00:00,3370.71,3387.8,3369.85,3374.87
2025-06-19 10:00:00,3374.88,3379.52,3360.35,3364.7
2025-06-19 14:00:00,3364.69,3373.67,3347.34,3370.33
2025-06-19 18:00:00,3370.38,3379.02,3361.28,3369.58
2025-06-19 22:00:00,3369.49,3375.43,3361.55,3368.28
2025-06-20 02:00:00,3368.22,3371.43,3366.72,3370.35
2025-06-20 06:00:00,3369.16,3370.51,3356.18,3356.44
2025-06-20 10:00:00,3356.42,3360.6,3342.47,3344.68
2025-06-20 14:00:00,3344.57,3359.25,3340.04,3355.34
2025-06-20 18:00:00,3355.43,3373.86,3341.85,3370.35
2025-06-20 22:00:00,3370.35,3374.49,3365.23,3367.51
2025-06-21 02:00:00,3367.55,3370.75,3364.49,3368.99
2025-06-23 06:00:00,3391.29,3394.68,3351.84,3355.29
2025-06-23 10:00:00,3355.36,3366.2,3347.13,3356.75
2025-06-23 14:00:00,3356.75,3369.06,3351.52,3366.64
2025-06-23 18:00:00,3366.63,3387.68,3355.72,3380.73
2025-06-23 22:00:00,3380.6,3393.42,3369.83,3382.46
2025-06-24 02:00:00,3382.51,3387.6,3367.27,3369.24
2025-06-24 06:00:00,3368.31,3368.81,3333.18,3347.7
2025-06-24 10:00:00,3347.77,3357.81,3326.8,3332.16
2025-06-24 14:00:00,3332.29,3333.14,3315.94,3318.45
2025-06-24 18:00:00,3318.47,3328.99,3295.41,3302.16
2025-06-24 22:00:00,3302.12,3321.25,3298.77,3318.05
2025-06-25 02:00:00,3318.05,3325.16,3315.76,3323.13
2025-06-25 06:00:00,3324.06,3334.9,3320.9,3334.54
2025-06-25 10:00:00,3334.59,3335.25,3325.71,3331.66
2025-06-25 14:00:00,3331.69,3336.99,3321.45,3325.27
2025-06-25 18:00:00,3325.18,3329.54,3311.8,3314.58
2025-06-25 22:00:00,3314.56,3335.35,3312.03,3327.95
2025-06-26 02:00:00,3327.95,3336.09,3326.18,3332.18
2025-06-26 06:00:00,3334.67,3340.03,3329.23,3330.12
2025-06-26 10:00:00,3330.39,3343.27,3329.36,3334.06
2025-06-26 14:00:00,3334.23,3350.28,3330.85,3340.65
2025-06-26 18:00:00,3340.66,3344.07,3309.54,3319.82
2025-06-26 22:00:00,3319.73,3336.32,3311.63,3332.61
2025-06-27 02:00:00,3332.79,3334.9,3327.51,3327.89
2025-06-27 06:00:00,3327.17,3327.57,3313.12,3316.43
2025-06-27 10:00:00,3316.41,3320.45,3289.41,3297.41
2025-06-27 14:00:00,3297.4,3299.76,3281.96,3282.77
2025-06-27 18:00:00,3282.79,3290.94,3255.55,3274.35
2025-06-27 22:00:00,3274.39,3282.87,3263.43,3277.37
2025-06-28 02:00:00,3277.38,3278.45,3268.44,3274.65
2025-06-30 06:00:00,3280.46,3280.69,3246.35,3273.9
2025-06-30 10:00:00,3273.91,3291.49,3273.72,3288.99
2025-06-30 14:00:00,3288.98,3296.86,3277.41,3287.82
2025-06-30 18:00:00,3287.84,3289.01,3274.62,3284.86
2025-06-30 22:00:00,3285.14,3298.46,3279.27,3294.05
2025-07-01 02:00:00,3294.07,3309.44,3292.54,3302.95
2025-07-01 06:00:00,3303.12,3321.01,3302.36,3317.87
2025-07-01 10:00:00,3317.73,3332.35,3314.34,3328.54
2025-07-01 14:00:00,3328.63,3348.0,3325.13,3345.76
2025-07-01 18:00:00,3345.77,3358.05,3344.12,3351.79
2025-07-01 22:00:00,3350.89,3354.36,3336.95,3339.8
2025-07-02 02:00:00,3339.66,3340.39,3336.89,3339.02
2025-07-02 06:00:00,3337.59,3345.04,3330.86,3332.3
2025-07-02 10:00:00,3332.14,3343.89,3328.31,3338.73
2025-07-02 14:00:00,3338.76,3342.39,3327.56,3341.72
2025-07-02 18:00:00,3341.67,3351.19,3334.73,3337.45
2025-07-02 22:00:00,3337.59,3350.51,3333.92,3349.65
2025-07-03 02:00:00,3349.64,3360.04,3348.47,3356.98
2025-07-03 06:00:00,3358.87,3365.77,3341.89,3346.11
2025-07-03 10:00:00,3346.11,3360.38,3345.39,3359.3
2025-07-03 14:00:00,3359.42,3363.65,3343.83,3345.64
2025-07-03 18:00:00,3345.65,3355.54,3311.42,3332.23
2025-07-03 22:00:00,3332.2,3334.92,3323.1,3329.14
2025-07-04 02:00:00,3329.12,3330.26,3325.18,3326.11
2025-07-04 06:00:00,3326.22,3334.35,3323.61,3330.01
2025-07-04 10:00:00,3329.9,3342.24,3326.1,3339.61
2025-07-04 14:00:00,3339.72,3345.13,3333.02,3334.59
2025-07-04 18:00:00,3334.58,3338.21,3331.49,3333.78
2025-07-04 22:00:00,3333.72,3337.41,3330.83,3337.13
2025-07-07 06:00:00,3337.36,3342.68,3306.62,3316.66
2025-07-07 10:00:00,3316.69,3317.78,3305.04,3313.39
2025-07-07 14:00:00,3313.24,3315.31,3300.68,3309.0
2025-07-07 18:00:00,3309.06,3317.13,3296.5,3316.52
2025-07-07 22:00:00,3316.73,3335.88,3313.36,3332.15
2025-07-08 02:00:00,3332.07,3340.33,3328.4,3336.32
2025-07-08 06:00:00,3339.55,3345.83,3329.59,3334.85
2025-07-08 10:00:00,3334.85,3338.12,3327.21,3334.0
2025-07-08 14:00:00,3334.0,3339.43,3320.97,3322.13
2025-07-08 18:00:00,3322.12,3329.9,3314.79,3315.21
2025-07-08 22:00:00,3315.08,3315.81,3286.69,3306.09
2025-07-09 02:00:00,3306.05,3308.12,3299.46,3301.71
2025-07-09 06:00:00,3302.93,3307.91,3297.08,3301.66
2025-07-09 10:00:00,3301.61,3302.91,3284.59,3289.46
2025-07-09 14:00:00,3289.51,3295.94,3282.41,3289.23
2025-07-09 18:00:00,3289.09,3305.14,3283.19,3300.34
2025-07-09 22:00:00,3300.27,3314.71,3299.88,3309.37
2025-07-10 02:00:00,3309.48,3316.88,3308.12,3313.65
2025-07-10 06:00:00,3314.02,3326.24,3313.9,3322.2
2025-07-10 10:00:00,3322.15,3325.02,3314.82,3321.09
2025-07-10 14:00:00,3321.08,3330.31,3319.63,3326.41
2025-07-10 18:00:00,3326.54,3330.26,3311.77,3312.93
2025-07-10 22:00:00,3312.84,3321.53,3310.23,3317.4
2025-07-11 02:00:00,3317.39,3326.03,3316.42,3323.86
2025-07-11 06:00:00,3325.14,3336.17,3321.92,3329.65
2025-07-11 10:00:00,3329.57,3341.69,3327.04,3334.09
2025-07-11 14:00:00,3334.12,3343.86,3330.79,3339.38
2025-07-11 18:00:00,3339.4,3359.31,3339.39,3351.82
2025-07-11 22:00:00,3351.92,3368.73,3349.2,3353.48
2025-07-12 02:00:00,3353.49,3359.79,3353.36,3357.32
2025-07-14 06:00:00,3362.93,3374.06,3356.87,3358.64
2025-07-14 10:00:00,3358.57,3361.71,3353.59,3357.65
2025-07-14 14:00:00,3357.72,3374.99,3356.54,3370.16
2025-07-14 18:00:00,3370.17,3374.63,3346.99,3355.21
2025-07-14 22:00:00,3355.23,3356.22,3341.1,3350.95
2025-07-15 02:00:00,3350.98,3351.27,3341.18,3343.34
2025-07-15 06:00:00,3342.78,3350.7,3341.14,3346.44
2025-07-15 10:00:00,3346.46,3365.2,3345.51,3362.21
2025-07-15 14:00:00,3362.07,3365.65,3356.49,3363.4
2025-07-15 18:00:00,3363.39,3366.35,3334.53,3346.51
2025-07-15 22:00:00,3346.88,3352.17,3320.31,3328.22
2025-07-16 02:00:00,3328.14,3331.86,3324.89,3324.99
2025-07-16 06:00:00,3324.02,3335.1,3324.02,3330.98
2025-07-16 10:00:00,3331.15,3339.92,3324.93,3338.09
2025-07-16 14:00:00,3338.04,3343.08,3336.03,3340.06
2025-07-16 18:00:00,3340.0,3340.66,3322.09,3326.92
2025-07-16 22:00:00,3326.88,3376.98,3319.4,3354.88
2025-07-17 02:00:00,3354.89,3357.55,3346.08,3347.56
2025-07-17 06:00:00,3349.52,3352.23,3336.85,3344.1
2025-07-17 10:00:00,3344.09,3344.77,3335.58,3339.49
2025-07-17 14:00:00,3339.46,3339.79,3324.73,3325.72
2025-07-17 18:00:00,3325.57,3331.2,3309.67,3319.14
2025-07-17 22:00:00,3318.97,3341.13,3318.13,3337.51
2025-07-18 02:00:00,3337.54,3340.86,3335.64,3339.18
2025-07-18 06:00:00,3339.57,3344.0,3335.23,3337.75
2025-07-18 10:00:00,3337.75,3344.27,3333.4,3333.44
2025-07-18 14:00:00,3333.45,3354.93,3331.75,3352.38
2025-07-18 18:00:00,3352.38,3361.26,3347.94,3355.49
2025-07-18 22:00:00,3356.32,3359.07,3350.56,3352.18
2025-07-19 02:00:00,3352.28,3353.32,3347.63,3350.68
2025-07-21 06:00:00,3348.84,3358.58,3344.97,3356.41
2025-07-21 10:00:00,3356.51,3369.69,3350.68,3366.68
2025-07-21 14:00:00,3366.68,3370.76,3362.64,3366.22
2025-07-21 18:00:00,3366.23,3395.08,3362.92,3388.53
2025-07-21 22:00:00,3388.44,3401.57,3386.34,3393.25
2025-07-22 02:00:00,3393.25,3399.83,3393.1,3397.16
2025-07-22 06:00:00,3398.33,3402.65,3385.2,3385.86
2025-07-22 10:00:00,3385.92,3393.72,3384.64,3385.49
2025-07-22 14:00:00,3385.48,3390.65,3383.37,3386.22
2025-07-22 18:00:00,3386.18,3420.13,3385.91,3412.33
2025-07-22 22:00:00,3412.3,3433.53,3404.97,3429.3
2025-07-23 02:00:00,3429.29,3432.78,3427.8,3431.66
2025-07-23 06:00:00,3431.25,3438.98,3420.99,3421.06
2025-07-23 10:00:00,3421.01,3428.71,3416.35,3420.35
2025-07-23 14:00:00,3420.43,3433.76,3419.35,3431.21
2025-07-23 18:00:00,3431.18,3431.39,3405.37,3413.49
2025-07-23 22:00:00,3413.42,3419.82,3381.32,3393.31
2025-07-24 02:00:00,3393.36,3396.01,3386.21,3387.22
2025-07-24 06:00:00,3389.65,3393.33,3383.71,3387.59
2025-07-24 10:00:00,3387.58,3389.01,3374.33,3379.27
2025-07-24 14:00:00,3379.27,3379.74,3361.82,3363.74
2025-07-24 18:00:00,3363.71,3372.09,3351.0,3366.75
2025-07-24 22:00:00,3366.69,3377.47,3365.76,3369.96
2025-07-25 02:00:00,3370.07,3373.48,3367.35,3368.56
2025-07-25 06:00:00,3368.42,3373.55,3365.09,3370.39
2025-07-25 10:00:00,3370.44,3370.55,3355.12,3358.75
2025-07-25 14:00:00,3358.72,3360.14,3343.02,3345.95
2025-07-25 18:00:00,3345.95,3348.07,3336.37,3343.99
2025-07-25 22:00:00,3343.85,3344.94,3325.06,3336.03
2025-07-26 02:00:00,3336.0,3340.32,3335.84,3336.63
2025-07-28 06:00:00,3329.34,3338.76,3323.38,3332.03
2025-07-28 10:00:00,3332.03,3344.22,3330.45,3343.34
2025-07-28 14:00:00,3343.35,3345.33,3332.13,3337.74
2025-07-28 18:00:00,3337.79,3338.79,3301.35,3301.95
2025-07-28 22:00:00,3301.83,3317.14,3301.55,3310.78
2025-07-29 02:00:00,3310.8,3318.78,3310.2,3314.6
2025-07-29 06:00:00,3313.86,3320.87,3307.7,3319.05
2025-07-29 10:00:00,3319.07,3320.33,3308.89,3320.01
2025-07-29 14:00:00,3320.01,3329.9,3310.99,3324.53
2025-07-29 18:00:00,3324.52,3326.42,3312.46,3317.94
2025-07-29 22:00:00,3317.26,3334.13,3311.89,3328.32
2025-07-30 02:00:00,3328.31,3330.85,3322.65,3326.62
2025-07-30 06:00:00,3326.82,3333.67,3321.9,3323.41
2025-07-30 10:00:00,3323.27,3332.34,3323.27,3324.94
2025-07-30 14:00:00,3324.93,3334.02,3323.19,3331.13
2025-07-30 18:00:00,3331.03,3333.05,3298.17,3302.76
2025-07-30 22:00:00,3302.9,3308.32,3288.5,3301.34
2025-07-31 02:00:00,3301.53,3305.01,3267.95,3275.02
2025-07-31 06:00:00,3275.29,3294.04,3273.9,3293.82
2025-07-31 10:00:00,3293.84,3301.63,3290.25,3299.68
2025-07-31 14:00:00,3299.66,3314.87,3297.78,3306.71
2025-07-31 18:00:00,3306.7,3311.12,3293.64,3301.25
2025-07-31 22:00:00,3300.96,3303.11,3289.63,3295.0
2025-08-01 02:00:00,3294.94,3297.08,3289.85,3290.03
2025-08-01 06:00:00,3289.89,3295.17,3281.43,3283.49
2025-08-01 10:00:00,3283.43,3300.18,3283.09,3296.69
2025-08-01 14:00:00,3296.7,3297.43,3285.02,3294.38
2025-08-01 18:00:00,3294.47,3354.79,3293.4,3342.13
2025-08-01 22:00:00,3342.5,3355.03,3340.47,3348.15
2025-08-02 02:00:00,3348.14,3363.47,3345.96,3363.21
2025-08-04 06:00:00,3364.55,3365.67,3344.95,3352.17
2025-08-04 10:00:00,3352.24,3362.18,3350.15,3357.6
2025-08-04 14:00:00,3357.63,3362.64,3351.64,3358.08
2025-08-04 18:00:00,3358.08,3385.45,3353.02,3383.44
2025-08-04 22:00:00,3383.48,3384.69,3370.42,3374.08
2025-08-05 02:00:00,3374.1,3377.2,3373.18,3373.69
2025-08-05 06:00:00,3374.31,3382.45,3373.78,3378.94
2025-08-05 10:00:00,3378.95,3381.45,3367.61,3373.95
2025-08-05 14:00:00,3373.97,3375.57,3358.68,3359.72
2025-08-05 18:00:00,3359.61,3379.69,3349.86,3373.39
2025-08-05 22:00:00,3373.94,3390.46,3370.4,3379.99
2025-08-06 02:00:00,3379.99,3381.42,3378.15,3380.74
2025-08-06 06:00:00,3380.97,3385.38,3373.11,3376.01
2025-08-06 10:00:00,3375.9,3378.34,3370.49,3374.25
2025-08-06 14:00:00,3374.23,3378.58,3358.34,3358.9
2025-08-06 18:00:00,3358.77,3373.6,3358.07,3371.77
2025-08-06 22:00:00,3371.73,3379.91,3369.46,3374.46
2025-08-07 02:00:00,3374.48,3374.63,3367.09,3369.28
2025-08-07 06:00:00,3370.56,3382.51,3365.23,3382.27
2025-08-07 10:00:00,3382.27,3384.02,3371.51,3375.42
2025-08-07 14:00:00,3375.56,3397.28,3372.47,3376.75
2025-08-07 18:00:00,3376.83,3393.77,3371.68,3385.0
2025-08-07 22:00:00,3384.77,3393.02,3374.44,3392.16
2025-08-08 02:00:00,3392.28,3401.79,3387.34,3396.16
2025-08-08 06:00:00,3401.26,3407.86,3381.19,3383.52
2025-08-08 10:00:00,3383.55,3399.34,3383.15,3392.22
2025-08-08 14:00:00,3392.16,3404.26,3388.68,3400.61
2025-08-08 18:00:00,3400.55,3401.66,3380.44,3400.28
2025-08-08 22:00:00,3400.31,3401.42,3380.95,3381.24
2025-08-09 02:00:00,3381.24,3404.24,3376.25,3397.02
2025-08-11 06:00:00,3403.61,3405.07,3367.44,3377.46
2025-08-11 10:00:00,3377.46,3380.15,3369.84,3376.97
2025-08-11 14:00:00,3377.01,3377.01,3352.91,3353.35
2025-08-11 18:00:00,3353.38,3363.89,3344.25,3358.53
2025-08-11 22:00:00,3358.51,3359.33,3341.03,3357.45
2025-08-12 02:00:00,3357.68,3358.64,3342.22,3342.93
2025-08-12 06:00:00,3342.83,3357.55,3342.51,3349.87
2025-08-12 10:00:00,3349.66,3355.77,3348.09,3354.48
2025-08-12 14:00:00,3354.52,3357.98,3342.04,3345.64
2025-08-12 18:00:00,3345.6,3357.78,3335.96,3345.39
2025-08-12 22:00:00,3345.38,3358.96,3330.81,3348.88
2025-08-13 02:00:00,3348.89,3350.76,3345.53,3348.2
2025-08-13 06:00:00,3349.76,3353.8,3342.51,3350.96
2025-08-13 10:00:00,3350.99,3354.3,3345.67,3349.19
2025-08-13 14:00:00,3349.23,3366.69,3348.91,3364.57
2025-08-13 18:00:00,3364.58,3366.93,3353.94,3364.91
2025-08-13 22:00:00,3365.01,3370.47,3352.73,3353.59
2025-08-14 02:00:00,3353.58,3358.76,3349.76,3356.02
2025-08-14 06:00:00,3357.18,3374.82,3356.71,3367.37
2025-08-14 10:00:00,3367.38,3369.35,3355.64,3359.02
2025-08-14 14:00:00,3358.96,3366.35,3341.29,3356.4
2025-08-14 18:00:00,3356.37,3359.16,3341.95,3344.05
2025-08-14 22:00:00,3344.0,3346.55,3329.74,3337.65
2025-08-15 02:00:00,3337.79,3341.06,3334.46,3335.38
2025-08-15 06:00:00,3337.02,3340.36,3332.36,3339.5
2025-08-15 10:00:00,3339.48,3348.79,3336.6,3343.72
2025-08-15 14:00:00,3343.75,3348.15,3338.33,3342.8
2025-08-15 18:00:00,3342.82,3345.93,3332.82,3335.52
2025-08-15 22:00:00,3335.53,3345.02,3335.06,3336.05
2025-08-16 02:00:00,3336.13,3339.66,3334.25,3335.94
2025-08-18 06:00:00,3336.39,3347.45,3323.5,3346.77
2025-08-18 10:00:00,3346.68,3358.45,3342.36,3349.39
2025-08-18 14:00:00,3349.31,3355.6,3344.6,3348.15
2025-08-18 18:00:00,3348.02,3351.3,3335.81,3336.66
2025-08-18 22:00:00,3336.76,3338.78,3331.63,3333.59
2025-08-19 02:00:00,3333.57,3334.31,3330.28,3332.88
2025-08-19 06:00:00,3333.86,3338.9,3325.87,3332.88
2025-08-19 10:00:00,3332.87,3341.62,3329.28,3336.15
2025-08-19 14:00:00,3336.14,3341.7,3334.45,3339.26
2025-08-19 18:00:00,3339.36,3345.31,3325.71,3333.98
2025-08-19 22:00:00,3334.17,3337.01,3315.03,3317.47
2025-08-20 02:00:00,3317.42,3320.11,3314.84,3315.57
2025-08-20 06:00:00,3316.5,3317.85,3311.42,3315.3
2025-08-20 10:00:00,3315.29,3323.69,3312.3,3323.32
2025-08-20 14:00:00,3323.33,3327.51,3320.9,3326.18
2025-08-20 18:00:00,3326.17,3348.22,3323.83,3344.92
2025-08-20 22:00:00,3345.0,3350.21,3332.03,3346.75
2025-08-21 02:00:00,3346.76,3349.35,3343.89,3348.16
2025-08-21 06:00:00,3350.09,3352.27,3340.72,3342.88
2025-08-21 10:00:00,3342.78,3344.97,3336.82,3338.84
2025-08-21 14:00:00,3338.85,3342.23,3334.31,3340.74
2025-08-21 18:00:00,3340.83,3347.65,3325.16,3339.44
2025-08-21 22:00:00,3339.5,3348.09,3336.93,3337.11
2025-08-22 02:00:00,3337.17,3341.98,3336.49,3338.52
2025-08-22 06:00:00,3339.07,3340.68,3333.54,3334.15
2025-08-22 10:00:00,3334.25,3336.21,3326.93,3330.07
2025-08-22 14:00:00,3330.11,3334.98,3325.11,3330.19
2025-08-22 18:00:00,3330.21,3335.75,3321.29,3333.68
2025-08-22 22:00:00,3333.66,3378.85,3333.66,3374.18
2025-08-23 02:00:00,3374.25,3375.02,3368.88,3371.95
2025-08-25 06:00:00,3371.25,3371.29,3360.74,3362.91
2025-08-25 10:00:00,3362.81,3368.12,3359.51,3364.69
2025-08-25 14:00:00,3364.61,3369.77,3361.95,3367.41
2025-08-25 18:00:00,3367.56,3371.57,3362.11,3370.79
2025-08-25 22:00:00,3370.81,3376.22,3369.35,3371.19
2025-08-26 02:00:00,3371.16,3373.24,3364.17,3365.55
2025-08-26 06:00:00,3365.83,3386.35,3351.37,3376.78
2025-08-26 10:00:00,3376.71,3379.12,3369.85,3376.63
2025-08-26 14:00:00,3376.56,3379.91,3367.15,3372.12
2025-08-26 18:00:00,3372.11,3380.06,3367.27,3375.81
2025-08-26 22:00:00,3375.51,3389.14,3370.4,3381.8
2025-08-27 02:00:00,3381.82,3393.67,3380.32,3393.62
2025-08-27 06:00:00,3394.1,3394.13,3383.37,3386.18
2025-08-27 10:00:00,3386.18,3387.14,3373.86,3377.16
2025-08-27 14:00:00,3377.29,3385.5,3373.51,3378.21
2025-08-27 18:00:00,3378.27,3384.72,3373.86,3377.83
2025-08-27 22:00:00,3377.81,3398.54,3376.14,3395.25
2025-08-28 02:00:00,3395.24,3398.05,3392.18,3397.45
2025-08-28 06:00:00,3398.31,3399.25,3385.47,3386.01
2025-08-28 10:00:00,3385.9,3392.49,3384.37,3389.08
2025-08-28 14:00:00,3389.32,3401.73,3388.65,3399.26
2025-08-28 18:00:00,3399.3,3410.37,3393.88,3407.24
2025-08-28 22:00:00,3407.28,3418.8,3404.37,3417.91
2025-08-29 02:00:00,3417.96,3423.15,3416.23,3416.89
2025-08-29 06:00:00,3416.67,3418.14,3407.8,3409.94
2025-08-29 10:00:00,3409.91,3414.03,3406.86,3410.49
2025-08-29 14:00:00,3410.5,3414.86,3406.6,3407.51
2025-08-29 18:00:00,3407.52,3429.04,3404.16,3428.56
2025-08-29 22:00:00,3429.05,3450.1,3428.97,3443.67
2025-08-30 02:00:00,3443.66,3453.99,3440.94,3448.12
2025-09-01 06:00:00,3444.29,3459.27,3437.04,3457.1
2025-09-01 10:00:00,3457.12,3486.11,3454.96,3477.34
2025-09-01 14:00:00,3477.1,3489.89,3467.1,3469.4
2025-09-01 18:00:00,3469.43,3479.09,3466.18,3475.37
2025-09-01 22:00:00,3475.34,3481.44,3472.19,3477.94
2025-09-02 02:00:00,3477.93,3478.06,3476.13,3476.39
2025-09-02 06:00:00,3474.73,3508.53,3474.06,3497.53
2025-09-02 10:00:00,3497.57,3500.6,3490.02,3493.12
2025-09-02 14:00:00,3493.1,3495.73,3470.04,3476.83
2025-09-02 18:00:00,3476.77,3494.1,3474.1,3489.65
2025-09-02 22:00:00,3489.6,3530.11,3488.99,3529.41
2025-09-03 02:00:00,3529.4,3539.96,3525.2,3533.33
2025-09-03 06:00:00,3530.61,3546.51,3526.35,3538.63
2025-09-03 10:00:00,3538.67,3545.85,3526.63,3530.03
2025-09-03 14:00:00,3530.07,3541.91,3529.17,3534.4
2025-09-03 18:00:00,3534.32,3561.5,3532.22,3553.77
2025-09-03 22:00:00,3554.06,3575.96,3551.34,3574.37
2025-09-04 02:00:00,3574.65,3578.54,3558.89,3559.2
2025-09-04 06:00:00,3559.97,3564.14,3543.76,3546.4
2025-09-04 10:00:00,3546.39,3550.65,3511.22,3527.16
2025-09-04 14:00:00,3527.25,3545.64,3524.29,3538.65
2025-09-04 18:00:00,3538.62,3558.75,3536.56,3546.88
2025-09-04 22:00:00,3546.97,3556.14,3535.01,3542.91
2025-09-05 02:00:00,3542.9,3551.17,3542.71,3545.75
2025-09-05 06:00:00,3543.92,3556.57,3540.14,3552.61
2025-09-05 10:00:00,3552.58,3561.0,3545.92,3557.72
2025-09-05 14:00:00,3557.77,3558.05,3544.7,3552.48
2025-09-05 18:00:00,3552.47,3595.33,3547.82,3594.36
2025-09-05 22:00:00,3594.34,3599.99,3573.05,3596.36
2025-09-06 02:00:00,3596.4,3597.32,3586.16,3587.32
2025-09-08 06:00:00,3583.72,3597.17,3583.72,3589.6
2025-09-08 10:00:00,3589.59,3594.37,3579.47,3591.2
2025-09-08 14:00:00,3591.25,3616.92,3589.27,3613.84
2025-09-08 18:00:00,3613.9,3636.92,3612.64,3633.32
2025-09-08 22:00:00,3633.42,3646.5,3628.99,3633.36
2025-09-09 02:00:00,3633.4,3637.95,3631.81,3636.01
2025-09-09 06:00:00,3634.8,3647.61,3628.14,3646.36
2025-09-09 10:00:00,3646.34,3659.08,3642.71,3655.13
2025-09-09 14:00:00,3655.22,3656.69,3636.79,3653.66
2025-09-09 18:00:00,3653.81,3668.19,3643.76,3666.19
2025-09-09 22:00:00,3666.02,3674.63,3626.73,3642.83
2025-09-10 02:00:00,3642.86,3645.1,3625.84,3626.21
2025-09-10 06:00:00,3625.04,3640.66,3620.13,3630.68
2025-09-10 10:00:00,3630.69,3645.41,3630.09,3642.99
2025-09-10 14:00:00,3643.02,3656.03,3640.57,3655.26
2025-09-10 18:00:00,3655.25,3657.55,3640.33,3651.14
2025-09-10 22:00:00,3651.18,3655.43,3638.39,3647.54
2025-09-11 02:00:00,3647.54,3649.67,3635.27,3640.5
2025-09-11 06:00:00,3642.71,3649.19,3637.99,3641.02
2025-09-11 10:00:00,3641.01,3643.43,3623.15,3625.18
2025-09-11 14:00:00,3625.18,3638.07,3614.08,3621.94
2025-09-11 18:00:00,3621.95,3643.98,3613.13,3630.15
2025-09-11 22:00:00,3630.15,3641.99,3626.05,3635.1
2025-09-12 02:00:00,3635.18,3637.72,3630.3,3633.81
2025-09-12 06:00:00,3634.55,3647.52,3630.46,3646.46
2025-09-12 10:00:00,3646.4,3656.7,3644.84,3653.18
2025-09-12 14:00:00,3653.18,3654.18,3637.63,3646.45
2025-09-12 18:00:00,3646.49,3652.61,3638.23,3650.53
2025-09-12 22:00:00,3650.12,3654.23,3641.85,3648.71
2025-09-13 02:00:00,3648.72,3649.56,3641.35,3643.41
2025-09-15 06:00:00,3644.67,3646.4,3626.51,3634.37
2025-09-15 10:00:00,3634.38,3646.98,3634.28,3643.71
2025-09-15 14:00:00,3643.51,3645.93,3633.65,3641.2
2025-09-15 18:00:00,3641.24,3664.2,3636.88,3657.19
2025-09-15 22:00:00,3657.17,3685.52,3653.98,3681.8
2025-09-16 02:00:00,3681.8,3682.8,3675.81,3678.89
2025-09-16 06:00:00,3680.72,3689.61,3676.18,3679.47
2025-09-16 10:00:00,3679.35,3685.48,3674.45,3682.67
2025-09-16 14:00:00,3682.68,3698.98,3681.68,3698.3
2025-09-16 18:00:00,3698.23,3699.34,3684.92,3695.65
2025-09-16 22:00:00,3695.55,3702.99,3678.69,3687.81
2025-09-17 02:00:00,3687.81,3693.71,3686.48,3689.89
2025-09-17 06:00:00,3689.58,3695.24,3675.89,3679.56
2025-09-17 10:00:00,3679.54,3685.92,3674.3,3679.23
2025-09-17 14:00:00,3679.31,3680.1,3662.57,3667.85
2025-09-17 18:00:00,3667.8,3682.55,3659.84,3678.77
2025-09-17 22:00:00,3678.65,3688.52,3676.84,3686.5
2025-09-18 02:00:00,3686.53,3707.42,3646.25,3659.92
2025-09-18 06:00:00,3661.25,3671.9,3651.89,3657.23
2025-09-18 10:00:00,3657.17,3666.13,3649.45,3651.62
2025-09-18 14:00:00,3651.67,3672.99,3633.88,3671.7
2025-09-18 18:00:00,3671.67,3672.53,3627.74,3642.26
2025-09-18 22:00:00,3642.02,3647.23,3634.44,3643.6
2025-09-19 02:00:00,3643.61,3647.18,3640.43,3644.39
2025-09-19 06:00:00,3643.29,3651.0,3632.18,3639.92
2025-09-19 10:00:00,3639.89,3661.28,3638.87,3652.45
2025-09-19 14:00:00,3652.43,3658.8,3643.42,3658.58
2025-09-19 18:00:00,3658.6,3664.4,3643.51,3663.27
2025-09-19 22:00:00,3663.26,3679.51,3656.35,3678.54
2025-09-20 02:00:00,3678.64,3685.25,3678.1,3685.11
2025-09-22 06:00:00,3684.78,3696.72,3683.66,3689.47
2025-09-22 10:00:00,3689.38,3700.23,3685.51,3697.0
2025-09-22 14:00:00,3697.0,3726.59,3695.6,3723.23
2025-09-22 18:00:00,3723.25,3728.41,3712.21,3722.37
2025-09-22 22:00:00,3722.36,3747.19,3716.83,3746.62
2025-09-23 02:00:00,3746.55,3748.85,3742.45,3746.87
2025-09-23 06:00:00,3745.46,3759.26,3738.24,3754.64
2025-09-23 10:00:00,3754.68,3758.76,3736.45,3753.01
2025-09-23 14:00:00,3752.93,3791.14,3748.87,3784.87
2025-09-23 18:00:00,3785.01,3788.9,3774.16,3783.9
2025-09-23 22:00:00,3783.86,3785.76,3765.18,3777.47
2025-09-24 02:00:00,3777.6,3781.46,3751.96,3764.04
2025-09-24 06:00:00,3766.03,3771.75,3755.09,3756.44
2025-09-24 10:00:00,3756.42,3776.9,3750.57,3774.93
2025-09-24 14:00:00,3774.96,3779.23,3762.97,3768.5
2025-09-24 18:00:00,3768.47,3772.92,3758.87,3761.47
2025-09-24 22:00:00,3761.21,3765.07,3732.33,3733.11
2025-09-25 02:00:00,3733.07,3737.45,3717.39,3736.08
2025-09-25 06:00:00,3738.94,3751.55,3733.11,3735.95
2025-09-25 10:00:00,3735.81,3742.46,3729.68,3738.58
2025-09-25 14:00:00,3738.58,3761.61,3737.66,3757.04
2025-09-25 18:00:00,3757.08,3760.87,3722.09,3733.61
2025-09-25 22:00:00,3733.72,3744.29,3723.61,3741.72
2025-09-26 02:00:00,3741.75,3758.28,3736.59,3749.4
2025-09-26 06:00:00,3748.66,3753.23,3737.69,3739.11
2025-09-26 10:00:00,3739.09,3749.65,3734.45,3742.0
2025-09-26 14:00:00,3741.99,3755.21,3739.13,3751.57
2025-09-26 18:00:00,3751.56,3766.22,3742.88,3761.74
2025-09-26 22:00:00,3761.77,3783.78,3761.71,3782.93
2025-09-27 02:00:00,3783.05,3783.24,3760.63,3761.24
2025-09-29 06:00:00,3760.57,3788.85,3760.57,3778.67
2025-09-29 10:00:00,3778.67,3814.64,3777.6,3813.69
2025-09-29 14:00:00,3813.73,3819.85,3805.09,3807.5
2025-09-29 18:00:00,3807.49,3831.44,3806.35,3821.34
2025-09-29 22:00:00,3821.24,3833.57,3816.5,3828.97
2025-09-30 02:00:00,3829.04,3834.17,3822.61,3833.78
2025-09-30 06:00:00,3830.94,3850.77,3825.59,3848.09
2025-09-30 10:00:00,3848.18,3870.46,3842.69,3869.73
2025-09-30 14:00:00,3869.85,3871.74,3793.11,3798.68
2025-09-30 18:00:00,3798.48,3829.9,3798.14,3823.81
2025-09-30 22:00:00,3823.3,3854.51,3820.16,3844.07
2025-10-01 02:00:00,3844.06,3860.83,3839.72,3858.25
2025-10-01 06:00:00,3857.44,3868.98,3854.79,3868.88
2025-10-01 10:00:00,3868.84,3875.4,3855.51,3863.34
2025-10-01 14:00:00,3863.33,3895.28,3853.28,3888.86
2025-10-01 18:00:00,3888.95,3891.06,3863.51,3872.95
2025-10-01 22:00:00,3872.94,3878.65,3856.02,3860.79
2025-10-02 02:00:00,3860.7,3870.95,3854.99,3865.49
2025-10-02 06:00:00,3869.01,3869.49,3852.87,3865.16
2025-10-02 10:00:00,3865.14,3871.24,3861.37,3867.78
2025-10-02 14:00:00,3867.77,3879.65,3861.67,3879.17
2025-10-02 18:00:00,3879.21,3896.91,3873.47,3874.94
2025-10-02 22:00:00,3874.96,3876.86,3819.08,3844.29
2025-10-03 02:00:00,3844.32,3859.3,3843.44,3856.14
2025-10-03 06:00:00,3857.48,3863.8,3847.32,3858.52
2025-10-03 10:00:00,3858.51,3859.25,3838.0,3855.0
2025-10-03 14:00:00,3854.58,3865.73,3850.87,3864.37
2025-10-03 18:00:00,3864.39,3890.45,3854.65,3882.64
2025-10-03 22:00:00,3883.04,3891.64,3866.44,3882.0
2025-10-04 02:00:00,3881.99,3889.37,3880.03,3886.75
2025-10-06 06:00:00,3887.05,3920.68,3884.24,3917.93
2025-10-06 10:00:00,3918.03,3944.85,3917.5,3932.49
2025-10-06 14:00:00,3932.53,3949.63,3922.39,3942.51
2025-10-06 18:00:00,3942.47,3946.92,3926.21,3944.6
2025-10-06 22:00:00,3944.28,3969.9,3940.03,3957.82
2025-10-07 02:00:00,3957.99,3965.02,3955.85,3961.04
2025-10-07 06:00:00,3958.39,3977.43,3955.65,3958.13
2025-10-07 10:00:00,3958.06,3977.04,3957.31,3964.77
2025-10-07 14:00:00,3964.82,3966.22,3940.64,3955.19
2025-10-07 18:00:00,3955.18,3985.69,3954.05,3979.3
2025-10-07 22:00:00,3979.35,3991.11,3961.88,3980.91
2025-10-08 02:00:00,3980.8,3986.53,3974.06,3984.49
2025-10-08 06:00:00,3985.08,4000.33,3983.52,4000.26
2025-10-08 10:00:00,4000.32,4037.0,3995.47,4029.03
2025-10-08 14:00:00,4029.24,4049.64,4021.14,4049.16
2025-10-08 18:00:00,4049.21,4049.61,4026.22,4038.0
2025-10-08 22:00:00,4037.83,4059.15,4035.52,4051.25
2025-10-09 02:00:00,4051.35,4054.7,4032.15,4041.67
2025-10-09 06:00:00,4040.39,4040.96,4001.41,4019.84
2025-10-09 10:00:00,4019.83,4043.8,4002.45,4039.83
2025-10-09 14:00:00,4039.82,4042.15,4022.52,4037.57
2025-10-09 18:00:00,4037.8,4057.94,4017.33,4017.33
2025-10-09 22:00:00,4017.78,4029.27,3944.49,3950.48
2025-10-10 02:00:00,3950.41,3982.09,3949.52,3976.03
2025-10-10 06:00:00,3979.47,3994.36,3958.49,3973.4
2025-10-10 10:00:00,3973.26,3986.8,3946.65,3974.86
2025-10-10 14:00:00,3974.81,4006.74,3952.51,3995.61
2025-10-10 18:00:00,3995.55,4000.24,3975.81,3980.73
2025-10-10 22:00:00,3980.73,4022.89,3970.62,3990.0
2025-10-11 02:00:00,3990.1,4021.41,3984.11,4018.46
2025-10-13 06:00:00,4012.06,4059.82,4007.39,4053.21
2025-10-13 10:00:00,4053.22,4078.21,4041.58,4063.2
2025-10-13 14:00:00,4063.64,4079.81,4059.4,4077.17
2025-10-13 18:00:00,4077.16,4095.67,4071.42,4094.02
2025-10-13 22:00:00,4093.89,4116.9,4090.74,4103.75
2025-10-14 02:00:00,4103.76,4112.78,4090.89,4110.6
2025-10-14 06:00:00,4110.64,4149.88,4106.5,4137.16
2025-10-14 10:00:00,4137.36,4179.72,4111.22,4121.35
2025-10-14 14:00:00,4121.42,4145.0,4090.5,4127.43
2025-10-14 18:00:00,4127.46,4144.2,4097.64,4124.18
2025-10-14 22:00:00,4123.98,4155.19,4121.31,4148.14
2025-10-15 02:00:00,4148.23,4152.47,4134.37,4142.15
2025-10-15 06:00:00,4143.01,4186.74,4140.75,4181.58
2025-10-15 10:00:00,4181.65,4193.55,4167.03,4185.99
2025-10-15 14:00:00,4185.88,4218.32,4164.04,4192.6
2025-10-15 18:00:00,4192.53,4205.98,4176.32,4192.07
2025-10-15 22:00:00,4192.06,4212.41,4179.84,4197.51
2025-10-16 02:00:00,4197.54,4213.5,4195.06,4208.27
2025-10-16 06:00:00,4209.54,4233.03,4199.93,4230.27
2025-10-16 10:00:00,4230.31,4242.13,4203.61,4204.94
2025-10-16 14:00:00,4204.77,4241.77,4203.76,4239.43
2025-10-16 18:00:00,4239.16,4258.69,4227.66,4246.25
2025-10-16 22:00:00,4245.51,4298.68,4245.43,4293.93
2025-10-17 02:00:00,4294.0,4330.75,4273.56,4326.26
2025-10-17 06:00:00,4335.41,4379.22,4278.84,4314.39
2025-10-17 10:00:00,4314.24,4378.67,4312.57,4365.5
2025-10-17 14:00:00,4365.96,4369.64,4312.04,4340.04
2025-10-17 18:00:00,4340.08,4342.21,4258.66,4273.91
2025-10-17 22:00:00,4273.81,4274.37,4186.44,4221.05
2025-10-18 02:00:00,4221.04,4250.58,4212.76,4246.86
2025-10-20 06:00:00,4243.5,4274.08,4218.95,4262.38
2025-10-20 10:00:00,4262.42,4271.05,4239.64,4239.87
2025-10-20 14:00:00,4240.04,4266.1,4221.23,4260.79
2025-10-20 18:00:00,4260.82,4327.08,4245.68,4300.89
2025-10-20 22:00:00,4300.69,4355.66,4292.6,4347.41
2025-10-21 02:00:00,4347.72,4381.38,4344.51,4356.45
2025-10-21 06:00:00,4358.7,4375.26,4332.43,4350.83
2025-10-21 10:00:00,4350.86,4355.4,4317.48,4323.32
2025-10-21 14:00:00,4323.21,4344.25,4244.23,4265.11
2025-10-21 18:00:00,4265.59,4272.4,4167.53,4174.24
2025-10-21 22:00:00,4173.58,4188.07,4081.34,4111.19
2025-10-22 02:00:00,4111.36,4131.04,4100.83,4124.93
2025-10-22 06:00:00,4125.52,4132.28,4004.06,4087.25
2025-10-22 10:00:00,4087.81,4147.07,4087.46,4134.87
2025-10-22 14:00:00,4134.91,4161.5,4056.36,4069.76
2025-10-22 18:00:00,4069.62,4090.92,4015.04,4075.69
2025-10-22 22:00:00,4075.55,4078.45,4011.34,4070.07
2025-10-23 02:00:00,4070.22,4113.52,4066.74,4098.22
2025-10-23 06:00:00,4104.99,4115.88,4066.18,4073.19
2025-10-23 10:00:00,4072.96,4110.41,4071.88,4110.14
2025-10-23 14:00:00,4110.41,4137.87,4091.81,4124.24
2025-10-23 18:00:00,4124.34,4151.04,4099.98,4144.85
2025-10-23 22:00:00,4144.53,4154.89,4124.74,4137.7
2025-10-24 02:00:00,4137.75,4143.48,4107.3,4126.0
2025-10-24 06:00:00,4128.98,4144.39,4105.74,4118.64
2025-10-24 10:00:00,4118.59,4123.61,4102.79,4104.51
2025-10-24 14:00:00,4104.65,4104.99,4047.32,4060.75
2025-10-24 18:00:00,4060.84,4121.62,4044.19,4106.52
2025-10-24 22:00:00,4106.39,4138.67,4102.33,4107.6
2025-10-25 02:00:00,4107.72,4117.59,4096.54,4112.84
2025-10-27 06:00:00,4076.86,4109.12,4058.15,4081.97
2025-10-27 10:00:00,4081.83,4084.42,4053.46,4079.67
2025-10-27 14:00:00,4079.52,4084.83,4022.83,4039.67
2025-10-27 18:00:00,4039.68,4050.27,4013.3,4021.82
2025-10-27 22:00:00,4021.78,4023.15,3971.27,4006.43
2025-10-28 02:00:00,4006.56,4010.29,3978.99,3981.35
2025-10-28 06:00:00,3980.96,4019.69,3973.12,4010.93
2025-10-28 10:00:00,4011.09,4013.95,3959.27,3966.69
2025-10-28 14:00:00,3966.8,3968.59,3886.62,3904.71
2025-10-28 18:00:00,3904.72,3940.39,3899.82,3938.71
2025-10-28 22:00:00,3938.88,3970.41,3934.74,3962.39
2025-10-29 02:00:00,3962.38,3964.15,3945.11,3952.47
2025-10-29 06:00:00,3955.53,3982.43,3915.66,3973.57
2025-10-29 10:00:00,3973.44,3974.48,3944.04,3962.59
2025-10-29 14:00:00,3962.44,4029.68,3959.71,4024.09
2025-10-29 18:00:00,4024.2,4030.32,4002.47,4012.29
2025-10-29 22:00:00,4012.27,4022.48,3985.92,3994.74
2025-10-30 02:00:00,3994.76,4007.02,3927.9,3930.47
2025-10-30 06:00:00,3926.48,3966.59,3917.11,3947.94
2025-10-30 10:00:00,3947.94,3982.47,3915.33,3963.56
2025-10-30 14:00:00,3963.58,4011.8,3955.8,3998.9
2025-10-30 18:00:00,3998.4,4001.16,3960.3,3995.51
2025-10-30 22:00:00,3995.53,4017.99,3987.05,4004.69
2025-10-31 02:00:00,4004.75,4027.14,4000.05,4024.17
2025-10-31 06:00:00,4022.54,4046.2,4012.81,4018.7
2025-10-31 10:00:00,4018.38,4019.22,3988.94,4005.11
2025-10-31 14:00:00,4005.3,4026.71,3998.42,4008.5
2025-10-31 18:00:00,4008.74,4036.26,4001.71,4016.58
2025-10-31 22:00:00,4016.79,4027.34,3972.24,3997.75
2025-11-01 02:00:00,3997.71,4009.94,3991.32,4003.18
2025-11-03 06:00:00,3983.73,4001.85,3962.52,3995.87
2025-11-03 10:00:00,3995.74,4018.53,3990.23,4014.02
2025-11-03 14:00:00,4014.07,4028.05,3992.99,4000.45
2025-11-03 18:00:00,4000.57,4020.38,3994.32,4015.99
2025-11-03 22:00:00,4015.97,4030.55,3995.24,4006.25
2025-11-04 02:00:00,4006.33,4014.98,3995.22,4001.2
2025-11-04 06:00:00,4002.42,4005.74,3978.39,3987.22
2025-11-04 10:00:00,3987.23,3999.16,3972.41,3973.01
2025-11-04 14:00:00,3973.0,4000.82,3966.61,3991.2
2025-11-04 18:00:00,3991.23,4000.14,3971.68,3975.73
2025-11-04 22:00:00,3975.67,3977.65,3928.52,3954.97
2025-11-05 02:00:00,3954.7,3956.76,3930.32,3931.74
2025-11-05 06:00:00,3933.71,3949.44,3929.71,3936.98
2025-11-05 10:00:00,3936.96,3978.65,3935.53,3964.81
2025-11-05 14:00:00,3964.8,3987.19,3961.74,3971.94
2025-11-05 18:00:00,3971.91,3979.49,3955.89,3976.03
2025-11-05 22:00:00,3976.04,3990.48,3963.92,3982.02
2025-11-06 02:00:00,3982.04,3990.21,3977.76,3979.24
2025-11-06 06:00:00,3977.21,3979.85,3964.48,3976.73
2025-11-06 10:00:00,3976.71,3990.83,3974.13,3987.6
2025-11-06 14:00:00,3987.67,4016.74,3982.38,4010.77
2025-11-06 18:00:00,4010.75,4019.63,4002.92,4012.19
2025-11-06 22:00:00,4012.29,4013.68,3965.82,3986.12
2025-11-07 02:00:00,3986.13,3995.29,3976.54,3976.79
2025-11-07 06:00:00,3975.12,4002.78,3974.85,4001.65
2025-11-07 10:00:00,4001.7,4003.3,3985.56,3995.15
2025-11-07 14:00:00,3995.14,4014.12,3992.18,4006.6
2025-11-07 18:00:00,4006.61,4011.98,3991.45,3997.72
2025-11-07 22:00:00,3997.63,4027.48,3983.87,4005.47
2025-11-08 02:00:00,4005.45,4009.09,3994.54,4001.15
2025-11-10 06:00:00,3999.21,4053.16,3999.11,4044.31
2025-11-10 10:00:00,4044.29,4069.98,4037.76,4069.44
2025-11-10 14:00:00,4069.44,4086.45,4066.99,4076.68
2025-11-10 18:00:00,4076.69,4106.03,4075.62,4091.81
2025-11-10 22:00:00,4091.64,4102.59,4074.15,4102.49
2025-11-11 02:00:00,4102.47,4116.67,4101.51,4115.96
2025-11-11 06:00:00,4116.61,4141.03,4115.29,4136.33
2025-11-11 10:00:00,4136.4,4148.98,4124.53,4130.89
2025-11-11 14:00:00,4130.99,4145.92,4124.79,4141.82
2025-11-11 18:00:00,4141.85,4146.75,4133.13,4142.68
2025-11-11 22:00:00,4142.63,4143.21,4096.95,4114.42
2025-11-12 02:00:00,4114.45,4131.88,4106.56,4126.97
2025-11-12 06:00:00,4129.54,4145.53,4126.15,4131.6
2025-11-12 10:00:00,4131.64,4135.53,4098.71,4104.58
2025-11-12 14:00:00,4104.55,4133.67,4103.05,4124.74
2025-11-12 18:00:00,4124.76,4139.51,4117.81,4126.96
2025-11-12 22:00:00,4127.01,4206.59,4124.98,4199.25
2025-11-13 02:00:00,4199.52,4211.77,4190.55,4195.61
2025-11-13 06:00:00,4203.15,4209.25,4179.8,4192.28
2025-11-13 10:00:00,4192.26,4219.56,4183.54,4212.12
2025-11-13 14:00:00,4212.06,4239.53,4203.17,4233.04
2025-11-13 18:00:00,4233.13,4245.12,4219.06,4231.9
2025-11-13 22:00:00,4231.91,4232.46,4184.41,4201.64
2025-11-14 02:00:00,4201.71,4203.24,4145.33,4171.32
2025-11-14 06:00:00,4172.25,4194.05,4171.87,4190.03
2025-11-14 10:00:00,4190.07,4211.27,4184.04,4189.83
2025-11-14 14:00:00,4189.17,4193.45,4158.83,4169.21
2025-11-14 18:00:00,4169.18,4171.06,4040.96,4055.9
2025-11-14 22:00:00,4055.91,4111.14,4032.27,4099.82
2025-11-15 02:00:00,4099.93,4103.7,4075.41,4084.73
2025-11-17 06:00:00,4082.52,4106.61,4070.32,4091.25
2025-11-17 10:00:00,4091.26,4093.71,4049.64,4058.26
2025-11-17 14:00:00,4058.13,4095.89,4054.67,4082.23
2025-11-17 18:00:00,4082.16,4092.29,4060.67,4065.25
2025-11-17 22:00:00,4064.55,4082.08,4052.27,4073.32
2025-11-18 02:00:00,4073.46,4076.02,4006.91,4045.52
2025-11-18 06:00:00,4051.34,4055.22,4022.35,4024.86
2025-11-18 10:00:00,4024.5,4035.83,4004.95,4018.99
2025-11-18 14:00:00,4018.98,4047.29,3997.7,4040.08
2025-11-18 18:00:00,4039.76,4070.28,4029.0,4065.13
2025-11-18 22:00:00,4065.22,4081.99,4040.07,4071.4
2025-11-19 02:00:00,4071.33,4082.22,4063.09,4067.63
2025-11-19 06:00:00,4068.81,4078.27,4056.57,4059.14
2025-11-19 10:00:00,4059.01,4097.4,4055.57,4095.37
2025-11-19 14:00:00,4095.43,4116.02,4078.19,4113.47
2025-11-19 18:00:00,4113.52,4119.88,4100.68,4110.54
2025-11-19 22:00:00,4110.62,4132.81,4055.67,4078.95
2025-11-20 02:00:00,4078.95,4091.28,4065.64,4077.97
2025-11-20 06:00:00,4080.02,4110.06,4078.81,4081.55
2025-11-20 10:00:00,4081.38,4085.6,4041.34,4066.7
2025-11-20 14:00:00,4066.7,4077.54,4038.76,4064.19
2025-11-20 18:00:00,4064.57,4096.33,4050.97,4080.38
2025-11-20 22:00:00,4080.19,4107.19,4043.65,4066.17
2025-11-21 02:00:00,4066.13,4087.15,4056.22,4077.26
2025-11-21 06:00:00,4074.6,4088.66,4060.47,4068.61
2025-11-21 10:00:00,4068.59,4079.74,4039.88,4058.4
2025-11-21 14:00:00,4058.4,4064.96,4022.39,4050.5
2025-11-21 18:00:00,4050.57,4081.15,4030.94,4079.49
2025-11-21 22:00:00,4079.48,4101.16,4055.2,4085.45
2025-11-22 02:00:00,4085.44,4092.21,4054.5,4065.8
2025-11-24 06:00:00,4068.96,4077.74,4042.63,4044.35
2025-11-24 10:00:00,4044.06,4061.21,4039.91,4046.32
2025-11-24 14:00:00,4046.33,4074.01,4045.49,4071.65
2025-11-24 18:00:00,4071.72,4085.96,4062.95,4077.9
2025-11-24 22:00:00,4077.8,4100.53,4068.42,4093.22
2025-11-25 02:00:00,4092.94,4139.99,4087.96,4134.78
2025-11-25 06:00:00,4133.73,4144.34,4122.77,4134.8
2025-11-25 10:00:00,4134.71,4155.91,4132.88,4150.76
2025-11-25 14:00:00,4151.17,4152.07,4109.49,4128.35
2025-11-25 18:00:00,4128.49,4150.83,4115.62,4147.79
2025-11-25 22:00:00,4147.76,4159.25,4110.92,4146.03
2025-11-26 02:00:00,4146.0,4150.68,4127.55,4130.59
2025-11-26 06:00:00,4132.59,4152.98,4129.66,4148.35
2025-11-26 10:00:00,4148.29,4169.36,4147.35,4162.45
2025-11-26 14:00:00,4162.28,4168.52,4146.93,4162.66
2025-11-26 18:00:00,4162.69,4173.45,4148.85,4153.4
2025-11-26 22:00:00,4153.48,4169.77,4136.84,4167.23
2025-11-27 02:00:00,4167.29,4171.66,4158.05,4163.9
2025-11-27 06:00:00,4165.09,4168.78,4148.53,4154.29
2025-11-27 10:00:00,4154.29,4156.32,4142.53,4147.05
2025-11-27 14:00:00,4147.09,4167.22,4146.86,4158.65
2025-11-27 18:00:00,4158.71,4162.48,4149.23,4154.81
2025-11-27 22:00:00,4154.95,4161.77,4151.31,4157.84
2025-11-28 02:00:00,4157.9,4160.43,4155.7,4157.35
2025-11-28 06:00:00,4159.71,4193.15,4158.22,4191.14
2025-11-28 10:00:00,4190.98,4192.27,4166.68,4182.64
2025-11-28 14:00:00,4182.49,4188.81,4152.58,4165.8
2025-11-28 18:00:00,4166.04,4183.03,4160.22,4182.45
2025-11-28 22:00:00,4182.48,4216.86,4182.4,4216.76
2025-11-29 02:00:00,4216.85,4226.82,4210.95,4219.29
2025-12-01 06:00:00,4229.15,4256.06,4205.56,4255.45
2025-12-01 10:00:00,4255.52,4256.4,4215.18,4229.54
2025-12-01 14:00:00,4229.59,4253.62,4226.15,4250.11
2025-12-01 18:00:00,4250.13,4264.59,4244.3,4247.43
2025-12-01 22:00:00,4247.46,4249.3,4219.3,4232.29
2025-12-02 02:00:00,4232.28,4244.55,4229.37,4232.16
2025-12-02 06:00:00,4228.59,4236.0,4198.85,4219.43
2025-12-02 10:00:00,4219.48,4226.24,4213.83,4225.02
2025-12-02 14:00:00,4225.01,4226.31,4180.97,4192.04
2025-12-02 18:00:00,4192.0,4215.16,4182.1,4212.53
2025-12-02 22:00:00,4212.48,4230.55,4163.42,4193.74
2025-12-03 02:00:00,4193.52,4212.38,4183.34,4205.42
2025-12-03 06:00:00,4205.93,4221.1,4202.3,4214.41
2025-12-03 10:00:00,4214.41,4228.86,4203.67,4207.89
2025-12-03 14:00:00,4207.72,4211.83,4197.0,4202.06
2025-12-03 18:00:00,4202.07,4238.36,4194.63,4237.17
2025-12-03 22:00:00,4237.75,4241.49,4195.93,4211.06
2025-12-04 02:00:00,4211.41,4212.8,4195.1,4203.08
2025-12-04 06:00:00,4204.52,4216.81,4202.6,4209.29
2025-12-04 10:00:00,4209.3,4209.34,4175.07,4181.2
2025-12-04 14:00:00,4181.19,4202.33,4178.59,4199.79
2025-12-04 18:00:00,4199.79,4206.58,4185.61,4198.16
2025-12-04 22:00:00,4198.16,4219.29,4191.51,4216.43
2025-12-05 02:00:00,4216.35,4217.53,4199.44,4208.59
2025-12-05 06:00:00,4207.1,4210.53,4194.71,4202.92
2025-12-05 10:00:00,4202.92,4221.17,4196.68,4220.45
2025-12-05 14:00:00,4220.12,4230.83,4215.7,4223.45
2025-12-05 18:00:00,4223.44,4238.99,4220.06,4234.48
2025-12-05 22:00:00,4234.45,4259.32,4198.5,4217.65
2025-12-06 02:00:00,4217.68,4219.16,4191.87,4196.32
2025-12-08 06:00:00,4196.08,4211.63,4193.94,4201.28
2025-12-08 10:00:00,4201.08,4217.19,4198.64,4216.9
2025-12-08 14:00:00,4216.91,4219.02,4203.2,4207.98
2025-12-08 18:00:00,4208.0,4215.51,4197.75,4201.76
2025-12-08 22:00:00,4201.55,4211.56,4176.3,4194.98
2025-12-09 02:00:00,4195.5,4195.63,4184.14,4190.46
2025-12-09 06:00:00,4191.09,4197.36,4188.88,4196.18
2025-12-09 10:00:00,4196.18,4198.87,4177.91,4179.96
2025-12-09 14:00:00,4179.87,4212.51,4169.77,4202.44
2025-12-09 18:00:00,4202.95,4208.47,4195.49,4201.29
2025-12-09 22:00:00,4201.27,4221.31,4189.51,4203.12
2025-12-10 02:00:00,4203.02,4216.12,4201.27,4208.32
2025-12-10 06:00:00,4209.56,4217.97,4206.89,4213.91
2025-12-10 10:00:00,4213.92,4218.9,4201.82,4211.45
2025-12-10 14:00:00,4211.44,4211.77,4192.7,4194.34
2025-12-10 18:00:00,4194.39,4204.93,4187.59,4200.83
2025-12-10 22:00:00,4200.82,4206.91,4188.81,4199.68
2025-12-11 02:00:00,4199.74,4238.77,4181.8,4228.56
2025-12-11 06:00:00,4229.64,4247.8,4224.1,4238.21
2025-12-11 10:00:00,4238.16,4240.83,4206.04,4207.63
2025-12-11 14:00:00,4207.68,4221.61,4204.48,4218.52
2025-12-11 18:00:00,4218.39,4225.94,4205.1,4220.92
2025-12-11 22:00:00,4221.09,4281.83,4218.05,4278.79
2025-12-12 02:00:00,4278.66,4285.94,4262.97,4279.79
2025-12-12 06:00:00,4281.49,4283.75,4264.48,4270.9
2025-12-12 10:00:00,4270.83,4280.52,4266.15,4278.9
2025-12-12 14:00:00,4279.03,4320.16,4276.59,4318.2
2025-12-12 18:00:00,4318.39,4346.19,4314.57,4341.11
2025-12-12 22:00:00,4341.11,4353.54,4257.28,4294.14
2025-12-13 02:00:00,4295.17,4304.16,4288.56,4300.22
2025-12-15 06:00:00,4295.98,4325.76,4295.32,4322.42
2025-12-15 10:00:00,4322.44,4344.46,4319.56,4343.52
2025-12-15 14:00:00,4343.48,4350.43,4333.55,4342.51
2025-12-15 18:00:00,4342.47,4348.31,4330.66,4332.21
2025-12-15 22:00:00,4332.3,4336.8,4285.32,4304.51
2025-12-16 02:00:00,4304.56,4317.87,4299.22,4305.04
2025-12-16 06:00:00,4306.8,4317.81,4299.08,4308.86
2025-12-16 10:00:00,4308.78,4312.33,4271.56,4283.86
2025-12-16 14:00:00,4284.13,4292.2,4275.41,4280.32
2025-12-16 18:00:00,4280.38,4313.23,4273.74,4313.07
2025-12-16 22:00:00,4313.16,4335.01,4291.14,4303.55
2025-12-17 02:00:00,4303.13,4315.96,4296.8,4302.16
2025-12-17 06:00:00,4301.01,4326.83,4301.01,4326.72
2025-12-17 10:00:00,4326.72,4342.48,4311.24,4333.99
2025-12-17 14:00:00,4333.98,4337.75,4308.48,4317.0
2025-12-17 18:00:00,4316.98,4344.19,4306.52,4342.1
2025-12-17 22:00:00,4342.22,4349.16,4320.5,4342.37
2025-12-18 02:00:00,4342.58,4346.44,4328.9,4338.31
2025-12-18 06:00:00,4337.77,4343.3,4324.56,4331.6
2025-12-18 10:00:00,4331.4,4337.83,4328.6,4333.28
2025-12-18 14:00:00,4333.37,4337.79,4320.7,4323.6
2025-12-18 18:00:00,4323.58,4343.01,4314.68,4336.51
2025-12-18 22:00:00,4335.6,4374.63,4308.51,4333.09
2025-12-19 02:00:00,4333.2,4341.33,4322.81,4332.51
2025-12-19 06:00:00,4334.04,4336.92,4309.38,4323.3
2025-12-19 10:00:00,4323.33,4328.92,4312.73,4325.91
2025-12-19 14:00:00,4326.08,4333.57,4320.92,4329.57
2025-12-19 18:00:00,4329.43,4335.35,4320.74,4328.35
2025-12-19 22:00:00,4328.35,4356.12,4319.63,4353.55
2025-12-20 02:00:00,4353.45,4356.47,4336.67,4338.6
2025-12-22 06:00:00,4338.52,4384.87,4338.06,4382.86
2025-12-22 10:00:00,4382.89,4409.53,4378.43,4400.09
2025-12-22 14:00:00,4400.14,4420.41,4398.77,4411.17
2025-12-22 18:00:00,4411.22,4427.4,4406.17,4423.71
2025-12-22 22:00:00,4423.7,4442.1,4412.11,4438.44
2025-12-23 02:00:00,4438.84,4449.01,4428.85,4443.68
2025-12-23 06:00:00,4447.56,4490.77,4447.16,4486.66
2025-12-23 10:00:00,4486.64,4497.91,4474.81,4475.13
2025-12-23 14:00:00,4475.06,4493.32,4469.57,4480.34
2025-12-23 18:00:00,4480.29,4497.35,4473.25,4479.23
2025-12-23 22:00:00,4479.22,4479.89,4430.48,4472.73
2025-12-24 02:00:00,4472.73,4499.75,4472.72,4484.74
2025-12-24 06:00:00,4486.01,4525.76,4486.01,4518.67
2025-12-24 10:00:00,4518.67,4519.32,4470.81,4488.33
2025-12-24 14:00:00,4488.36,4498.19,4478.05,4494.83
2025-12-24 18:00:00,4494.81,4499.9,4474.46,4487.98
2025-12-24 22:00:00,4488.02,4489.57,4448.1,4480.57
2025-12-25 02:00:00,4480.62,4482.49,4477.3,4479.37
2025-12-26 06:00:00,4498.82,4531.15,4479.87,4503.91
2025-12-26 10:00:00,4503.89,4514.82,4492.25,4510.1
2025-12-26 14:00:00,4509.99,4520.51,4507.21,4512.67
2025-12-26 18:00:00,4512.65,4528.34,4502.88,4525.14
2025-12-26 22:00:00,4525.1,4549.86,4509.79,4519.12
2025-12-27 02:00:00,4518.78,4535.75,4514.76,4531.68
2025-12-29 06:00:00,4548.84,4549.09,4472.25,4497.35
2025-12-29 10:00:00,4497.22,4520.04,4496.35,4506.42
2025-12-29 14:00:00,4506.6,4510.61,4444.99,4472.13
2025-12-29 18:00:00,4472.08,4474.69,4406.85,4421.69
2025-12-29 22:00:00,4421.62,4421.62,4302.49,4328.21
2025-12-30 02:00:00,4328.25,4344.46,4322.95,4331.77
2025-12-30 06:00:00,4336.51,4360.22,4323.23,4360.22
2025-12-30 10:00:00,4360.21,4380.15,4348.82,4377.83
2025-12-30 14:00:00,4377.62,4383.12,4349.89,4371.98
2025-12-30 18:00:00,4372.01,4404.26,4367.65,4388.41
2025-12-30 22:00:00,4388.41,4392.14,4354.55,4370.17
2025-12-31 02:00:00,4369.79,4378.74,4334.74,4338.48
2025-12-31 06:00:00,4342.55,4373.42,4328.94,4366.04
2025-12-31 10:00:00,4366.14,4371.36,4276.22,4285.83
2025-12-31 14:00:00,4285.89,4337.16,4273.96,4325.81
2025-12-31 18:00:00,4325.84,4348.44,4302.97,4345.96
2025-12-31 22:00:00,4346.01,4353.4,4317.21,4321.97
2026-01-01 02:00:00,4322.04,4331.55,4307.75,4311.63
2026-01-02 06:00:00,4328.78,4356.16,4324.4,4348.1
2026-01-02 10:00:00,4348.14,4381.74,4344.97,4380.64
2026-01-02 14:00:00,4380.64,4397.27,4371.95,4385.39
2026-01-02 18:00:00,4385.39,4402.33,4361.74,4366.0
2026-01-02 22:00:00,4365.32,4373.71,4314.87,4323.12
2026-01-03 02:00:00,4322.47,4333.35,4309.72,4332.7
2026-01-05 06:00:00,4353.22,4420.67,4345.29,4401.97
2026-01-05 10:00:00,4402.1,4414.56,4388.47,4412.45
2026-01-05 14:00:00,4412.22,4438.08,4411.18,4434.95
2026-01-05 18:00:00,4434.97,4439.8,4396.27,4416.8
2026-01-05 22:00:00,4416.89,4455.78,4416.89,4443.46
2026-01-06 02:00:00,4444.11,4449.46,4435.18,4448.98
2026-01-06 06:00:00,4451.02,4460.08,4427.65,4450.52
2026-01-06 10:00:00,4450.45,4474.01,4448.43,4452.02
2026-01-06 14:00:00,4452.53,4475.84,4444.66,4446.2
2026-01-06 18:00:00,4446.21,4470.33,4442.38,4467.91
2026-01-06 22:00:00,4468.13,4491.33,4462.8,4489.31
2026-01-07 02:00:00,4489.21,4497.26,4477.15,4494.79
2026-01-07 06:00:00,4496.24,4500.68,4461.01,4465.59
2026-01-07 10:00:00,4465.57,4480.37,4443.23,4454.26
2026-01-07 14:00:00,4454.27,4474.69,4441.15,4463.52
2026-01-07 18:00:00,4463.12,4467.83,4427.57,4452.8
2026-01-07 22:00:00,4452.52,4468.4,4423.17,4451.94
2026-01-08 02:00:00,4451.79,4461.55,4445.27,4456.51
2026-01-08 06:00:00,4459.46,4466.47,4441.66,4448.32
2026-01-08 10:00:00,4448.34,4449.7,4415.56,4425.67
2026-01-08 14:00:00,4425.52,4439.75,4415.85,4432.59
2026-01-08 18:00:00,4432.52,4436.14,4407.47,4423.69
2026-01-08 22:00:00,4423.83,4465.27,4418.98,4463.38
2026-01-09 02:00:00,4463.16,4479.45,4444.71,4477.36
2026-01-09 06:00:00,4482.65,4483.99,4452.67,4468.93
2026-01-09 10:00:00,4468.85,4476.42,4458.22,4468.17
2026-01-09 14:00:00,4468.18,4477.65,4463.84,4471.11
2026-01-09 18:00:00,4471.04,4491.91,4458.12,4482.81
2026-01-09 22:00:00,4482.91,4517.2,4479.39,4484.75
2026-01-10 02:00:00,4483.76,4511.11,4483.21,4510.04
2026-01-12 06:00:00,4521.41,4600.77,4512.67,4570.63
2026-01-12 10:00:00,4570.25,4585.06,4561.88,4580.97
2026-01-12 14:00:00,4580.96,4599.35,4569.87,4589.23
2026-01-12 18:00:00,4589.22,4620.08,4578.33,4615.87
2026-01-12 22:00:00,4615.86,4630.01,4584.89,4616.31
2026-01-13 02:00:00,4616.35,4618.83,4589.07,4597.54
2026-01-13 06:00:00,4607.78,4607.78,4575.48,4577.69
2026-01-13 10:00:00,4577.78,4602.03,4576.48,4592.11
2026-01-13 14:00:00,4592.06,4596.95,4573.59,4586.2
2026-01-13 18:00:00,4586.24,4620.9,4577.83,4611.44
2026-01-13 22:00:00,4611.41,4634.65,4586.8,4590.51
2026-01-14 02:00:00,4590.43,4602.0,4569.65,4586.62
2026-01-14 06:00:00,4591.56,4620.03,4589.32,4619.25
2026-01-14 10:00:00,4619.26,4639.61,4613.43,4619.85
2026-01-14 14:00:00,4619.88,4639.68,4618.39,4630.43
2026-01-14 18:00:00,4630.47,4641.7,4624.11,4635.76
2026-01-14 22:00:00,4635.94,4638.93,4599.21,4614.26
2026-01-15 02:00:00,4614.39,4642.9,4612.71,4626.4
2026-01-15 06:00:00,4631.75,4632.45,4583.78,4600.07
2026-01-15 10:00:00,4600.12,4614.8,4581.02,4595.07
2026-01-15 14:00:00,4595.06,4613.63,4593.59,4612.47
2026-01-15 18:00:00,4612.63,4623.11,4582.48,4588.26
2026-01-15 22:00:00,4588.37,4624.55,4583.37,4616.61
2026-01-16 02:00:00,4616.61,4621.54,4600.84,4615.6
2026-01-16 06:00:00,4617.52,4620.82,4593.71,4600.61
2026-01-16 10:00:00,4600.57,4615.95,4591.43,4611.63
2026-01-16 14:00:00,4611.62,4612.35,4594.0,4600.78
2026-01-16 18:00:00,4600.68,4615.98,4582.42,4601.75
2026-01-16 22:00:00,4601.83,4620.26,4536.56,4581.51
2026-01-17 02:00:00,4581.22,4598.13,4580.04,4595.4
2026-01-19 06:00:00,4633.93,4690.66,4629.29,4657.36
2026-01-19 10:00:00,4657.29,4674.32,4653.21,4669.96
2026-01-19 14:00:00,4669.95,4678.93,4661.84,4668.47
2026-01-19 18:00:00,4668.33,4673.65,4659.69,4666.23
2026-01-19 22:00:00,4666.17,4678.7,4661.72,4676.35
2026-01-20 02:00:00,4676.31,4680.29,4667.18,4670.95
2026-01-20 06:00:00,4675.1,4676.96,4659.46,4669.56
2026-01-20 10:00:00,4669.55,4716.45,4665.47,4714.37
2026-01-20 14:00:00,4714.42,4737.47,4705.56,4732.36
2026-01-20 18:00:00,4732.35,4738.27,4715.37,4737.23
2026-01-20 22:00:00,4737.12,4762.51,4722.52,4759.27
2026-01-21 02:00:00,4759.28,4766.31,4747.44,4763.55
2026-01-21 06:00:00,4760.68,4844.14,4757.71,4835.22
2026-01-21 10:00:00,4835.11,4878.27,4817.3,4869.77
2026-01-21 14:00:00,4870.03,4888.52,4832.34,4860.47
2026-01-21 18:00:00,4860.41,4880.37,4855.04,4879.52
2026-01-21 22:00:00,4879.52,4881.01,4802.47,4826.24
2026-01-22 02:00:00,4825.81,4853.94,4755.55,4831.25
2026-01-22 06:00:00,4832.0,4833.05,4772.49,4797.77
2026-01-22 10:00:00,4797.41,4821.73,4774.52,4821.16
2026-01-22 14:00:00,4821.17,4838.58,4813.94,4823.03
2026-01-22 18:00:00,4823.04,4836.41,4810.55,4822.5
2026-01-22 22:00:00,4822.41,4906.24,4820.37,4904.63
2026-01-23 02:00:00,4904.61,4940.83,4901.34,4936.3
2026-01-23 06:00:00,4944.43,4967.26,4930.66,4953.67
2026-01-23 10:00:00,4953.41,4967.29,4938.2,4960.64
2026-01-23 14:00:00,4960.65,4962.99,4899.76,4918.57
2026-01-23 18:00:00,4918.55,4947.97,4912.11,4939.06
2026-01-23 22:00:00,4939.09,4988.24,4932.71,4965.83
2026-01-24 02:00:00,4966.08,4989.84,4958.46,4985.91
2026-01-26 06:00:00,5008.85,5085.57,5003.58,5070.88
2026-01-26 10:00:00,5070.94,5093.18,5052.36,5074.23
2026-01-26 14:00:00,5074.23,5111.23,5065.37,5083.93
2026-01-26 18:00:00,5084.03,5096.9,5054.83,5068.54
2026-01-26 22:00:00,5068.59,5105.06,5058.32,5100.8
2026-01-27 02:00:00,5101.03,5103.09,4989.92,5008.22
2026-01-27 06:00:00,5022.86,5076.13,5013.76,5060.11
2026-01-27 10:00:00,5060.05,5085.13,5049.52,5083.09
2026-01-27 14:00:00,5083.07,5100.93,5073.26,5098.68
2026-01-27 18:00:00,5098.29,5098.31,5067.3,5077.35
2026-01-27 22:00:00,5077.36,5103.01,5046.67,5081.22
2026-01-28 02:00:00,5081.48,5190.21,5076.17,5181.14
2026-01-28 06:00:00,5172.51,5225.38,5157.15,5204.43
2026-01-28 10:00:00,5204.6,5266.27,5201.61,5261.42
2026-01-28 14:00:00,5261.41,5311.52,5251.95,5277.96
2026-01-28 18:00:00,5277.97,5289.48,5238.64,5266.45
2026-01-28 22:00:00,5266.38,5307.05,5236.54,5298.03
2026-01-29 02:00:00,5298.22,5419.1,5268.67,5417.51
2026-01-29 06:00:00,5422.61,5597.91,5422.61,5545.9
2026-01-29 10:00:00,5545.86,5564.57,5503.8,5562.49
2026-01-29 14:00:00,5562.44,5595.18,5474.36,5514.13
2026-01-29 18:00:00,5514.16,5543.15,5470.75,5510.25
2026-01-29 22:00:00,5510.41,5549.67,5098.65,5335.15
2026-01-30 02:00:00,5335.1,5425.95,5282.83,5370.5
2026-01-30 06:00:00,5400.04,5450.96,5290.61,5301.26
2026-01-30 10:00:00,5300.89,5313.04,5112.49,5185.06
2026-01-30 14:00:00,5184.73,5205.3,4942.52,5014.67
2026-01-30 18:00:00,5013.8,5145.85,4992.35,5019.53
2026-01-30 22:00:00,5019.87,5113.48,4800.92,4849.83
2026-01-31 02:00:00,4849.56,4947.98,4681.35,4882.54
2026-02-02 06:00:00,4781.13,4884.79,4584.1,4737.16
2026-02-02 10:00:00,4736.93,4772.99,4497.93,4549.57
2026-02-02 14:00:00,4549.78,4731.27,4402.72,4719.33
2026-02-02 18:00:00,4718.54,4812.62,4657.08,4705.93
2026-02-02 22:00:00,4705.97,4793.45,4596.79,4674.12
2026-02-03 02:00:00,4673.78,4712.6,4618.87,4660.02
2026-02-03 06:00:00,4677.34,4857.0,4677.32,4841.67
2026-02-03 10:00:00,4841.27,4841.8,4745.52,4825.21
2026-02-03 14:00:00,4824.99,4948.31,4816.57,4916.16
2026-02-03 18:00:00,4916.43,4950.92,4883.91,4932.68
2026-02-03 22:00:00,4933.04,4993.7,4893.83,4928.8
2026-02-04 02:00:00,4928.1,4963.81,4880.71,4946.65
2026-02-04 06:00:00,4962.55,5053.39,4910.15,5046.26
2026-02-04 10:00:00,5046.25,5090.3,5035.31,5079.31
2026-02-04 14:00:00,5079.36,5091.93,5042.92,5059.95
2026-02-04 18:00:00,5059.84,5064.43,5013.49,5053.97
2026-02-04 22:00:00,5053.96,5058.67,4853.42,4897.95
2026-02-05 02:00:00,4897.84,4970.8,4872.73,4964.5
2026-02-05 06:00:00,4980.35,5023.76,4935.95,4958.68
2026-02-05 10:00:00,4958.71,4961.82,4789.21,4896.24
2026-02-05 14:00:00,4896.33,4943.56,4849.39,4854.71
2026-02-05 18:00:00,4854.72,4894.42,4802.3,4835.49
2026-02-05 22:00:00,4835.28,4906.54,4800.28,4868.97
2026-02-06 02:00:00,4869.13,4875.23,4759.82,4779.25
2026-02-06 06:00:00,4761.51,4784.69,4654.86,4773.91
2026-02-06 10:00:00,4773.94,4898.03,4761.0,4897.7
2026-02-06 14:00:00,4897.69,4902.98,4825.55,4866.73
2026-02-06 18:00:00,4866.71,4938.47,4851.63,4928.97
2026-02-06 22:00:00,4929.18,4968.63,4894.34,4960.68
2026-02-07 02:00:00,4960.67,4971.43,4936.52,4960.75
2026-02-09 06:00:00,4990.56,5046.89,4964.97,4982.41
2026-02-09 10:00:00,4982.4,5041.33,4969.13,5037.1
2026-02-09 14:00:00,5036.61,5045.39,4997.66,5007.73
2026-02-09 18:00:00,5007.74,5024.5,4982.1,5007.12
2026-02-09 22:00:00,5007.11,5080.46,5002.38,5046.27
2026-02-10 02:00:00,5046.26,5086.28,5044.02,5058.18
2026-02-10 06:00:00,5067.96,5075.61,4987.25,5032.97
2026-02-10 10:00:00,5033.23,5056.34,5011.12,5039.65
2026-02-10 14:00:00,5039.54,5063.29,5018.67,5046.57
2026-02-10 18:00:00,5046.59,5058.4,5019.54,5051.01
2026-02-10 22:00:00,5051.51,5078.54,4999.04,5026.35
2026-02-11 02:00:00,5025.6,5045.53,5004.81,5025.21
2026-02-11 06:00:00,5027.37,5054.7,5027.37,5052.64
2026-02-11 10:00:00,5052.63,5063.97,5032.48,5052.71
2026-02-11 14:00:00,5052.78,5071.94,5045.58,5062.81
2026-02-11 18:00:00,5062.81,5118.92,5017.79,5065.99
2026-02-11 22:00:00,5065.98,5098.87,5035.79,5091.76
2026-02-12 02:00:00,5091.6,5094.36,5067.1,5084.42
2026-02-12 06:00:00,5096.67,5099.96,5045.05,5063.14
2026-02-12 10:00:00,5063.8,5078.37,5050.82,5075.7
2026-02-12 14:00:00,5075.86,5080.76,5047.22,5073.14
2026-02-12 18:00:00,5073.26,5083.81,5048.95,5075.58
2026-02-12 22:00:00,5075.53,5077.87,4878.61,4940.94
2026-02-13 02:00:00,4940.81,4958.14,4906.37,4921.8
2026-02-13 06:00:00,4889.84,4988.62,4887.12,4980.86
2026-02-13 10:00:00,4980.79,4997.14,4945.03,4946.25
2026-02-13 14:00:00,4946.5,4989.56,4946.02,4970.42
2026-02-13 18:00:00,4970.06,4999.62,4934.04,4987.2
2026-02-13 22:00:00,4987.24,5033.49,4965.32,5020.89
2026-02-14 02:00:00,5020.9,5046.09,5015.38,5042.83
2026-02-16 06:00:00,5035.13,5035.41,5000.26,5028.74
2026-02-16 10:00:00,5028.76,5031.37,4965.21,4990.49
2026-02-16 14:00:00,4990.44,5017.22,4985.2,5013.41
2026-02-16 18:00:00,5013.43,5017.35,4989.8,4997.15
2026-02-16 22:00:00,4997.12,4999.61,4968.93,4991.53
2026-02-17 02:00:00,4991.69,4997.64,4988.88,4993.63
2026-02-17 06:00:00,4991.65,5000.87,4923.08,4957.74
2026-02-17 10:00:00,4956.72,4971.05,4858.61,4888.74
2026-02-17 14:00:00,4888.71,4932.45,4886.5,4925.88
2026-02-17 18:00:00,4925.43,4944.1,4869.89,4870.6
2026-02-17 22:00:00,4870.52,4907.18,4841.9,4865.19
2026-02-18 02:00:00,4865.2,4910.47,4862.4,4877.36
2026-02-18 06:00:00,4869.58,4892.6,4854.08,4889.86
2026-02-18 10:00:00,4890.06,4939.87,4886.63,4933.37
2026-02-18 14:00:00,4933.36,4941.91,4912.9,4917.41
2026-02-18 18:00:00,4917.42,4969.1,4906.31,4954.49
2026-02-18 22:00:00,4954.67,5010.89,4952.25,4999.36
2026-02-19 02:00:00,4999.32,5003.06,4972.87,4977.2
2026-02-19 06:00:00,4977.11,4988.88,4960.07,4973.16
2026-02-19 10:00:00,4973.1,4998.78,4965.7,4996.92
2026-02-19 14:00:00,4997.16,5022.03,4993.11,4995.88
2026-02-19 18:00:00,4995.87,4998.51,4973.44,4997.18
2026-02-19 22:00:00,4997.17,5022.28,4963.54,4985.06
2026-02-20 02:00:00,4985.16,5004.12,4975.34,4996.14
2026-02-20 06:00:00,5003.18,5014.81,4985.4,4997.12
2026-02-20 10:00:00,4997.11,5011.99,4981.58,5011.99
2026-02-20 14:00:00,5012.11,5042.37,5004.86,5027.53
2026-02-20 18:00:00,5027.65,5048.62,5007.17,5043.66
2026-02-20 22:00:00,5043.8,5076.36,4989.4,5072.87
2026-02-21 02:00:00,5072.8,5106.88,5054.26,5103.76
2026-02-23 06:00:00,5109.06,5172.02,5107.83,5157.38
2026-02-23 10:00:00,5157.4,5176.67,5152.32,5158.38
2026-02-23 14:00:00,5158.38,5161.33,5122.42,5149.42
2026-02-23 18:00:00,5149.49,5165.48,5143.44,5146.18
2026-02-23 22:00:00,5146.17,5219.04,5141.23,5207.84
2026-02-24 02:00:00,5207.98,5237.62,5201.05,5227.61
2026-02-24 06:00:00,5230.95,5249.73,5145.2,5177.13
2026-02-24 10:00:00,5177.23,5191.83,5161.0,5182.72
2026-02-24 14:00:00,5182.74,5184.77,5156.5,5171.52
2026-02-24 18:00:00,5171.51,5181.24,5110.98,5114.9
2026-02-24 22:00:00,5114.85,5163.99,5093.44,5163.68
2026-02-25 02:00:00,5163.77,5173.21,5141.0,5143.69
2026-02-25 06:00:00,5141.52,5190.02,5120.74,5176.88
2026-02-25 10:00:00,5176.86,5210.59,5166.31,5201.63
2026-02-25 14:00:00,5201.89,5201.89,5176.56,5193.2
2026-02-25 18:00:00,5193.4,5195.13,5155.07,5185.33
2026-02-25 22:00:00,5185.32,5217.55,5159.21,5207.06
2026-02-26 02:00:00,5207.05,5208.52,5145.86,5164.94
2026-02-26 06:00:00,5165.12,5198.45,5155.11,5191.6
2026-02-26 10:00:00,5191.57,5205.51,5174.26,5198.11
2026-02-26 14:00:00,5198.35,5199.64,5167.49,5186.49
2026-02-26 18:00:00,5186.29,5190.16,5157.41,5166.39
2026-02-26 22:00:00,5166.33,5192.74,5130.3,5167.35
2026-02-27 02:00:00,5167.37,5200.87,5160.39,5184.9
2026-02-27 06:00:00,5188.23,5194.92,5166.99,5194.09
2026-02-27 10:00:00,5194.11,5200.47,5173.4,5197.95
2026-02-27 14:00:00,5197.94,5199.17,5172.11,5175.5
2026-02-27 18:00:00,5175.43,5240.27,5168.72,5222.89
2026-02-27 22:00:00,5222.71,5257.56,5213.9,5234.53
2026-02-28 02:00:00,5234.73,5280.78,5222.47,5279.95
2026-03-02 06:00:00,5351.8,5393.03,5303.28,5324.74
2026-03-02 10:00:00,5324.64,5367.12,5317.11,5365.86
2026-03-02 14:00:00,5366.09,5419.15,5363.48,5391.92
2026-03-02 18:00:00,5392.0,5416.74,5374.95,5394.0
2026-03-02 22:00:00,5394.04,5395.17,5260.7,5306.8
2026-03-03 02:00:00,5307.27,5346.45,5289.37,5321.97
2026-03-03 06:00:00,5334.19,5379.73,5329.2,5339.31
2026-03-03 10:00:00,5339.56,5375.62,5305.41,5319.2
2026-03-03 14:00:00,5319.43,5335.99,5226.34,5274.87
2026-03-03 18:00:00,5274.43,5287.88,5073.83,5156.79
2026-03-03 22:00:00,5156.69,5175.5,4996.22,5079.31
2026-03-04 02:00:00,5079.31,5148.81,5079.17,5088.16
2026-03-04 06:00:00,5109.8,5178.69,5084.03,5175.11
2026-03-04 10:00:00,5175.12,5190.71,5141.39,5159.8
2026-03-04 14:00:00,5159.77,5185.05,5120.72,5182.33
2026-03-04 18:00:00,5182.36,5206.1,5156.43,5168.01
2026-03-04 22:00:00,5167.95,5185.07,5120.44,5140.85
2026-03-05 02:00:00,5140.8,5146.7,5108.8,5141.0
2026-03-05 06:00:00,5150.07,5186.24,5144.71,5172.32
2026-03-05 10:00:00,5172.34,5194.93,5148.16,5148.56
2026-03-05 14:00:00,5148.62,5180.64,5120.76,5160.92
2026-03-05 18:00:00,5160.9,5171.62,5083.95,5117.79
2026-03-05 22:00:00,5117.54,5129.79,5054.05,5062.76
2026-03-06 02:00:00,5062.74,5094.68,5050.68,5080.88
2026-03-06 06:00:00,5083.76,5143.64,5066.34,5134.78
2026-03-06 10:00:00,5134.48,5141.42,5114.41,5117.25
2026-03-06 14:00:00,5117.46,5123.16,5083.33,5085.71
2026-03-06 18:00:00,5085.77,5131.1,5062.44,5084.84
2026-03-06 22:00:00,5085.06,5171.54,5081.07,5140.92
2026-03-07 02:00:00,5140.69,5174.61,5138.53,5171.06
2026-03-09 06:00:00,5190.43,5192.04,5014.58,5070.12
2026-03-09 10:00:00,5070.35,5140.49,5055.35,5124.37
2026-03-09 14:00:00,5124.36,5134.09,5087.08,5105.2
2026-03-09 18:00:00,5105.21,5112.24,5067.15,5073.88
2026-03-09 22:00:00,5073.09,5116.13,5061.42,5095.88
2026-03-10 02:00:00,5095.43,5147.98,5092.43,5136.6
2026-03-10 06:00:00,5148.47,5186.19,5117.51,5184.03
2026-03-10 10:00:00,5184.02,5186.39,5154.34,5177.93
2026-03-10 14:00:00,5178.05,5195.18,5158.47,5182.48
2026-03-10 18:00:00,5182.45,5228.95,5156.43,5205.79
2026-03-10 22:00:00,5206.27,5238.6,5185.51,5227.64
2026-03-11 02:00:00,5227.76,5228.12,5160.73,5192.66
2026-03-11 06:00:00,5190.1,5223.02,5183.66,5208.57
2026-03-11 10:00:00,5208.37,5220.28,5190.87,5199.54
2026-03-11 14:00:00,5199.77,5210.51,5175.43,5187.83
2026-03-11 18:00:00,5187.95,5196.6,5149.32,5176.77
2026-03-11 22:00:00,5176.54,5196.34,5155.03,5169.71
2026-03-12 02:00:00,5169.56,5183.64,5169.22,5176.09
2026-03-12 06:00:00,5182.09,5182.52,5125.4,5168.48
2026-03-12 10:00:00,5168.76,5175.26,5137.05,5154.31
2026-03-12 14:00:00,5154.55,5190.39,5147.13,5188.29
2026-03-12 18:00:00,5188.08,5191.68,5145.91,5151.34
2026-03-12 22:00:00,5151.21,5163.52,5102.57,5105.08
2026-03-13 02:00:00,5105.18,5112.65,5054.86,5079.24
2026-03-13 06:00:00,5074.8,5124.34,5072.68,5124.15
2026-03-13 10:00:00,5124.48,5128.47,5098.2,5103.02
2026-03-13 14:00:00,5103.04,5107.91,5061.32,5089.6
2026-03-13 18:00:00,5089.55,5121.89,5079.92,5101.88
2026-03-13 22:00:00,5101.92,5107.95,5018.81,5046.45
2026-03-14 02:00:00,5046.46,5051.79,5009.59,5021.27
2026-03-16 06:00:00,5010.84,5031.02,4967.24,5016.04
2026-03-16 10:00:00,5016.02,5026.35,4997.86,5017.46
2026-03-16 14:00:00,5017.48,5035.99,4972.54,4975.42
2026-03-16 18:00:00,4975.39,5034.38,4970.08,5029.88
2026-03-16 22:00:00,5029.87,5038.02,4973.8,4991.26
2026-03-17 02:00:00,4991.57,5021.54,4989.94,5006.19
2026-03-17 06:00:00,5010.94,5028.05,4994.66,5027.66
2026-03-17 10:00:00,5027.83,5044.27,5020.08,5020.72
2026-03-17 14:00:00,5020.82,5029.6,5005.09,5010.47
2026-03-17 18:00:00,5009.79,5031.58,4991.81,5016.79
2026-03-17 22:00:00,5016.7,5020.53,4973.75,5002.51
2026-03-18 02:00:00,5002.5,5009.09,4996.33,5005.45
2026-03-18 06:00:00,5005.02,5015.86,4991.18,4998.75
2026-03-18 10:00:00,4999.27,5006.98,4981.99,4997.32
2026-03-18 14:00:00,4997.52,5016.2,4977.21,4992.06
2026-03-18 18:00:00,4992.07,4992.28,4834.38,4878.16
2026-03-18 22:00:00,4878.27,4899.0,4856.51,4890.73
2026-03-19 02:00:00,4890.82,4899.31,4807.0,4818.83
2026-03-19 06:00:00,4829.45,4867.02,4804.25,4850.05
2026-03-19 10:00:00,4850.06,4866.11,4826.82,4827.62
2026-03-19 14:00:00,4827.63,4841.94,4686.82,4698.89
2026-03-19 18:00:00,4698.73,4720.03,4502.69,4620.35
2026-03-19 22:00:00,4621.28,4649.02,4566.22,4616.21
2026-03-20 02:00:00,4615.66,4663.34,4595.98,4650.3
2026-03-20 06:00:00,4659.03,4699.29,4634.13,4677.21
2026-03-20 10:00:00,4678.28,4735.93,4670.2,4688.51
2026-03-20 14:00:00,4688.53,4734.8,4659.63,4667.47
2026-03-20 18:00:00,4667.3,4695.32,4612.96,4616.32
2026-03-20 22:00:00,4616.1,4622.54,4540.55,4573.46
2026-03-21 02:00:00,4573.55,4578.52,4477.38,4496.99
2026-03-23 06:00:00,4487.05,4536.14,4319.53,4387.53
2026-03-23 10:00:00,4388.24,4422.11,4302.34,4310.16
2026-03-23 14:00:00,4309.79,4310.46,4099.02,4253.48
2026-03-23 18:00:00,4254.06,4492.6,4241.43,4454.36
2026-03-23 22:00:00,4454.34,4512.34,4351.17,4426.23
2026-03-24 02:00:00,4426.94,4467.07,4382.89,4406.64
2026-03-24 06:00:00,4419.92,4448.33,4308.28,4322.23
2026-03-24 10:00:00,4322.65,4379.34,4305.94,4347.16
2026-03-24 14:00:00,4347.22,4432.25,4342.91,4426.54
2026-03-24 18:00:00,4426.42,4441.96,4351.61,4381.46
2026-03-24 22:00:00,4381.08,4433.91,4372.21,4388.5
2026-03-25 02:00:00,4388.56,4484.42,4384.01,4474.53
2026-03-25 06:00:00,4476.62,4601.14,4456.13,4594.94
2026-03-25 10:00:00,4595.05,4602.42,4549.59,4555.81
2026-03-25 14:00:00,4555.83,4567.91,4527.56,4552.04
2026-03-25 18:00:00,4551.94,4585.59,4521.81,4544.74
2026-03-25 22:00:00,4544.98,4579.34,4525.19,4550.71
2026-03-26 02:00:00,4550.57,4568.92,4487.09,4506.27
2026-03-26 06:00:00,4517.37,4544.36,4488.98,4535.62
2026-03-26 10:00:00,4535.68,4535.91,4439.16,4439.2
2026-03-26 14:00:00,4439.26,4463.75,4412.82,4423.53
2026-03-26 18:00:00,4423.59,4460.49,4416.46,4452.69
2026-03-26 22:00:00,4453.24,4479.27,4367.22,4381.49
2026-03-27 02:00:00,4381.39,4420.63,4351.28,4378.37
2026-03-27 06:00:00,4384.38,4420.53,4375.43,4417.46
2026-03-27 10:00:00,4417.73,4474.92,4417.13,4454.59
2026-03-27 14:00:00,4454.13,4472.97,4420.72,4428.72
2026-03-27 18:00:00,4428.73,4445.21,4404.2,4431.14
2026-03-27 22:00:00,4430.87,4555.29,4430.69,4486.53
2026-03-28 02:00:00,4486.76,4528.82,4486.69,4495.29
2026-03-30 06:00:00,4486.25,4514.9,4420.07,4469.64
2026-03-30 10:00:00,4469.61,4528.8,4458.71,4522.25
2026-03-30 14:00:00,4522.19,4550.65,4515.81,4532.48
2026-03-30 18:00:00,4533.42,4580.57,4516.81,4523.24
2026-03-30 22:00:00,4523.1,4556.86,4511.44,4515.17
2026-03-31 02:00:00,4515.11,4523.25,4492.98,4511.01
2026-03-31 06:00:00,4514.19,4619.46,4482.59,4604.94
2026-03-31 10:00:00,4605.08,4607.37,4547.51,4568.93
2026-03-31 14:00:00,4568.66,4575.4,4543.47,4555.48
2026-03-31 18:00:00,4555.4,4609.9,4529.42,4607.51
2026-03-31 22:00:00,4607.34,4667.42,4595.04,4655.01
2026-04-01 02:00:00,4654.52,4687.28,4653.58,4667.07
2026-04-01 06:00:00,4681.82,4724.15,4661.61,4692.59
2026-04-01 10:00:00,4693.38,4703.54,4666.89,4684.17
2026-04-01 14:00:00,4684.36,4747.77,4682.56,4723.32
2026-04-01 18:00:00,4723.33,4763.04,4715.29,4738.07
2026-04-01 22:00:00,4734.2,4793.04,4724.2,4774.24
2026-04-02 02:00:00,4774.25,4778.35,4741.97,4758.07
2026-04-02 06:00:00,4759.38,4800.25,4651.06,4696.87
2026-04-02 10:00:00,4695.99,4704.32,4585.94,4594.06
2026-04-02 14:00:00,4594.61,4651.17,4554.19,4621.71
2026-04-02 18:00:00,4621.91,4651.56,4580.77,4646.25
2026-04-02 22:00:00,4646.45,4699.72,4631.96,4648.7
2026-04-03 02:00:00,4648.71,4682.0,4647.29,4676.12
2026-04-06 06:00:00,4631.66,4665.57,4600.63,4625.8
2026-04-06 10:00:00,4626.11,4678.57,4623.48,4652.6
2026-04-06 14:00:00,4652.63,4706.29,4643.44,4693.49
2026-04-06 18:00:00,4693.94,4697.64,4659.53,4680.02
2026-04-06 22:00:00,4681.61,4697.68,4645.67,4653.52
2026-04-07 02:00:00,4653.82,4666.15,4645.54,4650.64
2026-04-07 06:00:00,4658.51,4668.0,4616.13,4626.78
2026-04-07 10:00:00,4626.82,4663.6,4619.8,4642.99
2026-04-07 14:00:00,4643.12,4694.55,4636.41,4670.89
2026-04-07 18:00:00,4671.19,4680.77,4628.81,4644.26
2026-04-07 22:00:00,4644.02,4686.74,4607.68,4676.01
2026-04-08 02:00:00,4675.96,4718.39,4657.62,4705.59
2026-04-08 06:00:00,4747.06,4857.02,4712.93,4810.14
2026-04-08 10:00:00,4810.09,4843.52,4790.28,4827.66
2026-04-08 14:00:00,4827.56,4839.97,4776.43,4783.16
2026-04-08 18:00:00,4783.19,4807.07,4767.85,4778.08
2026-04-08 22:00:00,4777.25,4792.19,4731.44,4734.04
2026-04-09 02:00:00,4734.42,4744.48,4699.63,4719.07
2026-04-09 06:00:00,4727.87,4732.41,4698.47,4727.5
2026-04-09 10:00:00,4727.53,4733.04,4705.37,4713.09
2026-04-09 14:00:00,4712.98,4733.29,4703.44,4729.34
2026-04-09 18:00:00,4729.32,4777.0,4723.73,4764.39
2026-04-09 22:00:00,4764.49,4801.2,4747.16,4797.77
2026-04-10 02:00:00,4797.84,4798.26,4760.98,4765.5
2026-04-10 06:00:00,4775.64,4779.51,4750.81,4764.73
2026-04-10 10:00:00,4764.68,4770.87,4737.9,4765.74
2026-04-10 14:00:00,4765.75,4765.75,4730.84,4751.52
2026-04-10 18:00:00,4751.47,4782.55,4742.26,4775.03
2026-04-10 22:00:00,4776.51,4795.16,4747.54,4760.15
2026-04-11 02:00:00,4760.48,4773.3,4740.92,4748.66
2026-04-13 06:00:00,4661.08,4728.16,4644.34,4721.14
2026-04-13 10:00:00,4721.08,4730.75,4708.68,4729.47
2026-04-13 14:00:00,4729.46,4740.11,4710.62,4714.6
2026-04-13 18:00:00,4714.58,4744.38,4703.63,4730.49
2026-04-13 22:00:00,4730.31,4750.29,4700.26,4729.95
2026-04-14 02:00:00,4730.11,4747.55,4723.26,4740.48
2026-04-14 06:00:00,4751.47,4776.9,4745.66,4765.07
2026-04-14 10:00:00,4764.84,4777.09,4757.88,4759.96
2026-04-14 14:00:00,4760.07,4796.17,4760.01,4778.31
2026-04-14 18:00:00,4778.35,4803.2,4751.96,4794.74
2026-04-14 22:00:00,4795.12,4841.31,4791.13,4835.08
2026-04-15 02:00:00,4835.1,4846.37,4830.86,4841.92
2026-04-15 06:00:00,4840.14,4871.31,4827.3,4847.22
2026-04-15 10:00:00,4847.02,4853.38,4812.51,4819.88
2026-04-15 14:00:00,4819.9,4825.09,4786.19,4798.27
2026-04-15 18:00:00,4798.18,4830.04,4790.61,4829.03
2026-04-15 22:00:00,4829.3,4830.5,4786.75,4792.51
2026-04-16 02:00:00,4792.63,4803.45,4787.89,4790.67
2026-04-16 06:00:00,4797.42,4837.61,4790.83,4817.81
2026-04-16 10:00:00,4817.89,4838.31,4812.35,4821.41
2026-04-16 14:00:00,4821.39,4831.07,4806.78,4813.0
2026-04-16 18:00:00,4812.99,4823.81,4784.8,4795.31
2026-04-16 22:00:00,4794.81,4812.99,4772.95,4789.33
2026-04-17 02:00:00,4789.34,4798.7,4785.66,4790.97
2026-04-17 06:00:00,4794.55,4801.19,4767.52,4789.42
2026-04-17 10:00:00,4789.37,4806.26,4784.37,4794.13
2026-04-17 14:00:00,4794.04,4801.0,4778.63,4790.25
2026-04-17 18:00:00,4790.42,4889.44,4782.3,4880.49
2026-04-17 22:00:00,4881.22,4885.35,4854.02,4862.55
2026-04-18 02:00:00,4862.65,4867.87,4831.33,4834.06
2026-04-20 06:00:00,4763.04,4814.2,4737.07,4807.96
2026-04-20 10:00:00,4807.87,4809.07,4779.47,4790.99
2026-04-20 14:00:00,4790.97,4805.69,4783.31,4791.44
2026-04-20 18:00:00,4791.43,4826.36,4786.49,4817.97
2026-04-20 22:00:00,4818.01,4827.76,4792.44,4806.69
2026-04-21 02:00:00,4806.82,4821.98,4806.82,4820.62
2026-04-21 06:00:00,4823.94,4832.9,4805.91,4810.36
2026-04-21 10:00:00,4810.37,4810.61,4783.08,4784.2
2026-04-21 14:00:00,4784.21,4792.88,4772.63,4783.6
2026-04-21 18:00:00,4783.63,4797.9,4761.54,4779.19
2026-04-21 22:00:00,4779.08,4782.38,4696.85,4711.26
2026-04-22 02:00:00,4711.43,4720.25,4668.52,4720.25
2026-04-22 06:00:00,4722.01,4754.72,4715.53,4752.32
2026-04-22 10:00:00,4752.63,4772.06,4750.07,4767.73
2026-04-22 14:00:00,4767.72,4772.39,4751.75,4755.29
2026-04-22 18:00:00,4755.4,4760.87,4736.32,4752.8
2026-04-22 22:00:00,4752.37,4757.5,4723.84,4737.31
2026-04-23 02:00:00,4737.36,4749.46,4729.77,4740.11
2026-04-23 06:00:00,4745.51,4753.46,4694.07,4723.09
2026-04-23 10:00:00,4723.08,4724.59,4692.25,4713.43
2026-04-23 14:00:00,4713.5,4724.84,4694.47,4697.66
2026-04-23 18:00:00,4697.11,4743.33,4684.12,4724.4
2026-04-23 22:00:00,4724.39,4741.13,4664.11,4709.26
2026-04-24 02:00:00,4709.41,4720.9,4686.38,4694.31
2026-04-24 06:00:00,4699.29,4711.1,4686.76,4699.27
2026-04-24 10:00:00,4699.65,4700.76,4657.63,4686.27
2026-04-24 14:00:00,4686.61,4697.42,4666.61,4682.16
2026-04-24 18:00:00,4682.07,4717.39,4674.49,4711.07
2026-04-24 22:00:00,4711.27,4740.49,4706.87,4723.56
2026-04-25 02:00:00,4723.43,4726.15,4705.19,4708.01
2026-04-27 06:00:00,4692.78,4709.49,4672.11,4702.73
2026-04-27 10:00:00,4702.75,4730.08,4696.05,4710.19
2026-04-27 14:00:00,4710.17,4718.26,4699.24,4703.5
2026-04-27 18:00:00,4703.52,4712.7,4689.16,4696.11
2026-04-27 22:00:00,4695.77,4696.71,4667.18,4682.12
2026-04-28 02:00:00,4682.09,4685.44,4676.69,4681.69
2026-04-28 06:00:00,4684.09,4701.34,4669.26,4670.72
2026-04-28 10:00:00,4670.71,4679.93,4623.77,4632.11
2026-04-28 14:00:00,4631.95,4642.97,4604.53,4604.89
2026-04-28 18:00:00,4604.62,4616.32,4554.76,4580.51
2026-04-28 22:00:00,4580.42,4601.73,4557.29,4594.6
2026-04-29 02:00:00,4594.62,4600.64,4591.1,4597.3
2026-04-29 06:00:00,4598.72,4610.34,4576.1,4584.7
2026-04-29 10:00:00,4584.72,4607.66,4584.72,4590.82
2026-04-29 14:00:00,4590.79,4598.65,4551.46,4555.88
2026-04-29 18:00:00,4555.71,4576.53,4510.31,4521.68
2026-04-29 22:00:00,4521.69,4564.98,4517.85,4547.39
2026-04-30 02:00:00,4547.62,4553.59,4518.73,4543.66
2026-04-30 06:00:00,4543.71,4582.56,4539.21,4578.99
2026-04-30 10:00:00,4579.11,4581.9,4540.79,4562.68
2026-04-30 14:00:00,4562.69,4631.59,4560.06,4625.32
2026-04-30 18:00:00,4625.28,4646.73,4610.68,4610.93
2026-04-30 22:00:00,4610.95,4626.02,4605.31,4616.92
2026-05-01 02:00:00,4617.13,4627.22,4614.5,4621.7
2026-05-01 06:00:00,4628.14,4634.18,4613.82,4620.78
2026-05-01 10:00:00,4620.46,4635.98,4602.78,4605.01
2026-05-01 14:00:00,4604.77,4607.93,4560.08,4562.99
2026-05-01 18:00:00,4562.8,4628.82,4561.51,4625.82
2026-05-01 22:00:00,4626.03,4660.27,4618.95,4629.47
2026-05-02 02:00:00,4629.46,4630.79,4606.83,4616.19
2026-05-04 06:00:00,4619.77,4629.43,4592.48,4612.83
2026-05-04 10:00:00,4612.87,4618.57,4591.03,4598.89
2026-05-04 14:00:00,4598.93,4600.88,4572.31,4575.21
2026-05-04 18:00:00,4575.18,4579.2,4525.95,4564.13
2026-05-04 22:00:00,4563.93,4583.31,4500.57,4522.16
2026-05-05 02:00:00,4522.49,4527.26,4509.91,4523.66
2026-05-05 06:00:00,4523.31,4542.25,4513.42,4540.79
2026-05-05 10:00:00,4541.46,4551.71,4527.74,4545.52
2026-05-05 14:00:00,4545.54,4560.53,4533.89,4556.16
2026-05-05 18:00:00,4556.39,4584.7,4539.84,4579.26
2026-05-05 22:00:00,4579.28,4586.69,4553.16,4560.06
2026-05-06 02:00:00,4560.04,4565.7,4551.47,4557.63
2026-05-06 06:00:00,4557.95,4628.62,4546.19,4626.13
2026-05-06 10:00:00,4625.88,4663.88,4625.18,4662.95
2026-05-06 14:00:00,4663.0,4708.58,4657.19,4701.58
2026-05-06 18:00:00,4701.95,4722.8,4660.61,4701.98
2026-05-06 22:00:00,4701.62,4716.92,4678.8,4684.0
2026-05-07 02:00:00,4684.19,4700.25,4681.75,4691.02
2026-05-07 06:00:00,4696.2,4721.43,4685.15,4714.82
2026-05-07 10:00:00,4714.58,4718.67,4692.17,4701.11
2026-05-07 14:00:00,4701.11,4753.54,4700.95,4729.18
2026-05-07 18:00:00,4729.2,4758.03,4726.46,4746.31
2026-05-07 22:00:00,4745.8,4764.87,4688.12,4711.48
2026-05-08 02:00:00,4712.08,4719.33,4686.07,4687.28
2026-05-08 06:00:00,4687.13,4725.49,4681.66,4722.98
2026-05-08 10:00:00,4722.96,4732.72,4706.88,4727.64
2026-05-08 14:00:00,4727.65,4734.67,4696.85,4711.8
2026-05-08 18:00:00,4711.81,4748.14,4702.69,4748.14
2026-05-08 22:00:00,4748.12,4749.4,4701.89,4720.82
2026-05-09 02:00:00,4720.83,4729.02,4714.46,4715.2
2026-05-11 06:00:00,4698.59,4705.58,4670.1,4685.82
2026-05-11 10:00:00,4685.78,4700.21,4647.91,4652.16
2026-05-11 14:00:00,4652.09,4680.22,4649.2,4656.87
2026-05-11 18:00:00,4656.79,4748.64,4656.26,4736.05
2026-05-11 22:00:00,4736.05,4738.55,4708.23,4723.6
2026-05-12 02:00:00,4723.91,4738.46,4720.72,4734.8
2026-05-12 06:00:00,4740.33,4773.53,4720.31,4727.08
2026-05-12 10:00:00,4727.09,4733.91,4708.77,4714.16
2026-05-12 14:00:00,4714.11,4714.13,4687.2,4699.61
2026-05-12 18:00:00,4699.62,4711.63,4676.86,4679.24
2026-05-12 22:00:00,4679.92,4695.01,4638.17,4678.77
2026-05-13 02:00:00,4678.79,4719.09,4676.18,4715.34
2026-05-13 06:00:00,4715.37,4726.76,4701.0,4702.69
2026-05-13 10:00:00,4702.62,4707.6,4687.64,4703.88
2026-05-13 14:00:00,4703.95,4715.39,4685.85,4700.82
2026-05-13 18:00:00,4700.81,4710.48,4669.34,4679.47
2026-05-13 22:00:00,4679.44,4709.93,4672.94,4685.47
2026-05-14 02:00:00,4685.56,4694.07,4677.62,4688.95
2026-05-14 06:00:00,4692.72,4706.97,4683.51,4688.86
2026-05-14 10:00:00,4688.91,4712.57,4668.48,4689.79
2026-05-14 14:00:00,4688.72,4718.84,4686.02,4699.7
2026-05-14 18:00:00,4699.75,4710.17,4666.77,4679.67
2026-05-14 22:00:00,4678.9,4700.95,4670.45,4678.09
2026-05-15 02:00:00,4678.22,4678.47,4644.24,4652.5
2026-05-15 06:00:00,4649.38,4665.29,4607.33,4614.05
2026-05-15 10:00:00,4613.97,4623.4,4558.2,4558.83
2026-05-15 14:00:00,4558.77,4588.73,4531.89,4545.81
2026-05-15 18:00:00,4545.85,4572.64,4511.86,4533.54
2026-05-15 22:00:00,4533.28,4566.57,4525.46,4559.48
2026-05-16 02:00:00,4559.69,4563.11,4533.24,4538.28
2026-05-18 06:00:00,4531.32,4555.12,4480.54,4525.24
2026-05-18 10:00:00,4525.02,4552.06,4521.93,4531.03
2026-05-18 14:00:00,4530.25,4560.07,4529.88,4543.12
2026-05-18 18:00:00,4542.92,4584.32,4529.91,4575.56
2026-05-18 22:00:00,4574.9,4575.29,4532.65,4547.11
2026-05-19 02:00:00,4547.16,4566.74,4534.11,4566.31
2026-05-19 06:00:00,4568.99,4588.91,4554.04,4563.97
2026-05-19 10:00:00,4563.83,4563.83,4531.07,4540.87
2026-05-19 14:00:00,4540.9,4559.17,4533.59,4541.68
2026-05-19 18:00:00,4541.69,4547.98,4464.82,4503.99
2026-05-19 22:00:00,4503.7,4514.15,4484.48,4501.02
2026-05-20 02:00:00,4501.27,4503.78,4480.92,4481.89
2026-05-20 06:00:00,4481.68,4509.03,4456.2,4481.18
2026-05-20 10:00:00,4481.42,4486.98,4453.53,4472.73
2026-05-20 14:00:00,4472.73,4491.09,4461.55,4485.07
2026-05-20 18:00:00,4485.01,4506.2,4481.96,4483.15
2026-05-20 22:00:00,4483.84,4552.54,4467.07,4531.55
2026-05-21 02:00:00,4531.75,4550.39,4529.5,4543.85
2026-05-21 06:00:00,4546.66,4570.79,4534.47,4560.97
2026-05-21 10:00:00,4561.5,4564.95,4518.36,4528.02
2026-05-21 14:00:00,4527.88,4542.86,4511.75,4530.78
2026-05-21 18:00:00,4530.74,4535.04,4488.66,4513.24
2026-05-21 22:00:00,4513.06,4559.36,4496.65,4551.59
2026-05-22 02:00:00,4550.97,4556.21,4527.34,4543.0
2026-05-22 06:00:00,4542.07,4546.07,4521.04,4526.48
2026-05-22 10:00:00,4526.43,4534.3,4507.49,4511.1
2026-05-22 14:00:00,4511.08,4535.97,4510.27,4532.1
2026-05-22 18:00:00,4532.11,4536.88,4510.01,4514.0
2026-05-22 22:00:00,4513.91,4527.9,4491.89,4519.31
2026-05-23 02:00:00,4519.12,4520.0,4504.04,4506.96
2026-05-25 06:00:00,4542.04,4579.71,4541.56,4562.97
2026-05-25 10:00:00,4562.93,4570.26,4551.98,4553.28
2026-05-25 14:00:00,4553.22,4569.08,4550.35,4567.38
2026-05-25 18:00:00,4567.42,4577.03,4552.85,4562.91
2026-05-25 22:00:00,4562.92,4577.66,4562.16,4565.3
2026-05-26 02:00:00,4565.3,4571.5,4564.54,4570.75
2026-05-26 06:00:00,4571.71,4580.28,4527.95,4537.1
2026-05-26 10:00:00,4536.86,4545.36,4522.97,4527.11
2026-05-26 14:00:00,4527.12,4539.01,4512.24,4522.54
2026-05-26 18:00:00,4523.1,4540.66,4500.53,4513.93
2026-05-26 22:00:00,4514.8,4525.04,4489.95,4491.16
2026-05-27 02:00:00,4490.85,4510.51,4482.6,4507.7
2026-05-27 06:00:00,4515.43,4527.83,4496.24,4507.84
2026-05-27 10:00:00,4507.85,4517.24,4491.61,4497.42
2026-05-27 14:00:00,4497.64,4499.23,4475.73,4490.04
2026-05-27 18:00:00,4490.03,4490.64,4401.51,4427.18
2026-05-27 22:00:00,4427.14,4455.38,4425.88,4450.25
2026-05-28 02:00:00,4450.08,4458.93,4447.61,4456.43
2026-05-28 06:00:00,4463.03,4465.93,4407.05,4410.12
2026-05-28 10:00:00,4410.21,4412.75,4366.29,4387.8
2026-05-28 14:00:00,4388.06,4398.9,4374.06,4393.44
2026-05-28 18:00:00,4393.71,4439.06,4375.33,4430.55
2026-05-28 22:00:00,4430.25,4514.59,4420.73,4508.84
2026-05-29 02:00:00,4508.85,4516.63,4494.76,4495.58
2026-05-29 06:00:00,4499.08,4520.72,4488.94,4506.33
2026-05-29 10:00:00,4506.04,4515.82,4494.63,4514.98
2026-05-29 14:00:00,4515.47,4539.37,4509.94,4531.18
2026-05-29 18:00:00,4531.0,4543.3,4512.6,4536.7
2026-05-29 22:00:00,4536.62,4595.0,4525.4,4553.34
2026-05-30 02:00:00,4553.35,4561.78,4539.62,4539.83
2026-06-01 06:00:00,4522.08,4545.98,4517.93,4525.55
2026-06-01 10:00:00,4525.52,4534.7,4508.49,4518.3
2026-06-01 14:00:00,4518.29,4518.84,4489.32,4495.89
2026-06-01 18:00:00,4495.91,4512.97,4448.86,4450.42
2026-06-01 22:00:00,4449.38,4495.4,4447.55,4487.42
2026-06-02 02:00:00,4487.46,4490.28,4479.03,4484.86
2026-06-02 06:00:00,4485.52,4497.24,4462.83,4473.97
2026-06-02 10:00:00,4473.85,4528.02,4472.18,4517.13
2026-06-02 14:00:00,4517.14,4541.57,4517.03,4529.89
2026-06-02 18:00:00,4529.74,4534.7,4502.92,4502.92
2026-06-02 22:00:00,4502.51,4508.65,4481.98,4484.72
2026-06-03 02:00:00,4484.74,4491.11,4478.67,4488.06
2026-06-03 06:00:00,4491.79,4496.66,4461.88,4475.86
2026-06-03 10:00:00,4476.08,4488.17,4456.52,4456.9
2026-06-03 14:00:00,4456.91,4472.26,4438.86,4443.21
2026-06-03 18:00:00,4443.27,4468.17,4426.36,4445.75
2026-06-03 22:00:00,4445.06,4459.6,4433.68,4438.89
2026-06-04 02:00:00,4438.88,4452.32,4430.39,4434.29
2026-06-04 06:00:00,4436.94,4473.76,4423.85,4465.73
2026-06-04 10:00:00,4465.52,4483.96,4455.73,4468.99
2026-06-04 14:00:00,4469.35,4477.28,4458.38,4470.17
2026-06-04 18:00:00,4470.27,4515.48,4464.25,4495.62
2026-06-04 22:00:00,4495.66,4499.89,4457.25,4478.2
2026-06-05 02:00:00,4478.0,4483.51,4472.66,4475.41
2026-06-05 06:00:00,4473.69,4481.54,4444.21,4446.92
2026-06-05 10:00:00,4446.87,4455.11,4435.12,4440.11
2026-06-05 14:00:00,4440.55,4469.31,4428.55,4465.03
2026-06-05 18:00:00,4464.77,4475.75,4365.47,4365.56
2026-06-05 22:00:00,4365.83,4379.1,4323.34,4341.89
2026-06-06 02:00:00,4342.18,4342.25,4311.65,4327.73
2026-06-08 06:00:00,4328.03,4353.38,4300.33,4325.7
2026-06-08 10:00:00,4326.2,4330.75,4268.53,4291.88
2026-06-08 14:00:00,4291.87,4316.96,4272.97,4294.11
2026-06-08 18:00:00,4294.89,4346.55,4286.02,4326.59
2026-06-08 22:00:00,4326.92,4346.25,4314.93,4339.22
2026-06-09 02:00:00,4339.28,4346.01,4323.24,4329.9
2026-06-09 06:00:00,4330.49,4338.91,4312.83,4336.62
2026-06-09 10:00:00,4336.61,4351.48,4324.32,4343.35
2026-06-09 14:00:00,4343.31,4348.95,4321.14,4332.04
2026-06-09 18:00:00,4332.07,4363.54,4325.19,4329.01
2026-06-09 22:00:00,4328.83,4336.12,4236.65,4262.95
2026-06-10 02:00:00,4263.15,4274.44,4249.87,4259.62
2026-06-10 06:00:00,4255.91,4257.49,4183.91,4188.64
2026-06-10 10:00:00,4189.27,4209.13,4172.31,4205.05
2026-06-10 14:00:00,4205.08,4221.86,4161.48,4168.79
2026-06-10 18:00:00,4168.8,4186.25,4130.49,4179.62
2026-06-10 22:00:00,4179.72,4180.81,4100.8,4111.78
2026-06-11 02:00:00,4112.03,4120.59,4067.0,4071.52
2026-06-11 06:00:00,4070.87,4118.03,4023.76,4101.96
2026-06-11 10:00:00,4101.72,4106.12,4052.12,4094.15
2026-06-11 14:00:00,4094.11,4112.67,4076.32,4091.69
2026-06-11 18:00:00,4091.37,4095.98,4057.5,4083.08
2026-06-11 22:00:00,4083.26,4169.67,4053.05,4151.92
2026-06-12 02:00:00,4152.0,4219.94,4131.16,4210.97
2026-06-12 06:00:00,4218.09,4246.39,4171.48,4186.93
2026-06-12 10:00:00,4186.34,4205.01,4170.57,4173.18
2026-06-12 14:00:00,4173.52,4228.02,4170.12,4221.74
2026-06-12 18:00:00,4221.83,4225.71,4182.74,4186.05
2026-06-12 22:00:00,4186.67,4235.7,4176.85,4221.2
2026-06-13 02:00:00,4221.51,4235.52,4201.73,4216.98
2026-06-15 06:00:00,4268.16,4319.65,4265.22,4316.6
2026-06-15 10:00:00,4316.5,4335.58,4307.38,4310.29
2026-06-15 14:00:00,4309.94,4345.24,4300.78,4336.81
2026-06-15 18:00:00,4336.88,4368.89,4324.54,4355.45
2026-06-15 22:00:00,4355.26,4369.24,4320.6,4324.9
2026-06-16 02:00:00,4324.94,4328.11,4306.29,4309.28
2026-06-16 06:00:00,4311.23,4325.93,4306.05,4313.35
2026-06-16 10:00:00,4313.36,4333.23,4307.38,4315.7
2026-06-16 14:00:00,4315.88,4348.39,4313.49,4345.12
2026-06-16 18:00:00,4345.2,4355.04,4331.57,4331.63
2026-06-16 22:00:00,4331.9,4347.02,4313.07,4340.34
2026-06-17 02:00:00,4340.22,4343.01,4329.42,4331.39
2026-06-17 06:00:00,4334.52,4349.75,4328.25,4341.06
2026-06-17 10:00:00,4340.69,4344.41,4317.75,4326.63
2026-06-17 14:00:00,4327.78,4335.72,4317.66,4329.71
2026-06-17 18:00:00,4329.72,4345.06,4319.85,4339.96
2026-06-17 22:00:00,4340.03,4382.15,4330.92,4379.84
2026-06-18 02:00:00,4379.33,4379.99,4219.0,4257.98
2026-06-18 06:00:00,4257.51,4328.67,4254.35,4317.63
2026-06-18 10:00:00,4317.62,4329.9,4301.12,4307.85
2026-06-18 14:00:00,4307.86,4309.89,4259.45,4268.85
2026-06-18 18:00:00,4268.54,4276.8,4240.05,4256.78
2026-06-18 22:00:00,4256.27,4257.52,4213.98,4230.44
2026-06-19 02:00:00,4230.49,4233.29,4201.35,4208.97
2026-06-19 06:00:00,4212.82,4213.37,4184.03,4184.66
2026-06-19 10:00:00,4184.64,4186.11,4121.58,4139.78
2026-06-19 14:00:00,4139.8,4178.54,4132.66,4163.04
2026-06-19 18:00:00,4163.15,4183.26,4141.73,4151.32
2026-06-19 22:00:00,4151.09,4158.0,4142.35,4155.48
2026-06-22 06:00:00,4148.89,4220.98,4136.3,4190.66
2026-06-22 10:00:00,4191.05,4200.38,4170.75,4193.96
2026-06-22 14:00:00,4193.94,4210.07,4188.51,4208.03
2026-06-22 18:00:00,4208.34,4214.89,4183.12,4199.7
2026-06-22 22:00:00,4199.93,4210.59,4169.97,4183.23
2026-06-23 02:00:00,4183.34,4193.83,4182.42,4191.51
2026-06-23 06:00:00,4192.02,4198.64,4150.16,4160.99
2026-06-23 10:00:00,4160.96,4163.61,4114.59,4121.05
2026-06-23 14:00:00,4121.4,4126.95,4090.83,4122.45
2026-06-23 18:00:00,4122.73,4140.57,4105.29,4135.76
2026-06-23 22:00:00,4135.46,4144.79,4122.97,4128.16
2026-06-24 02:00:00,4128.04,4131.21,4107.31,4110.04
2026-06-24 06:00:00,4113.21,4115.29,4068.37,4089.18
2026-06-24 10:00:00,4089.15,4096.0,4050.28,4075.66
2026-06-24 14:00:00,4075.75,4097.56,4064.1,4064.74
2026-06-24 18:00:00,4064.99,4066.79,3964.42,4038.56
2026-06-24 22:00:00,4038.29,4040.89,3972.82,3972.9
2026-06-25 02:00:00,3973.19,4002.97,3959.14,3999.3
2026-06-25 06:00:00,4006.72,4018.76,3972.28,3976.92
2026-06-25 10:00:00,3977.38,4000.88,3963.58,3986.2
2026-06-25 14:00:00,3986.17,4002.17,3971.29,3988.06
2026-06-25 18:00:00,3987.98,4034.07,3973.59,4002.43
2026-06-25 22:00:00,4003.45,4044.08,3998.91,4034.89
2026-06-26 02:00:00,4034.94,4044.36,4021.87,4026.48
2026-06-26 06:00:00,4028.97,4036.68,4011.21,4021.12
2026-06-26 10:00:00,4021.69,4023.43,3982.89,4007.72
2026-06-26 14:00:00,4007.74,4054.18,4006.77,4047.35
2026-06-26 18:00:00,4047.38,4077.91,4036.04,4073.8
2026-06-26 22:00:00,4073.8,4096.04,4067.75,4074.59
2026-06-27 02:00:00,4074.67,4081.88,4064.42,4080.53
2026-06-29 06:00:00,4079.21,4086.23,4048.17,4061.47
2026-06-29 10:00:00,4061.44,4075.71,4039.23,4054.23
2026-06-29 14:00:00,4054.75,4068.33,4025.03,4031.67
2026-06-29 18:00:00,4031.66,4052.53,4027.29,4032.02
2026-06-29 22:00:00,4032.55,4035.3,4000.66,4021.16
2026-06-30 02:00:00,4021.17,4025.4,4005.22,4016.68
2026-06-30 06:00:00,4018.17,4022.55,3942.5,3969.15
2026-06-30 10:00:00,3969.3,3998.22,3952.55,3978.13
2026-06-30 14:00:00,3978.37,4037.75,3978.37,4024.04
2026-06-30 18:00:00,4024.17,4037.41,4008.48,4029.8
2026-06-30 22:00:00,4030.21,4063.53,4020.65,4030.68
2026-07-01 02:00:00,4030.67,4033.93,4006.35,4007.44
2026-07-01 06:00:00,4012.62,4018.46,3973.71,3977.93
2026-07-01 10:00:00,3977.92,3986.98,3969.65,3974.06
2026-07-01 14:00:00,3974.05,3985.98,3959.64,3984.6
2026-07-01 18:00:00,3984.68,4107.79,3981.19,4089.71
2026-07-01 22:00:00,4089.67,4115.36,4067.35,4068.41
2026-07-02 02:00:00,4068.46,4070.89,4028.41,4031.27
2026-07-02 06:00:00,4034.04,4068.38,4030.63,4050.31
2026-07-02 10:00:00,4049.83,4074.23,4041.12,4066.19
2026-07-02 14:00:00,4066.21,4080.12,4060.69,4065.42
2026-07-02 18:00:00,4065.54,4144.18,4057.36,4136.63
2026-07-02 22:00:00,4136.64,4138.02,4100.25,4106.72
2026-07-03 02:00:00,4106.88,4127.17,4105.97,4123.5
2026-07-03 06:00:00,4126.31,4195.52,4121.06,4182.47
2026-07-03 10:00:00,4182.46,4186.85,4169.03,4171.09
2026-07-03 14:00:00,4171.1,4186.66,4160.31,4172.18
2026-07-03 18:00:00,4171.88,4186.45,4163.38,4164.49
2026-07-03 22:00:00,4164.48,4176.53,4155.2,4175.03
2026-07-06 06:00:00,4178.04,4203.1,4170.25,4186.22
2026-07-06 10:00:00,4186.45,4187.96,4145.06,4148.09
2026-07-06 14:00:00,4148.1,4166.37,4136.54,4143.34
2026-07-06 18:00:00,4143.35,4159.68,4131.36,4140.63
2026-07-06 22:00:00,4140.63,4161.74,4128.59,4161.15
2026-07-07 02:00:00,4161.12,4167.4,4155.3,4165.13
2026-07-07 06:00:00,4166.35,4168.55,4125.8,4142.1
2026-07-07 10:00:00,4142.28,4145.38,4116.43,4123.69
2026-07-07 14:00:00,4123.73,4139.35,4119.64,4131.04
2026-07-07 18:00:00,4131.33,4180.52,4131.05,4158.82
2026-07-07 22:00:00,4158.81,4163.59,4135.73,4144.43
2026-07-08 02:00:00,4144.44,4145.34,4092.45,4106.08
2026-07-08 06:00:00,4094.67,4126.85,4093.72,4111.42
2026-07-08 10:00:00,4111.67,4134.04,4106.12,4127.59
2026-07-08 14:00:00,4127.61,4133.54,4041.45,4043.44
2026-07-08 18:00:00,4043.68,4086.61,4040.61,4070.97
2026-07-08 22:00:00,4070.49,4076.46,4021.65,4065.79
2026-07-09 02:00:00,4065.49,4091.67,4063.59,4077.67
2026-07-09 06:00:00,4077.93,4089.7,4062.26,4072.5
2026-07-09 10:00:00,4072.97,4084.39,4054.16,4082.15
2026-07-09 14:00:00,4081.91,4117.91,4081.65,4106.54
2026-07-09 18:00:00,4106.21,4129.71,4094.02,4121.94
2026-07-09 22:00:00,4121.86,4138.31,4114.27,4136.07
2026-07-10 02:00:00,4136.33,4136.52,4118.89,4123.55
2026-07-10 06:00:00,4124.79,4131.13,4109.0,4117.1
2026-07-10 10:00:00,4116.81,4134.94,4108.19,4116.52
2026-07-10 14:00:00,4116.83,4120.22,4094.31,4104.23
2026-07-10 18:00:00,4104.37,4117.55,4085.53,4099.8
2026-07-10 22:00:00,4100.1,4115.55,4072.64,4100.96
2026-07-11 02:00:00,4100.98,4120.18,4097.79,4119.06
2026-07-13 06:00:00,4097.61,4103.38,4061.04,4072.0
2026-07-13 10:00:00,4072.4,4077.28,4050.15,4053.91
2026-07-13 14:00:00,4053.86,4080.74,4044.03,4068.22
2026-07-13 18:00:00,4068.16,4070.72,4042.11,4043.36
2026-07-13 22:00:00,4043.17,4046.97,3986.64,3993.09
2026-07-14 02:00:00,3993.44,4006.31,3986.71,4001.01
2026-07-14 06:00:00,4005.38,4012.31,3983.23,4010.37
2026-07-14 10:00:00,4010.95,4034.21,4006.04,4031.2
2026-07-14 14:00:00,4031.27,4033.31,4013.64,4021.86
2026-07-14 18:00:00,4021.9,4102.77,4014.99,4076.81
2026-07-14 22:00:00,4076.55,4100.45,4054.52,4062.64
2026-07-15 02:00:00,4062.75,4063.08,4042.75,4053.0
2026-07-15 06:00:00,4051.7,4062.14,4035.41,4037.12
2026-07-15 10:00:00,4037.05,4042.15,4022.06,4034.87
2026-07-15 14:00:00,4034.65,4035.4,4017.35,4030.2
2026-07-15 18:00:00,4030.38,4074.23,4026.74,4061.81
2026-07-15 22:00:00,4062.14,4066.19,4026.7,4062.46
2026-07-16 02:00:00,4062.44,4081.36,4047.77,4059.93
2026-07-16 06:00:00,4064.37,4065.63,4034.06,4038.84
2026-07-16 10:00:00,4038.88,4039.92,4024.44,4027.08
2026-07-16 14:00:00,4027.06,4037.86,4022.9,4031.96
2026-07-16 18:00:00,4031.96,4043.48,3973.85,3990.07
2026-07-16 22:00:00,3990.05,4016.85,3979.95,3984.53
2026-07-17 02:00:00,3984.69,3990.55,3969.41,3976.28
2026-07-17 06:00:00,3978.07,3996.06,3973.08,3983.35
2026-07-17 10:00:00,3983.56,4008.46,3970.65,3984.83
2026-07-17 14:00:00,3985.03,4007.17,3985.03,3997.93
2026-07-17 18:00:00,3997.95,4003.47,3959.25,3997.21
2026-07-17 22:00:00,3996.97,4023.91,3990.18,4010.21
2026-07-18 02:00:00,4010.42,4018.5,4002.31,4016.65
2026-07-20 06:00:00,4001.52,4020.84,3982.63,4002.4
2026-07-20 10:00:00,4002.59,4028.74,4001.23,4008.84
2026-07-20 14:00:00,4008.8,4030.71,4002.16,4021.03
2026-07-20 18:00:00,4021.01,4040.58,4005.62,4005.63
2026-07-20 22:00:00,4005.58,4019.65,3998.29,4005.1
2026-07-21 02:00:00,4005.15,4017.98,4003.49,4007.74
2026-07-21 06:00:00,4009.25,4035.93,3999.56,4023.36
2026-07-21 10:00:00,4023.38,4067.95,4021.84,4061.74
2026-07-21 14:00:00,4061.76,4084.28,4059.08,4066.21
2026-07-21 18:00:00,4066.19,4070.35,4044.7,4053.36
2026-07-21 22:00:00,4053.38,4083.31,4051.8,4068.8
2026-07-22 02:00:00,4068.85,4086.79,4067.75,4077.88
2026-07-22 06:00:00,4079.68,4123.75,4076.66,4121.95
2026-07-22 10:00:00,4121.73,4141.82,4119.05,4131.23
2026-07-22 14:00:00,4131.13,4135.34,4109.13,4114.91
2026-07-22 18:00:00,4115.02,4155.94,4105.99,4154.64
2026-07-22 22:00:00,4155.0,4166.19,4138.2,4142.61
2026-07-23 02:00:00,4142.68,4142.9,4128.26,4130.15
2026-07-23 06:00:00,4117.63,4141.2,4114.28,4118.0
2026-07-23 10:00:00,4117.89,4133.15,4111.89,4123.86
2026-07-23 14:00:00,4124.01,4128.22,4086.83,4089.75
2026-07-23 18:00:00,4090.03,4095.38,4040.39,4043.16
2026-07-23 22:00:00,4043.54,4061.85,4040.16,4041.67
2026-07-24 02:00:00,4041.71,4051.24,4040.73,4049.57
2026-07-24 06:00:00,4048.76,4050.79,4040.16,4043.46
2026-07-24 10:00:00,4043.54,4048.33,4021.88,4022.93
2026-07-24 14:00:00,4022.9,4060.91,4022.88,4060.0
2026-07-24 18:00:00,4059.98,4068.83,4044.63,4067.4
2026-07-24 22:00:00,4067.75,4082.23,4055.82,4063.56
2026-07-25 02:00:00,4063.72,4064.59,4049.16,4053.07
2026-07-27 06:00:00,4090.38,4116.0,4083.46,4109.92
2026-07-27 10:00:00,4110.28,4111.05,4084.24,4093.26
2026-07-27 14:00:00,4093.05,4105.95,4087.28,4096.4
2026-07-27 18:00:00,4096.26,4104.13,4070.58,4074.02
2026-07-27 22:00:00,4074.26,4093.95,4065.25,4076.57
2026-07-28 02:00:00,4076.44,4089.64,4072.87,4076.44
2026-07-28 06:00:00,4081.17,4081.65,4042.39,4045.31
2026-07-28 10:00:00,4045.36,4051.08,4034.69,4045.4
2026-07-28 14:00:00,4045.46,4055.28,4019.69,4023.62
2026-07-28 18:00:00,4023.22,4038.11,4016.91,4021.98
2026-07-28 22:00:00,4022.05,4047.2,4011.39,4027.99
2026-07-29 02:00:00,4028.1,4030.69,4021.61,4028.41
2026-07-29 06:00:00,4027.75,4030.6,4010.05,4025.74
2026-07-29 10:00:00,4026.05,4040.21,4020.44,4033.17
2026-07-29 14:00:00,4033.16,4047.89,4031.46,4032.8
2026-07-29 18:00:00,4032.83,4036.31,4002.34,4007.04
2026-07-29 22:00:00,4007.1,4050.71,3995.84,4044.25
2026-07-30 02:00:00,4044.23,4116.28,4042.62,4066.43
2026-07-30 06:00:00,4071.54,4100.12,4064.57,4084.41
2026-07-30 10:00:00,4084.33,4090.55,4028.62,4033.57
2026-07-30 14:00:00,4033.66,4073.17,4029.26,4063.52
2026-07-30 18:00:00,4063.62,4112.99,4063.02,4112.26
2026-07-30 22:00:00,4112.22,4120.48,4083.1,4102.74
2026-07-31 02:00:00,4102.77,4117.59,4098.72,4103.81
2026-07-31 06:00:00,4105.64,4111.88,4081.99,4084.48
2026-07-31 10:00:00,4084.49,4090.35,4071.73,4074.22
2026-07-31 14:00:00,4074.25,4087.67,4050.12,4055.26
2026-07-31 18:00:00,4055.22,4061.19,4021.74,4025.29
2026-07-31 22:00:00,4025.14,4054.91,4020.93,4053.58
2026-08-01 02:00:00,4053.93,4055.64,4044.31,4046.34
2026-08-03 06:00:00,4074.73,4079.67,4047.22,4056.38
2026-08-03 10:00:00,4056.43,4072.02,4051.78,4069.11
2026-08-03 14:00:00,4069.17,4072.01,4046.61,4055.47
2026-08-03 18:00:00,4055.54,4064.72,4019.16,4032.42
2026-08-03 22:00:00,4029.29,4041.07,4026.64,4030.42
2026-08-04 02:00:00,4030.45,4058.23,4029.51,4055.23
2026-08-04 06:00:00,4054.33,4069.15,4042.22,4058.56
2026-08-04 10:00:00,4058.56,4067.91,4050.89,4061.65
2026-08-04 14:00:00,4061.6,4073.04,4046.23,4049.7
2026-08-04 18:00:00,4050.01,4093.85,4045.36,4084.37
2026-08-04 22:00:00,4084.28,4106.46,4074.29,4086.26
2026-08-05 02:00:00,4085.85,4089.08,4074.49,4077.47
2026-08-05 06:00:00,4078.58,4102.8,4065.27,4101.57
2026-08-05 10:00:00,4101.12,4173.08,4095.24,4161.32
2026-08-05 14:00:00,4161.33,4179.72,4153.07,4158.15
2026-08-05 18:00:00,4158.15,4213.45,4149.96,4205.89
2026-08-05 22:00:00,4205.16,4265.18,4203.6,4250.17
2026-08-06 02:00:00,4250.19,4267.8,4242.83,4247.01
2026-08-06 06:00:00,4250.59,4303.09,4245.67,4286.43
2026-08-06 10:00:00,4285.85,4304.05,4247.2,4267.46
2026-08-06 14:00:00,4267.44,4284.81,4249.17,4272.89
2026-08-06 18:00:00,4272.91,4274.32,4230.8,4267.17
2026-08-06 22:00:00,4267.27,4275.42,4223.39,4247.21
2026-08-07 02:00:00,4247.39,4251.45,4233.08,4240.49
2026-08-07 06:00:00,4239.21,4259.49,4229.59,4256.9
2026-08-07 10:00:00,4256.92,4280.72,4246.92,4278.82
2026-08-07 14:00:00,4278.84,4320.22,4278.37,4316.22
2026-08-07 18:00:00,4316.04,4371.89,4301.38,4347.91
2026-08-07 22:00:00,4348.0,4358.46,4327.33,4340.16
2026-08-08 02:00:00,4340.37,4350.47,4332.08,4341.49
2026-08-10 06:00:00,4348.43,4350.69,4313.24,4322.64
2026-08-10 10:00:00,4322.62,4352.36,4317.61,4347.51
2026-08-10 14:00:00,4347.66,4362.17,4340.64,4341.35
2026-08-10 18:00:00,4341.36,4344.39,4316.57,4318.08
2026-08-10 22:00:00,4318.23,4365.59,4317.92,4360.4
2026-08-11 02:00:00,4360.42,4395.36,4360.07,4390.37
2026-08-11 06:00:00,4389.79,4434.23,4388.54,4429.74
2026-08-11 10:00:00,4429.69,4435.2,4367.74,4375.13
2026-08-11 14:00:00,4374.54,4382.79,4356.73,4372.62
2026-08-11 18:00:00,4372.63,4404.34,4371.33,4389.55
2026-08-11 22:00:00,4389.36,4398.9,4369.08,4369.35
2026-08-12 02:00:00,4369.27,4374.25,4360.25,4368.0
2026-08-12 06:00:00,4371.93,4397.38,4362.46,4396.36
2026-08-12 10:00:00,4396.21,4416.06,4383.89,4391.07
2026-08-12 14:00:00,4391.05,4424.17,4385.17,4415.77
2026-08-12 18:00:00,4415.97,4441.38,4382.8,4427.61
2026-08-12 22:00:00,4427.64,4439.78,4396.65,4399.72
2026-08-13 02:00:00,4399.64,4418.48,4396.43,4408.66
2026-08-13 06:00:00,4409.96,4449.68,4398.21,4408.64
2026-08-13 10:00:00,4408.3,4414.3,4380.59,4383.14
2026-08-13 14:00:00,4383.11,4385.7,4364.11,4384.51
2026-08-13 18:00:00,4384.58,4401.99,4370.83,4373.01
2026-08-13 22:00:00,4373.1,4386.96,4351.33,4355.9
2026-08-14 02:00:00,4356.13,4363.72,4343.85,4351.2
2026-08-14 06:00:00,4353.32,4364.15,4312.37,4318.09
2026-08-14 10:00:00,4318.09,4333.74,4310.97,4333.74
2026-08-14 14:00:00,4333.74,4357.56,4327.93,4357.19
2026-08-14 18:00:00,4357.24,4396.94,4348.29,4384.37
2026-08-14 22:00:00,4384.45,4396.68,4376.28,4378.55
2026-08-15 02:00:00,4378.83,4382.88,4370.84,4376.16
2026-08-17 06:00:00,4379.15,4394.47,4367.24,4390.26
