timestamp,open,high,low,close
2023-07-07 23:00:00,103.093,103.183,102.95,102.99
2023-07-08 03:00:00,102.99,103.123,102.382,102.42
2023-07-08 07:00:00,102.42,102.46,102.226,102.272
2023-07-08 11:00:00,102.274,102.309,102.26,102.266
2023-07-10 13:00:00,102.288,102.391,102.266,102.351
2023-07-10 17:00:00,102.351,102.49,102.308,102.489
2023-07-10 21:00:00,102.489,102.525,102.324,102.33
2023-07-11 01:00:00,102.329,102.564,102.286,102.541
2023-07-11 05:00:00,102.541,102.541,102.057,102.07
2023-07-11 09:00:00,102.07,102.08,101.951,101.952
2023-07-11 13:00:00,101.952,101.98,101.95,101.953
2023-07-11 15:00:00,101.941,101.964,101.743,101.746
2023-07-11 19:00:00,101.745,101.862,101.676,101.694
2023-07-11 23:00:00,101.696,101.835,101.666,101.748
2023-07-12 03:00:00,101.748,101.97,101.748,101.853
2023-07-12 07:00:00,101.854,101.885,101.671,101.732
2023-07-12 11:00:00,101.732,101.737,101.651,101.656
2023-07-12 15:00:00,101.594,101.609,101.374,101.395
2023-07-12 19:00:00,101.395,101.471,101.342,101.463
2023-07-12 23:00:00,101.463,101.533,101.425,101.486
2023-07-13 03:00:00,101.487,101.534,100.591,100.602
2023-07-13 07:00:00,100.604,100.697,100.511,100.521
2023-07-13 11:00:00,100.522,100.589,100.52,100.557
2023-07-13 15:00:00,100.521,100.561,100.444,100.466
2023-07-13 19:00:00,100.466,100.61,100.406,100.407
2023-07-13 23:00:00,100.409,100.507,100.228,100.242
2023-07-14 03:00:00,100.241,100.362,99.941,99.941
2023-07-14 07:00:00,99.94,100.028,99.77,99.77
2023-07-14 11:00:00,99.769,99.79,99.741,99.756
2023-07-14 15:00:00,99.75,99.823,99.62,99.657
2023-07-14 19:00:00,99.655,99.966,99.578,99.934
2023-07-14 23:00:00,99.935,99.949,99.667,99.888
2023-07-15 03:00:00,99.888,100.015,99.759,99.793
2023-07-15 07:00:00,99.792,99.952,99.777,99.914
2023-07-15 11:00:00,99.914,99.996,99.914,99.96
2023-07-17 13:00:00,99.96,99.99,99.923,99.938
2023-07-17 17:00:00,99.937,100.027,99.92,99.951
2023-07-17 21:00:00,99.952,99.982,99.753,99.845
2023-07-18 01:00:00,99.843,100.043,99.786,99.94
2023-07-18 05:00:00,99.939,100.181,99.891,99.917
2023-07-18 09:00:00,99.917,99.931,99.823,99.901
2023-07-18 13:00:00,99.903,99.916,99.84,99.883
2023-07-18 15:00:00,99.889,99.941,99.767,99.804
2023-07-18 19:00:00,99.804,99.874,99.676,99.733
2023-07-18 23:00:00,99.733,99.899,99.589,99.68
2023-07-19 03:00:00,99.68,100.034,99.591,99.848
2023-07-19 07:00:00,99.848,100.105,99.782,99.941
2023-07-19 11:00:00,99.94,99.985,99.923,99.923
2023-07-19 15:00:00,99.979,100.086,99.925,100.049
2023-07-19 19:00:00,100.049,100.303,99.962,100.158
2023-07-19 23:00:00,100.157,100.256,100.04,100.254
2023-07-20 03:00:00,100.255,100.535,100.138,100.394
2023-07-20 07:00:00,100.393,100.457,100.281,100.281
2023-07-20 11:00:00,100.281,100.316,100.265,100.285
2023-07-20 15:00:00,100.276,100.276,100.018,100.052
2023-07-20 19:00:00,100.052,100.253,100.036,100.223
2023-07-20 23:00:00,100.223,100.312,100.14,100.253
2023-07-21 03:00:00,100.252,100.834,100.202,100.764
2023-07-21 07:00:00,100.765,100.969,100.732,100.88
2023-07-21 11:00:00,100.88,100.88,100.788,100.792
2023-07-21 15:00:00,100.781,100.823,100.75,100.765
2023-07-21 19:00:00,100.765,100.827,100.723,100.742
2023-07-21 23:00:00,100.743,101.079,100.732,101.043
2023-07-22 03:00:00,101.042,101.188,100.961,101.15
2023-07-22 07:00:00,101.149,101.151,101.023,101.071
2023-07-22 11:00:00,101.07,101.111,101.045,101.085
2023-07-24 13:00:00,101.085,101.11,101.015,101.041
2023-07-24 17:00:00,101.041,101.113,100.991,101.069
2023-07-24 21:00:00,101.069,101.41,100.889,101.375
2023-07-25 01:00:00,101.375,101.381,101.046,101.196
2023-07-25 05:00:00,101.195,101.376,101.083,101.246
2023-07-25 09:00:00,101.249,101.425,101.221,101.383
2023-07-25 13:00:00,101.383,101.391,101.368,101.382
2023-07-25 15:00:00,101.423,101.426,101.232,101.239
2023-07-25 19:00:00,101.239,101.349,101.204,101.238
2023-07-25 23:00:00,101.238,101.497,101.186,101.469
2023-07-26 03:00:00,101.468,101.648,101.415,101.422
2023-07-26 07:00:00,101.421,101.444,101.298,101.349
2023-07-26 11:00:00,101.349,101.362,101.253,101.273
2023-07-26 15:00:00,101.321,101.437,101.291,101.357
2023-07-26 19:00:00,101.357,101.366,101.141,101.205
2023-07-26 23:00:00,101.205,101.263,101.055,101.086
2023-07-27 03:00:00,101.087,101.269,101.067,101.215
2023-07-27 07:00:00,101.215,101.309,100.88,100.887
2023-07-27 11:00:00,100.886,101.093,100.863,101.026
2023-07-27 15:00:00,101.105,101.109,100.689,100.847
2023-07-27 19:00:00,100.847,100.99,100.791,100.885
2023-07-27 23:00:00,100.884,100.895,100.551,100.673
2023-07-28 03:00:00,100.673,101.84,100.641,101.779
2023-07-28 07:00:00,101.778,101.795,101.489,101.773
2023-07-28 11:00:00,101.772,101.818,101.695,101.695
2023-07-28 15:00:00,101.687,101.787,101.661,101.691
2023-07-28 19:00:00,101.692,101.894,101.648,101.809
2023-07-28 23:00:00,101.809,102.042,101.596,101.607
2023-07-29 03:00:00,101.607,101.738,101.357,101.462
2023-07-29 07:00:00,101.462,101.676,101.46,101.622
2023-07-29 11:00:00,101.623,101.709,101.611,101.701
2023-07-31 13:00:00,101.701,101.701,101.582,101.628
2023-07-31 17:00:00,101.628,101.84,101.614,101.837
2023-07-31 21:00:00,101.837,101.851,101.683,101.698
2023-08-01 01:00:00,101.702,101.761,101.619,101.694
2023-08-01 05:00:00,101.695,101.823,101.531,101.756
2023-08-01 09:00:00,101.756,101.905,101.716,101.882
2023-08-01 13:00:00,101.882,101.888,101.862,101.862
2023-08-01 15:00:00,101.873,102.062,101.851,102.02
2023-08-01 19:00:00,102.02,102.059,101.912,101.966
2023-08-01 23:00:00,101.966,102.203,101.966,102.129
2023-08-02 03:00:00,102.129,102.433,102.128,102.256
2023-08-02 07:00:00,102.257,102.407,102.226,102.303
2023-08-02 11:00:00,102.301,102.302,101.942,101.96
2023-08-02 15:00:00,101.961,102.245,101.959,102.218
2023-08-02 19:00:00,102.218,102.261,102.052,102.132
2023-08-02 23:00:00,102.132,102.307,102.101,102.223
2023-08-03 03:00:00,102.223,102.779,102.193,102.726
2023-08-03 07:00:00,102.725,102.758,102.458,102.59
2023-08-03 11:00:00,102.589,102.661,102.564,102.596
2023-08-03 15:00:00,102.586,102.649,102.52,102.647
2023-08-03 19:00:00,102.647,102.82,102.624,102.793
2023-08-03 23:00:00,102.794,102.843,102.628,102.676
2023-08-04 03:00:00,102.674,102.784,102.46,102.593
2023-08-04 07:00:00,102.593,102.596,102.365,102.542
2023-08-04 11:00:00,102.542,102.578,102.464,102.468
2023-08-04 15:00:00,102.454,102.495,102.363,102.397
2023-08-04 19:00:00,102.397,102.511,102.365,102.498
2023-08-04 23:00:00,102.499,102.612,102.468,102.57
2023-08-05 03:00:00,102.569,102.619,101.817,101.907
2023-08-05 07:00:00,101.906,102.02,101.742,102.017
2023-08-05 11:00:00,102.018,102.058,101.994,102.009
2023-08-07 13:00:00,102.009,102.071,101.967,101.974
2023-08-07 17:00:00,101.974,102.166,101.974,102.131
2023-08-07 21:00:00,102.131,102.335,102.124,102.303
2023-08-08 01:00:00,102.303,102.384,102.079,102.081
2023-08-08 05:00:00,102.081,102.198,101.968,102.108
2023-08-08 09:00:00,102.106,102.14,102.023,102.074
2023-08-08 13:00:00,102.073,102.077,102.06,102.077
2023-08-08 15:00:00,102.067,102.374,102.065,102.278
2023-08-08 19:00:00,102.278,102.35,102.13,102.222
2023-08-08 23:00:00,102.221,102.602,102.217,102.595
2023-08-09 03:00:00,102.594,102.796,102.536,102.647
2023-08-09 07:00:00,102.647,102.691,102.506,102.528
2023-08-09 11:00:00,102.527,102.567,102.503,102.543
2023-08-09 15:00:00,102.549,102.565,102.438,102.442
2023-08-09 19:00:00,102.442,102.481,102.325,102.371
2023-08-09 23:00:00,102.373,102.453,102.294,102.44
2023-08-10 03:00:00,102.44,102.581,102.311,102.447
2023-08-10 07:00:00,102.447,102.518,102.364,102.49
2023-08-10 11:00:00,102.49,102.519,102.436,102.477
2023-08-10 15:00:00,102.481,102.558,102.457,102.481
2023-08-10 19:00:00,102.482,102.511,102.35,102.379
2023-08-10 23:00:00,102.379,102.386,102.12,102.125
2023-08-11 03:00:00,102.125,102.3,101.784,102.252
2023-08-11 07:00:00,102.253,102.642,102.248,102.524
2023-08-11 11:00:00,102.523,102.654,102.522,102.625
2023-08-11 15:00:00,102.617,102.661,102.496,102.576
2023-08-11 19:00:00,102.576,102.602,102.453,102.549
2023-08-11 23:00:00,102.549,102.647,102.475,102.522
2023-08-12 03:00:00,102.521,102.834,102.419,102.66
2023-08-12 07:00:00,102.66,102.91,102.635,102.842
2023-08-12 11:00:00,102.843,102.901,102.841,102.853
2023-08-14 13:00:00,102.853,102.972,102.83,102.948
2023-08-14 17:00:00,102.947,103.022,102.903,102.973
2023-08-14 21:00:00,102.972,103.01,102.771,102.874
2023-08-15 01:00:00,102.874,103.243,102.806,103.203
2023-08-15 05:00:00,103.202,103.458,102.922,102.977
2023-08-15 09:00:00,102.979,103.198,102.961,103.161
2023-08-15 13:00:00,103.161,103.17,103.144,103.168
2023-08-15 15:00:00,103.15,103.204,103.066,103.132
2023-08-15 19:00:00,103.132,103.151,103.026,103.049
2023-08-15 23:00:00,103.051,103.163,102.916,103.009
2023-08-16 03:00:00,103.009,103.274,102.817,102.875
2023-08-16 07:00:00,102.875,103.213,102.858,103.209
2023-08-16 11:00:00,103.209,103.253,103.191,103.205
2023-08-16 15:00:00,103.211,103.275,103.153,103.214
2023-08-16 19:00:00,103.215,103.218,103.023,103.078
2023-08-16 23:00:00,103.077,103.114,102.944,103.092
2023-08-17 03:00:00,103.093,103.281,103.048,103.19
2023-08-17 07:00:00,103.189,103.457,103.143,103.431
2023-08-17 11:00:00,103.433,103.525,103.411,103.424
2023-08-17 15:00:00,103.475,103.598,103.458,103.551
2023-08-17 19:00:00,103.551,103.575,103.379,103.402
2023-08-17 23:00:00,103.401,103.551,103.309,103.339
2023-08-18 03:00:00,103.339,103.361,103.061,103.302
2023-08-18 07:00:00,103.301,103.579,103.298,103.572
2023-08-18 11:00:00,103.573,103.574,103.4,103.423
2023-08-18 15:00:00,103.401,103.422,103.225,103.279
2023-08-18 19:00:00,103.278,103.424,103.269,103.422
2023-08-18 23:00:00,103.422,103.525,103.363,103.493
2023-08-19 03:00:00,103.492,103.68,103.352,103.428
2023-08-19 07:00:00,103.428,103.456,103.305,103.375
2023-08-19 11:00:00,103.375,103.465,103.375,103.433
2023-08-21 13:00:00,103.433,103.433,103.311,103.349
2023-08-21 17:00:00,103.349,103.468,103.349,103.374
2023-08-21 21:00:00,103.375,103.444,103.304,103.372
2023-08-22 01:00:00,103.371,103.371,103.139,103.277
2023-08-22 05:00:00,103.278,103.502,103.261,103.305
2023-08-22 09:00:00,103.305,103.356,103.274,103.335
2023-08-22 13:00:00,103.335,103.35,103.323,103.324
2023-08-22 15:00:00,103.326,103.368,103.188,103.235
2023-08-22 19:00:00,103.235,103.255,103.097,103.135
2023-08-22 23:00:00,103.136,103.301,103.013,103.298
2023-08-23 03:00:00,103.298,103.716,103.265,103.573
2023-08-23 07:00:00,103.573,103.62,103.514,103.563
2023-08-23 11:00:00,103.563,103.631,103.562,103.608
2023-08-23 15:00:00,103.58,103.595,103.473,103.509
2023-08-23 19:00:00,103.51,103.538,103.437,103.466
2023-08-23 23:00:00,103.467,103.953,103.386,103.926
2023-08-24 03:00:00,103.928,103.981,103.477,103.552
2023-08-24 07:00:00,103.552,103.554,103.303,103.419
2023-08-24 11:00:00,103.419,103.42,103.338,103.361
2023-08-24 15:00:00,103.356,103.452,103.273,103.389
2023-08-24 19:00:00,103.389,103.459,103.322,103.456
2023-08-24 23:00:00,103.456,103.633,103.433,103.56
2023-08-25 03:00:00,103.56,103.936,103.539,103.725
2023-08-25 07:00:00,103.725,103.985,103.717,103.982
2023-08-25 11:00:00,103.982,104.027,103.949,103.994
2023-08-25 15:00:00,104.095,104.216,104.042,104.193
2023-08-25 19:00:00,104.194,104.272,104.156,104.242
2023-08-25 23:00:00,104.242,104.309,104.024,104.025
2023-08-26 03:00:00,104.025,104.447,103.741,104.407
2023-08-26 07:00:00,104.407,104.42,104.026,104.077
2023-08-26 11:00:00,104.078,104.214,104.049,104.187
2023-08-28 13:00:00,104.187,104.211,104.101,104.125
2023-08-28 17:00:00,104.126,104.132,104.053,104.077
2023-08-28 21:00:00,104.077,104.18,103.977,104.164
2023-08-29 01:00:00,104.164,104.171,104.016,104.06
2023-08-29 05:00:00,104.061,104.161,104.028,104.076
2023-08-29 09:00:00,104.076,104.11,103.996,104.009
2023-08-29 13:00:00,104.009,104.034,103.971,103.979
2023-08-29 15:00:00,103.92,103.978,103.847,103.855
2023-08-29 19:00:00,103.856,104.045,103.829,104.042
2023-08-29 23:00:00,104.042,104.152,103.889,104.137
2023-08-30 03:00:00,104.137,104.355,103.762,103.927
2023-08-30 07:00:00,103.927,103.943,103.498,103.531
2023-08-30 11:00:00,103.531,103.545,103.365,103.453
2023-08-30 15:00:00,103.444,103.628,103.444,103.61
2023-08-30 19:00:00,103.61,103.686,103.541,103.605
2023-08-30 23:00:00,103.605,103.698,103.434,103.441
2023-08-31 03:00:00,103.44,103.551,102.936,103.073
2023-08-31 07:00:00,103.073,103.224,103.022,103.157
2023-08-31 11:00:00,103.158,103.203,103.135,103.146
2023-08-31 15:00:00,103.102,103.135,103.009,103.131
2023-08-31 19:00:00,103.131,103.27,103.127,103.27
2023-08-31 23:00:00,103.27,103.575,103.234,103.499
2023-09-01 03:00:00,103.497,103.74,103.372,103.583
2023-09-01 07:00:00,103.583,103.734,103.536,103.619
2023-09-01 11:00:00,103.619,103.646,103.578,103.63
2023-09-01 15:00:00,103.616,103.706,103.513,103.623
2023-09-01 19:00:00,103.623,103.776,103.606,103.619
2023-09-01 23:00:00,103.618,103.629,103.489,103.595
2023-09-02 03:00:00,103.595,104.036,103.272,104.004
2023-09-02 07:00:00,104.002,104.267,104.002,104.236
2023-09-02 11:00:00,104.236,104.291,104.217,104.264
2023-09-04 13:00:00,104.264,104.273,104.207,104.223
2023-09-04 17:00:00,104.222,104.262,104.143,104.155
2023-09-04 21:00:00,104.155,104.173,104.032,104.099
2023-09-05 01:00:00,104.099,104.141,104.025,104.116
2023-09-05 05:00:00,104.117,104.202,104.047,104.128
2023-09-05 09:00:00,104.129,104.133,104.106,104.112
2023-09-05 13:00:00,104.111,104.127,104.102,104.103
2023-09-05 15:00:00,104.127,104.247,104.107,104.219
2023-09-05 19:00:00,104.219,104.489,104.162,104.437
2023-09-05 23:00:00,104.436,104.672,104.396,104.668
2023-09-06 03:00:00,104.667,104.896,104.544,104.888
2023-09-06 07:00:00,104.89,104.907,104.681,104.807
2023-09-06 11:00:00,104.807,104.828,104.76,104.778
2023-09-06 15:00:00,104.749,104.875,104.707,104.707
2023-09-06 19:00:00,104.706,104.74,104.593,104.7
2023-09-06 23:00:00,104.7,104.81,104.641,104.69
2023-09-07 03:00:00,104.691,105.024,104.616,104.977
2023-09-07 07:00:00,104.977,105.016,104.824,104.861
2023-09-07 11:00:00,104.861,104.884,104.828,104.833
2023-09-07 15:00:00,104.862,104.92,104.806,104.842
2023-09-07 19:00:00,104.842,104.93,104.804,104.914
2023-09-07 23:00:00,104.915,105.018,104.891,105.0
2023-09-08 03:00:00,105.0,105.157,104.933,104.984
2023-09-08 07:00:00,104.984,105.061,104.943,105.059
2023-09-08 11:00:00,105.06,105.072,105.008,105.047
2023-09-08 15:00:00,105.063,105.072,104.829,104.869
2023-09-08 19:00:00,104.87,104.912,104.76,104.893
2023-09-08 23:00:00,104.893,105.049,104.872,105.012
2023-09-09 03:00:00,105.012,105.066,104.663,104.915
2023-09-09 07:00:00,104.914,105.094,104.906,105.09
2023-09-09 11:00:00,105.09,105.096,105.039,105.056
2023-09-11 13:00:00,105.056,105.056,104.794,104.852
2023-09-11 17:00:00,104.852,104.888,104.569,104.583
2023-09-11 21:00:00,104.584,104.68,104.524,104.643
2023-09-12 01:00:00,104.642,104.764,104.619,104.64
2023-09-12 05:00:00,104.64,104.7,104.42,104.501
2023-09-12 09:00:00,104.501,104.583,104.49,104.54
2023-09-12 13:00:00,104.54,104.549,104.512,104.523
2023-09-12 15:00:00,104.556,104.644,104.46,104.542
2023-09-12 19:00:00,104.542,104.688,104.54,104.669
2023-09-12 23:00:00,104.668,104.85,104.647,104.816
2023-09-13 03:00:00,104.816,104.918,104.765,104.863
2023-09-13 07:00:00,104.863,104.863,104.666,104.711
2023-09-13 11:00:00,104.711,104.745,104.498,104.544
2023-09-13 15:00:00,104.577,104.69,104.514,104.673
2023-09-13 19:00:00,104.673,104.771,104.593,104.738
2023-09-13 23:00:00,104.739,104.81,104.661,104.739
2023-09-14 03:00:00,104.739,104.966,104.551,104.708
2023-09-14 07:00:00,104.707,104.767,104.606,104.766
2023-09-14 11:00:00,104.766,104.805,104.752,104.757
2023-09-14 15:00:00,104.737,104.764,104.624,104.658
2023-09-14 19:00:00,104.658,104.66,104.561,104.639
2023-09-14 23:00:00,104.64,104.803,104.637,104.724
2023-09-15 03:00:00,104.725,105.307,104.683,105.174
2023-09-15 07:00:00,105.175,105.435,105.095,105.405
2023-09-15 11:00:00,105.406,105.409,105.323,105.348
2023-09-15 15:00:00,105.384,105.413,105.276,105.329
2023-09-15 19:00:00,105.329,105.343,105.176,105.225
2023-09-15 23:00:00,105.226,105.326,105.18,105.317
2023-09-16 03:00:00,105.316,105.406,105.081,105.287
2023-09-16 07:00:00,105.287,105.323,105.166,105.322
2023-09-16 11:00:00,105.322,105.358,105.303,105.331
2023-09-18 13:00:00,105.296,105.311,105.223,105.223
2023-09-18 17:00:00,105.223,105.313,105.2,105.238
2023-09-18 21:00:00,105.238,105.357,105.162,105.285
2023-09-19 01:00:00,105.285,105.349,105.184,105.347
2023-09-19 05:00:00,105.348,105.361,105.022,105.07
2023-09-19 09:00:00,105.07,105.204,105.026,105.079
2023-09-19 13:00:00,105.08,105.104,105.063,105.074
2023-09-19 15:00:00,105.081,105.172,105.036,105.138
2023-09-19 19:00:00,105.138,105.206,105.131,105.185
2023-09-19 23:00:00,105.185,105.194,104.903,104.978
2023-09-20 03:00:00,104.978,105.083,104.815,105.032
2023-09-20 07:00:00,105.031,105.164,105.024,105.157
2023-09-20 11:00:00,105.157,105.17,105.129,105.132
2023-09-20 15:00:00,105.109,105.15,105.084,105.145
2023-09-20 19:00:00,105.145,105.239,105.103,105.187
2023-09-20 23:00:00,105.187,105.255,104.982,104.995
2023-09-21 03:00:00,104.996,105.071,104.757,104.819
2023-09-21 07:00:00,104.819,105.195,104.665,105.12
2023-09-21 11:00:00,105.118,105.441,105.103,105.332
2023-09-21 15:00:00,105.437,105.687,105.434,105.633
2023-09-21 19:00:00,105.631,105.632,105.422,105.455
2023-09-21 23:00:00,105.455,105.557,105.403,105.477
2023-09-22 03:00:00,105.476,105.738,105.282,105.391
2023-09-22 07:00:00,105.39,105.43,105.278,105.363
2023-09-22 11:00:00,105.363,105.415,105.322,105.376
2023-09-22 15:00:00,105.384,105.55,105.381,105.515
2023-09-22 19:00:00,105.515,105.536,105.432,105.468
2023-09-22 23:00:00,105.468,105.782,105.411,105.643
2023-09-23 03:00:00,105.643,105.643,105.318,105.441
2023-09-23 07:00:00,105.441,105.65,105.425,105.583
2023-09-23 11:00:00,105.583,105.628,105.545,105.582
2023-09-25 13:00:00,105.572,105.585,105.521,105.522
2023-09-25 17:00:00,105.522,105.622,105.517,105.578
2023-09-25 21:00:00,105.578,105.761,105.544,105.755
2023-09-26 01:00:00,105.754,105.778,105.578,105.756
2023-09-26 05:00:00,105.757,106.097,105.74,105.98
2023-09-26 09:00:00,105.98,106.008,105.901,105.953
2023-09-26 13:00:00,105.953,105.961,105.94,105.951
2023-09-26 15:00:00,105.941,106.069,105.936,106.069
2023-09-26 19:00:00,106.069,106.19,105.974,106.19
2023-09-26 23:00:00,106.19,106.204,105.916,105.971
2023-09-27 03:00:00,105.971,106.094,105.864,106.054
2023-09-27 07:00:00,106.054,106.261,106.053,106.231
2023-09-27 11:00:00,106.231,106.242,106.161,106.167
2023-09-27 15:00:00,106.216,106.303,106.165,106.234
2023-09-27 19:00:00,106.234,106.321,106.197,106.213
2023-09-27 23:00:00,106.213,106.349,106.176,106.349
2023-09-28 03:00:00,106.349,106.643,106.327,106.642
2023-09-28 07:00:00,106.643,106.839,106.516,106.666
2023-09-28 11:00:00,106.666,106.733,106.553,106.669
2023-09-28 15:00:00,106.676,106.707,106.576,106.702
2023-09-28 19:00:00,106.701,106.755,106.606,106.724
2023-09-28 23:00:00,106.72,106.721,106.315,106.349
2023-09-29 03:00:00,106.349,106.53,106.144,106.192
2023-09-29 07:00:00,106.191,106.291,106.021,106.224
2023-09-29 11:00:00,106.225,106.245,106.127,106.127
2023-09-29 15:00:00,106.149,106.223,106.002,106.029
2023-09-29 19:00:00,106.029,106.067,105.839,105.864
2023-09-29 23:00:00,105.863,105.878,105.658,105.7
2023-09-30 03:00:00,105.702,106.154,105.688,106.002
2023-09-30 07:00:00,106.002,106.244,105.988,106.121
2023-09-30 11:00:00,106.119,106.205,106.113,106.174
2023-10-02 13:00:00,106.174,106.291,106.174,106.269
2023-10-02 17:00:00,106.269,106.271,106.223,106.259
2023-10-02 21:00:00,106.258,106.324,106.044,106.294
2023-10-03 01:00:00,106.294,106.614,106.29,106.588
2023-10-03 05:00:00,106.587,106.936,106.574,106.93
2023-10-03 09:00:00,106.931,107.034,106.803,107.032
2023-10-03 13:00:00,107.032,107.033,107.007,107.03
2023-10-03 15:00:00,107.026,107.159,106.99,107.134
2023-10-03 19:00:00,107.134,107.21,107.046,107.064
2023-10-03 23:00:00,107.064,107.139,106.931,107.137
2023-10-04 03:00:00,107.137,107.348,106.908,107.028
2023-10-04 07:00:00,107.028,107.249,106.966,107.0
2023-10-04 11:00:00,107.001,107.098,106.966,107.078
2023-10-04 15:00:00,107.059,107.168,107.009,107.138
2023-10-04 19:00:00,107.138,107.217,107.036,107.162
2023-10-04 23:00:00,107.162,107.243,106.715,106.796
2023-10-05 03:00:00,106.796,106.995,106.509,106.918
2023-10-05 07:00:00,106.919,106.945,106.616,106.799
2023-10-05 11:00:00,106.799,106.814,106.66,106.774
2023-10-05 15:00:00,106.768,106.813,106.503,106.56
2023-10-05 19:00:00,106.56,106.751,106.511,106.738
2023-10-05 23:00:00,106.738,106.84,106.65,106.677
2023-10-06 03:00:00,106.677,106.857,106.513,106.536
2023-10-06 07:00:00,106.533,106.622,106.329,106.332
2023-10-06 11:00:00,106.332,106.381,106.322,106.34
2023-10-06 15:00:00,106.364,106.455,106.355,106.393
2023-10-06 19:00:00,106.394,106.555,106.384,106.525
2023-10-06 23:00:00,106.525,106.528,106.273,106.349
2023-10-07 03:00:00,106.347,106.974,106.255,106.516
2023-10-07 07:00:00,106.516,106.53,105.952,106.044
2023-10-07 11:00:00,106.044,106.137,106.015,106.101
2023-10-09 13:00:00,106.101,106.331,106.101,106.157
2023-10-09 17:00:00,106.157,106.38,106.153,106.364
2023-10-09 21:00:00,106.364,106.6,106.265,106.435
2023-10-10 01:00:00,106.435,106.562,106.388,106.448
2023-10-10 05:00:00,106.449,106.453,106.212,106.362
2023-10-10 09:00:00,106.362,106.365,106.024,106.075
2023-10-10 13:00:00,106.074,106.1,106.059,106.063
2023-10-10 15:00:00,106.033,106.074,105.912,106.072
2023-10-10 19:00:00,106.072,106.215,106.037,106.174
2023-10-10 23:00:00,106.175,106.248,105.772,105.937
2023-10-11 03:00:00,105.934,106.118,105.808,105.884
2023-10-11 07:00:00,105.884,105.89,105.661,105.825
2023-10-11 11:00:00,105.825,105.865,105.754,105.773
2023-10-11 15:00:00,105.732,105.799,105.659,105.751
2023-10-11 19:00:00,105.751,105.844,105.715,105.761
2023-10-11 23:00:00,105.761,105.885,105.614,105.809
2023-10-12 03:00:00,105.809,105.944,105.559,105.676
2023-10-12 07:00:00,105.676,106.014,105.672,105.82
2023-10-12 11:00:00,105.82,105.821,105.712,105.725
2023-10-12 15:00:00,105.674,105.712,105.635,105.695
2023-10-12 19:00:00,105.694,105.71,105.535,105.57
2023-10-12 23:00:00,105.57,105.733,105.57,105.726
2023-10-13 03:00:00,105.726,106.376,105.653,106.326
2023-10-13 07:00:00,106.325,106.602,106.278,106.599
2023-10-13 11:00:00,106.598,106.598,106.535,106.57
2023-10-13 15:00:00,106.524,106.528,106.419,106.423
2023-10-13 19:00:00,106.423,106.512,106.37,106.49
2023-10-13 23:00:00,106.489,106.626,106.29,106.617
2023-10-14 03:00:00,106.617,106.755,106.358,106.724
2023-10-14 07:00:00,106.724,106.787,106.616,106.648
2023-10-14 11:00:00,106.648,106.698,106.617,106.672
2023-10-16 13:00:00,106.579,106.627,106.543,106.6
2023-10-16 17:00:00,106.599,106.599,106.503,106.513
2023-10-16 21:00:00,106.513,106.559,106.41,106.422
2023-10-17 01:00:00,106.423,106.524,106.332,106.357
2023-10-17 05:00:00,106.357,106.53,106.287,106.307
2023-10-17 09:00:00,106.306,106.337,106.184,106.2
2023-10-17 13:00:00,106.2,106.221,106.19,106.211
2023-10-17 15:00:00,106.256,106.332,106.208,106.301
2023-10-17 19:00:00,106.302,106.451,106.258,106.427
2023-10-17 23:00:00,106.427,106.496,106.237,106.336
2023-10-18 03:00:00,106.335,106.525,106.086,106.19
2023-10-18 07:00:00,106.19,106.298,106.023,106.25
2023-10-18 11:00:00,106.25,106.251,106.145,106.199
2023-10-18 15:00:00,106.218,106.326,106.157,106.187
2023-10-18 19:00:00,106.187,106.211,106.013,106.144
2023-10-18 23:00:00,106.145,106.333,106.085,106.307
2023-10-19 03:00:00,106.307,106.578,106.174,106.519
2023-10-19 07:00:00,106.519,106.636,106.377,106.565
2023-10-19 11:00:00,106.564,106.602,106.548,106.552
2023-10-19 15:00:00,106.539,106.603,106.509,106.589
2023-10-19 19:00:00,106.589,106.659,106.525,106.548
2023-10-19 23:00:00,106.548,106.67,106.482,106.488
2023-10-20 03:00:00,106.488,106.496,106.241,106.364
2023-10-20 07:00:00,106.363,106.445,105.975,106.253
2023-10-20 11:00:00,106.253,106.258,106.176,106.251
2023-10-20 15:00:00,106.255,106.372,106.214,106.257
2023-10-20 19:00:00,106.256,106.418,106.239,106.336
2023-10-20 23:00:00,106.336,106.4,106.173,106.252
2023-10-21 03:00:00,106.252,106.388,106.108,106.196
2023-10-21 07:00:00,106.196,106.259,106.07,106.163
2023-10-21 11:00:00,106.164,106.199,106.144,106.163
2023-10-23 13:00:00,106.163,106.228,106.146,106.203
2023-10-23 17:00:00,106.203,106.319,106.203,106.298
2023-10-23 21:00:00,106.299,106.334,106.062,106.129
2023-10-24 01:00:00,106.13,106.243,106.033,106.104
2023-10-24 05:00:00,106.104,106.254,105.627,105.627
2023-10-24 09:00:00,105.627,105.668,105.517,105.602
2023-10-24 13:00:00,105.602,105.622,105.586,105.591
2023-10-24 15:00:00,105.614,105.62,105.429,105.48
2023-10-24 19:00:00,105.481,105.532,105.398,105.406
2023-10-24 23:00:00,105.405,105.951,105.36,105.933
2023-10-25 03:00:00,105.934,106.253,105.813,106.175
2023-10-25 07:00:00,106.175,106.319,106.171,106.27
2023-10-25 11:00:00,106.269,106.282,106.228,106.27
2023-10-25 15:00:00,106.245,106.273,106.151,106.157
2023-10-25 19:00:00,106.157,106.27,106.139,106.27
2023-10-25 23:00:00,106.272,106.521,106.26,106.445
2023-10-26 03:00:00,106.445,106.493,106.295,106.349
2023-10-26 07:00:00,106.349,106.532,106.254,106.528
2023-10-26 11:00:00,106.528,106.57,106.494,106.561
2023-10-26 15:00:00,106.582,106.773,106.529,106.755
2023-10-26 19:00:00,106.755,106.883,106.724,106.808
2023-10-26 23:00:00,106.809,106.827,106.677,106.805
2023-10-27 03:00:00,106.805,106.881,106.587,106.714
2023-10-27 07:00:00,106.715,106.894,106.58,106.602
2023-10-27 11:00:00,106.602,106.713,106.583,106.597
2023-10-27 15:00:00,106.585,106.677,106.535,106.55
2023-10-27 19:00:00,106.55,106.645,106.51,106.638
2023-10-27 23:00:00,106.638,106.677,106.526,106.626
2023-10-28 03:00:00,106.627,106.801,106.324,106.451
2023-10-28 07:00:00,106.451,106.626,106.329,106.559
2023-10-28 11:00:00,106.559,106.604,106.532,106.581
2023-10-30 13:00:00,106.581,106.662,106.548,106.609
2023-10-30 17:00:00,106.609,106.623,106.567,106.592
2023-10-30 21:00:00,106.592,106.704,106.503,106.617
2023-10-31 01:00:00,106.617,106.617,106.281,106.289
2023-10-31 05:00:00,106.288,106.379,106.063,106.221
2023-10-31 09:00:00,106.22,106.275,106.088,106.142
2023-10-31 13:00:00,106.142,106.149,106.123,106.138
2023-10-31 15:00:00,106.164,106.319,106.148,106.299
2023-10-31 19:00:00,106.3,106.453,106.293,106.318
2023-10-31 23:00:00,106.317,106.356,105.906,105.963
2023-11-01 03:00:00,105.962,106.558,105.948,106.51
2023-11-01 07:00:00,106.51,106.859,106.476,106.663
2023-11-01 11:00:00,106.663,106.752,106.622,106.698
2023-11-01 15:00:00,106.67,106.769,106.651,106.723
2023-11-01 19:00:00,106.723,106.777,106.674,106.686
2023-11-01 23:00:00,106.686,106.888,106.65,106.854
2023-11-02 03:00:00,106.853,107.09,106.613,106.782
2023-11-02 07:00:00,106.783,107.113,106.733,106.884
2023-11-02 11:00:00,106.885,106.891,106.625,106.631
2023-11-02 15:00:00,106.504,106.511,106.315,106.349
2023-11-02 19:00:00,106.349,106.402,106.324,106.356
2023-11-02 23:00:00,106.356,106.469,106.101,106.114
2023-11-03 03:00:00,106.114,106.179,105.812,106.077
2023-11-03 07:00:00,106.078,106.295,106.052,106.124
2023-11-03 11:00:00,106.124,106.188,106.118,106.149
2023-11-03 15:00:00,106.202,106.224,106.092,106.107
2023-11-03 19:00:00,106.107,106.122,106.044,106.066
2023-11-03 23:00:00,106.066,106.166,105.933,105.957
2023-11-04 03:00:00,105.957,105.972,105.12,105.229
2023-11-04 07:00:00,105.228,105.251,104.941,105.021
2023-11-04 11:00:00,105.021,105.134,105.011,105.069
2023-11-06 14:00:00,105.069,105.152,105.059,105.096
2023-11-06 18:00:00,105.096,105.104,105.008,105.033
2023-11-06 22:00:00,105.033,105.08,104.848,104.951
2023-11-07 02:00:00,104.951,105.064,104.867,105.054
2023-11-07 06:00:00,105.053,105.16,104.965,105.099
2023-11-07 10:00:00,105.1,105.293,105.091,105.285
2023-11-07 14:00:00,105.284,105.284,105.24,105.259
2023-11-07 16:00:00,105.27,105.375,105.269,105.367
2023-11-07 20:00:00,105.367,105.541,105.355,105.509
2023-11-08 00:00:00,105.509,105.742,105.395,105.667
2023-11-08 04:00:00,105.667,105.775,105.566,105.599
2023-11-08 08:00:00,105.598,105.754,105.451,105.542
2023-11-08 12:00:00,105.543,105.591,105.49,105.513
2023-11-08 16:00:00,105.539,105.639,105.514,105.607
2023-11-08 20:00:00,105.606,105.749,105.582,105.701
2023-11-09 00:00:00,105.701,105.87,105.68,105.712
2023-11-09 04:00:00,105.712,105.872,105.519,105.539
2023-11-09 08:00:00,105.539,105.598,105.449,105.593
2023-11-09 12:00:00,105.594,105.608,105.513,105.541
2023-11-09 16:00:00,105.534,105.583,105.469,105.538
2023-11-09 20:00:00,105.538,105.597,105.5,105.55
2023-11-10 00:00:00,105.55,105.748,105.512,105.683
2023-11-10 04:00:00,105.683,105.708,105.377,105.443
2023-11-10 08:00:00,105.444,105.966,105.429,105.91
2023-11-10 12:00:00,105.91,105.951,105.843,105.913
2023-11-10 16:00:00,105.929,105.932,105.846,105.891
2023-11-10 20:00:00,105.891,105.994,105.868,105.929
2023-11-11 00:00:00,105.928,105.956,105.768,105.867
2023-11-11 04:00:00,105.867,106.006,105.743,105.954
2023-11-11 08:00:00,105.953,106.003,105.782,105.861
2023-11-11 12:00:00,105.861,105.881,105.786,105.801
2023-11-13 14:00:00,105.801,105.847,105.756,105.792
2023-11-13 18:00:00,105.792,105.856,105.787,105.83
2023-11-13 22:00:00,105.83,105.847,105.68,105.778
2023-11-14 02:00:00,105.778,105.956,105.697,105.895
2023-11-14 06:00:00,105.893,105.943,105.587,105.676
2023-11-14 10:00:00,105.677,105.723,105.6,105.667
2023-11-14 14:00:00,105.667,105.671,105.65,105.66
2023-11-14 16:00:00,105.647,105.705,105.644,105.691
2023-11-14 20:00:00,105.692,105.732,105.584,105.608
2023-11-15 00:00:00,105.608,105.7,105.465,105.587
2023-11-15 04:00:00,105.588,105.593,104.389,104.442
2023-11-15 08:00:00,104.442,104.449,104.051,104.053
2023-11-15 12:00:00,104.054,104.119,103.987,104.061
2023-11-15 16:00:00,104.216,104.224,104.065,104.068
2023-11-15 20:00:00,104.068,104.213,104.048,104.151
2023-11-16 00:00:00,104.152,104.312,104.099,104.121
2023-11-16 04:00:00,104.121,104.511,103.981,104.192
2023-11-16 08:00:00,104.192,104.435,104.163,104.394
2023-11-16 12:00:00,104.394,104.434,104.357,104.379
2023-11-16 16:00:00,104.358,104.557,104.336,104.535
2023-11-16 20:00:00,104.535,104.538,104.445,104.482
2023-11-17 00:00:00,104.483,104.503,104.309,104.395
2023-11-17 04:00:00,104.396,104.537,104.007,104.155
2023-11-17 08:00:00,104.155,104.417,104.107,104.349
2023-11-17 12:00:00,104.348,104.438,104.332,104.372
2023-11-17 16:00:00,104.397,104.405,104.317,104.351
2023-11-17 20:00:00,104.351,104.506,104.333,104.47
2023-11-18 00:00:00,104.47,104.55,104.049,104.135
2023-11-18 04:00:00,104.135,104.223,103.974,104.011
2023-11-18 08:00:00,104.012,104.141,103.874,103.917
2023-11-18 12:00:00,103.917,103.935,103.814,103.815
2023-11-20 14:00:00,103.815,103.972,103.802,103.832
2023-11-20 18:00:00,103.832,103.84,103.536,103.696
2023-11-20 22:00:00,103.696,103.751,103.467,103.469
2023-11-21 02:00:00,103.469,103.635,103.469,103.606
2023-11-21 06:00:00,103.606,103.694,103.388,103.509
2023-11-21 10:00:00,103.509,103.517,103.379,103.49
2023-11-21 14:00:00,103.49,103.499,103.446,103.446
2023-11-21 16:00:00,103.466,103.466,103.195,103.202
2023-11-21 20:00:00,103.202,103.337,103.18,103.294
2023-11-22 00:00:00,103.294,103.392,103.202,103.391
2023-11-22 04:00:00,103.391,103.407,103.178,103.387
2023-11-22 08:00:00,103.387,103.709,103.311,103.565
2023-11-22 12:00:00,103.566,103.66,103.552,103.556
2023-11-22 16:00:00,103.548,103.606,103.48,103.566
2023-11-22 20:00:00,103.566,103.8,103.556,103.65
2023-11-23 00:00:00,103.651,103.917,103.604,103.701
2023-11-23 04:00:00,103.704,104.213,103.593,104.115
2023-11-23 08:00:00,104.115,104.149,103.892,103.92
2023-11-23 12:00:00,103.922,103.937,103.868,103.886
2023-11-23 16:00:00,103.855,103.863,103.702,103.709
2023-11-23 20:00:00,103.709,103.747,103.582,103.617
2023-11-24 00:00:00,103.617,103.747,103.535,103.633
2023-11-24 04:00:00,103.633,103.883,103.63,103.721
2023-11-24 08:00:00,103.722,103.782,103.719,103.768
2023-11-24 12:00:00,103.768,103.777,103.737,103.745
2023-11-24 16:00:00,103.748,103.843,103.705,103.796
2023-11-24 20:00:00,103.796,103.809,103.674,103.736
2023-11-25 00:00:00,103.736,103.77,103.626,103.655
2023-11-25 04:00:00,103.656,103.717,103.361,103.391
2023-11-25 08:00:00,103.391,103.494,103.356,103.377
2023-11-25 12:00:00,103.378,103.426,103.37,103.415
2023-11-27 14:00:00,103.415,103.531,103.325,103.351
2023-11-27 18:00:00,103.352,103.447,103.331,103.348
2023-11-27 22:00:00,103.347,103.385,103.229,103.349
2023-11-28 02:00:00,103.349,103.372,103.21,103.306
2023-11-28 06:00:00,103.306,103.465,103.295,103.403
2023-11-28 10:00:00,103.404,103.419,103.188,103.22
2023-11-28 14:00:00,103.22,103.244,103.193,103.195
2023-11-28 16:00:00,103.125,103.174,103.074,103.154
2023-11-28 20:00:00,103.154,103.322,103.15,103.311
2023-11-29 00:00:00,103.311,103.312,103.159,103.227
2023-11-29 04:00:00,103.227,103.27,102.741,102.892
2023-11-29 08:00:00,102.892,102.918,102.61,102.746
2023-11-29 12:00:00,102.746,102.878,102.71,102.716
2023-11-29 16:00:00,102.654,102.658,102.467,102.658
2023-11-29 20:00:00,102.658,102.801,102.585,102.779
2023-11-30 00:00:00,102.78,102.934,102.675,102.809
2023-11-30 04:00:00,102.809,103.009,102.703,102.846
2023-11-30 08:00:00,102.847,102.971,102.648,102.765
2023-11-30 12:00:00,102.765,102.871,102.762,102.822
2023-11-30 16:00:00,102.827,102.86,102.727,102.798
2023-11-30 20:00:00,102.798,103.044,102.719,102.946
2023-12-01 00:00:00,102.945,103.369,102.884,103.315
2023-12-01 04:00:00,103.315,103.581,103.039,103.29
2023-12-01 08:00:00,103.287,103.565,103.234,103.497
2023-12-01 12:00:00,103.497,103.59,103.468,103.468
2023-12-01 16:00:00,103.355,103.413,103.269,103.398
2023-12-01 20:00:00,103.398,103.448,103.308,103.448
2023-12-02 00:00:00,103.447,103.454,103.266,103.371
2023-12-02 04:00:00,103.371,103.719,103.34,103.643
2023-12-02 08:00:00,103.643,103.722,103.115,103.268
2023-12-02 12:00:00,103.268,103.281,103.189,103.193
2023-12-04 14:00:00,103.193,103.339,103.064,103.285
2023-12-04 18:00:00,103.286,103.354,103.196,103.336
2023-12-04 22:00:00,103.337,103.516,103.266,103.311
2023-12-05 02:00:00,103.311,103.454,103.274,103.445
2023-12-05 06:00:00,103.446,103.852,103.445,103.709
2023-12-05 10:00:00,103.709,103.822,103.624,103.634
2023-12-05 14:00:00,103.634,103.653,103.63,103.639
2023-12-05 16:00:00,103.555,103.663,103.546,103.621
2023-12-05 20:00:00,103.621,103.627,103.576,103.604
2023-12-06 00:00:00,103.764,103.794,103.588,103.76
2023-12-06 04:00:00,103.76,103.913,103.571,103.85
2023-12-06 08:00:00,103.85,104.092,103.804,104.05
2023-12-06 12:00:00,104.05,104.064,103.938,103.973
2023-12-06 16:00:00,103.991,104.003,103.914,103.928
2023-12-06 20:00:00,103.928,104.04,103.889,103.927
2023-12-07 00:00:00,103.93,104.073,103.925,104.058
2023-12-07 04:00:00,104.058,104.103,103.867,103.956
2023-12-07 08:00:00,103.956,104.166,103.872,104.153
2023-12-07 12:00:00,104.153,104.233,104.143,104.168
2023-12-07 16:00:00,104.114,104.188,104.079,104.184
2023-12-07 20:00:00,104.184,104.2,103.872,103.895
2023-12-08 00:00:00,103.895,103.964,103.783,103.902
2023-12-08 04:00:00,103.903,104.018,103.668,103.721
2023-12-08 08:00:00,103.722,103.73,103.272,103.541
2023-12-08 12:00:00,103.541,103.669,103.507,103.61
2023-12-08 16:00:00,103.637,103.659,103.435,103.598
2023-12-08 20:00:00,103.599,103.805,103.581,103.752
2023-12-09 00:00:00,103.752,103.805,103.637,103.755
2023-12-09 04:00:00,103.755,104.263,103.714,103.906
2023-12-09 08:00:00,103.905,104.165,103.879,104.01
2023-12-09 12:00:00,104.01,104.022,103.961,103.983
2023-12-11 14:00:00,103.983,104.018,103.932,104.018
2023-12-11 18:00:00,104.018,104.09,104.01,104.034
2023-12-11 22:00:00,104.034,104.207,103.99,104.078
2023-12-12 02:00:00,104.076,104.188,103.989,104.076
2023-12-12 06:00:00,104.076,104.262,104.069,104.254
2023-12-12 10:00:00,104.254,104.262,104.029,104.077
2023-12-12 14:00:00,104.077,104.099,104.076,104.087
2023-12-12 16:00:00,104.033,104.048,103.956,103.962
2023-12-12 20:00:00,103.962,103.995,103.825,103.891
2023-12-13 00:00:00,103.891,103.936,103.695,103.754
2023-12-13 04:00:00,103.754,104.096,103.487,103.912
2023-12-13 08:00:00,103.912,103.948,103.813,103.865
2023-12-13 12:00:00,103.864,103.873,103.782,103.8
2023-12-13 16:00:00,103.822,103.908,103.797,103.889
2023-12-13 20:00:00,103.889,103.997,103.844,103.956
2023-12-14 00:00:00,103.956,104.031,103.897,103.934
2023-12-14 04:00:00,103.934,103.962,103.675,103.815
2023-12-14 08:00:00,103.815,103.953,102.822,102.869
2023-12-14 12:00:00,102.869,103.049,102.777,102.906
2023-12-14 16:00:00,102.775,102.803,102.43,102.536
2023-12-14 20:00:00,102.535,102.797,102.508,102.789
2023-12-15 00:00:00,102.789,102.79,102.338,102.37
2023-12-15 04:00:00,102.37,102.57,101.899,101.915
2023-12-15 08:00:00,101.915,102.04,101.77,101.956
2023-12-15 12:00:00,101.957,101.982,101.904,101.959
2023-12-15 16:00:00,102.097,102.117,101.881,101.897
2023-12-15 20:00:00,101.897,102.048,101.839,101.931
2023-12-16 00:00:00,101.931,102.201,101.881,102.023
2023-12-16 04:00:00,102.022,102.578,102.005,102.391
2023-12-16 08:00:00,102.391,102.643,102.359,102.55
2023-12-16 12:00:00,102.55,102.628,102.466,102.594
2023-12-18 14:00:00,102.594,102.634,102.545,102.593
2023-12-18 18:00:00,102.593,102.594,102.438,102.455
2023-12-18 22:00:00,102.455,102.493,102.377,102.473
2023-12-19 02:00:00,102.474,102.583,102.406,102.469
2023-12-19 06:00:00,102.47,102.62,102.43,102.486
2023-12-19 10:00:00,102.486,102.599,102.483,102.503
2023-12-19 14:00:00,102.503,102.531,102.496,102.508
2023-12-19 16:00:00,102.47,102.629,102.425,102.542
2023-12-19 20:00:00,102.542,102.609,102.445,102.589
2023-12-20 00:00:00,102.589,102.613,102.48,102.555
2023-12-20 04:00:00,102.555,102.556,102.066,102.082
2023-12-20 08:00:00,102.082,102.206,102.065,102.167
2023-12-20 12:00:00,102.167,102.204,102.106,102.139
2023-12-20 16:00:00,102.192,102.238,102.164,102.191
2023-12-20 20:00:00,102.191,102.343,102.156,102.239
2023-12-21 00:00:00,102.237,102.421,102.197,102.406
2023-12-21 04:00:00,102.406,102.474,102.169,102.192
2023-12-21 08:00:00,102.191,102.436,102.179,102.408
2023-12-21 12:00:00,102.408,102.544,102.385,102.402
2023-12-21 16:00:00,102.394,102.394,102.265,102.317
2023-12-21 20:00:00,102.317,102.377,102.258,102.357
2023-12-22 00:00:00,102.358,102.449,102.04,102.064
2023-12-22 04:00:00,102.064,102.129,101.812,101.933
2023-12-22 08:00:00,101.932,102.03,101.819,101.843
2023-12-22 12:00:00,101.842,101.89,101.735,101.758
2023-12-22 16:00:00,101.763,101.894,101.755,101.879
2023-12-22 20:00:00,101.878,101.895,101.757,101.805
2023-12-23 00:00:00,101.806,101.817,101.546,101.581
2023-12-23 04:00:00,101.581,101.797,101.429,101.703
2023-12-23 08:00:00,101.703,101.812,101.614,101.698
2023-12-23 12:00:00,101.697,101.752,101.692,101.709
2023-12-26 16:00:00,101.654,101.668,101.569,101.575
2023-12-26 20:00:00,101.575,101.647,101.573,101.639
2023-12-27 00:00:00,101.639,101.77,101.617,101.718
2023-12-27 04:00:00,101.718,101.771,101.548,101.628
2023-12-27 08:00:00,101.629,101.635,101.462,101.466
2023-12-27 12:00:00,101.466,101.482,101.442,101.443
2023-12-27 16:00:00,101.548,101.574,101.511,101.514
2023-12-27 20:00:00,101.513,101.537,101.444,101.512
2023-12-28 00:00:00,101.513,101.526,101.37,101.379
2023-12-28 04:00:00,101.378,101.455,100.96,100.983
2023-12-28 08:00:00,100.983,101.033,100.832,100.986
2023-12-28 12:00:00,100.986,100.988,100.903,100.92
2023-12-28 16:00:00,100.867,100.872,100.771,100.782
2023-12-28 20:00:00,100.782,100.862,100.671,100.737
2023-12-29 00:00:00,100.737,100.846,100.617,100.752
2023-12-29 04:00:00,100.752,101.107,100.737,100.83
2023-12-29 08:00:00,100.831,101.297,100.831,101.229
2023-12-29 12:00:00,101.23,101.256,101.173,101.21
2023-12-29 16:00:00,101.196,101.224,101.094,101.216
2023-12-29 20:00:00,101.216,101.224,101.1,101.201
2023-12-30 00:00:00,101.2,101.422,101.117,101.156
2023-12-30 04:00:00,101.155,101.408,101.066,101.252
2023-12-30 08:00:00,101.252,101.362,101.104,101.333
2023-12-30 12:00:00,101.333,101.389,101.256,101.379
2024-01-02 16:00:00,101.417,101.578,101.34,101.523
2024-01-02 20:00:00,101.524,101.588,101.402,101.57
2024-01-03 00:00:00,101.57,101.973,101.37,101.948
2024-01-03 04:00:00,101.948,102.203,101.933,102.181
2024-01-03 08:00:00,102.182,102.218,102.053,102.2
2024-01-03 12:00:00,102.199,102.252,102.157,102.236
2024-01-03 16:00:00,102.15,102.213,102.078,102.085
2024-01-03 20:00:00,102.085,102.214,102.075,102.141
2024-01-04 00:00:00,102.141,102.499,102.106,102.477
2024-01-04 04:00:00,102.477,102.711,102.335,102.646
2024-01-04 08:00:00,102.647,102.726,102.418,102.494
2024-01-04 12:00:00,102.494,102.518,102.424,102.431
2024-01-04 16:00:00,102.457,102.52,102.388,102.424
2024-01-04 20:00:00,102.424,102.512,102.263,102.323
2024-01-05 00:00:00,102.323,102.376,102.145,102.364
2024-01-05 04:00:00,102.364,102.527,102.27,102.361
2024-01-05 08:00:00,102.362,102.461,102.285,102.422
2024-01-05 12:00:00,102.422,102.447,102.389,102.423
2024-01-05 16:00:00,102.395,102.499,102.35,102.496
2024-01-05 20:00:00,102.496,102.645,102.468,102.618
2024-01-06 00:00:00,102.619,102.803,102.586,102.739
2024-01-06 04:00:00,102.74,103.101,101.908,102.094
2024-01-06 08:00:00,102.094,102.498,102.071,102.412
2024-01-06 12:00:00,102.411,102.488,102.4,102.435
2024-01-08 14:00:00,102.435,102.51,102.32,102.365
2024-01-08 18:00:00,102.365,102.523,102.365,102.47
2024-01-08 22:00:00,102.47,102.62,102.333,102.467
2024-01-09 02:00:00,102.467,102.515,102.328,102.392
2024-01-09 06:00:00,102.391,102.397,102.075,102.194
2024-01-09 10:00:00,102.193,102.327,102.183,102.291
2024-01-09 14:00:00,102.291,102.293,102.27,102.281
2024-01-09 16:00:00,102.223,102.232,102.108,102.149
2024-01-09 20:00:00,102.148,102.335,102.146,102.243
2024-01-10 00:00:00,102.243,102.483,102.243,102.456
2024-01-10 04:00:00,102.456,102.592,102.303,102.591
2024-01-10 08:00:00,102.59,102.657,102.433,102.57
2024-01-10 12:00:00,102.57,102.57,102.499,102.5
2024-01-10 16:00:00,102.482,102.572,102.482,102.561
2024-01-10 20:00:00,102.561,102.641,102.47,102.593
2024-01-11 00:00:00,102.593,102.616,102.365,102.451
2024-01-11 04:00:00,102.451,102.594,102.354,102.376
2024-01-11 08:00:00,102.377,102.506,102.358,102.362
2024-01-11 12:00:00,102.363,102.438,102.342,102.354
2024-01-11 16:00:00,102.297,102.303,102.199,102.223
2024-01-11 20:00:00,102.222,102.288,102.175,102.249
2024-01-12 00:00:00,102.248,102.411,102.223,102.245
2024-01-12 04:00:00,102.245,102.764,102.158,102.623
2024-01-12 08:00:00,102.622,102.713,102.277,102.291
2024-01-12 12:00:00,102.291,102.479,102.286,102.324
2024-01-12 16:00:00,102.298,102.321,102.186,102.227
2024-01-12 20:00:00,102.228,102.384,102.227,102.337
2024-01-13 00:00:00,102.336,102.512,102.174,102.478
2024-01-13 04:00:00,102.478,102.587,102.087,102.289
2024-01-13 08:00:00,102.289,102.485,102.239,102.404
2024-01-13 12:00:00,102.404,102.458,102.399,102.439
2024-01-15 14:00:00,102.439,102.557,102.42,102.428
2024-01-15 18:00:00,102.428,102.429,102.313,102.389
2024-01-15 22:00:00,102.388,102.595,102.359,102.565
2024-01-16 02:00:00,102.565,102.674,102.506,102.566
2024-01-16 06:00:00,102.564,102.67,102.552,102.609
2024-01-16 10:00:00,102.609,102.613,102.572,102.589
2024-01-16 14:00:00,102.589,102.608,102.586,102.608
2024-01-16 16:00:00,102.742,102.914,102.742,102.895
2024-01-16 20:00:00,102.895,102.999,102.846,102.919
2024-01-17 00:00:00,102.919,103.309,102.878,103.155
2024-01-17 04:00:00,103.155,103.33,103.034,103.17
2024-01-17 08:00:00,103.17,103.425,103.106,103.357
2024-01-17 12:00:00,103.356,103.387,103.311,103.313
2024-01-17 16:00:00,103.363,103.443,103.262,103.429
2024-01-17 20:00:00,103.429,103.581,103.388,103.447
2024-01-18 00:00:00,103.443,103.499,103.285,103.354
2024-01-18 04:00:00,103.354,103.692,103.323,103.651
2024-01-18 08:00:00,103.651,103.653,103.396,103.45
2024-01-18 12:00:00,103.45,103.476,103.364,103.373
2024-01-18 16:00:00,103.369,103.37,103.206,103.276
2024-01-18 20:00:00,103.276,103.319,103.147,103.277
2024-01-19 00:00:00,103.276,103.39,103.209,103.292
2024-01-19 04:00:00,103.291,103.629,103.247,103.592
2024-01-19 08:00:00,103.591,103.609,103.441,103.536
2024-01-19 12:00:00,103.535,103.541,103.381,103.384
2024-01-19 16:00:00,103.372,103.419,103.312,103.325
2024-01-19 20:00:00,103.325,103.493,103.323,103.41
2024-01-20 00:00:00,103.41,103.514,103.291,103.325
2024-01-20 04:00:00,103.324,103.546,103.299,103.372
2024-01-20 08:00:00,103.371,103.417,103.271,103.288
2024-01-20 12:00:00,103.288,103.298,103.236,103.239
2024-01-22 14:00:00,103.239,103.294,103.147,103.172
2024-01-22 18:00:00,103.172,103.222,103.114,103.195
2024-01-22 22:00:00,103.195,103.325,103.14,103.22
2024-01-23 02:00:00,103.22,103.291,103.136,103.187
2024-01-23 06:00:00,103.187,103.308,103.149,103.214
2024-01-23 10:00:00,103.214,103.371,103.214,103.345
2024-01-23 14:00:00,103.346,103.359,103.316,103.359
2024-01-23 16:00:00,103.353,103.384,103.209,103.227
2024-01-23 20:00:00,103.228,103.255,102.982,103.093
2024-01-24 00:00:00,103.093,103.474,103.072,103.427
2024-01-24 04:00:00,103.427,103.8,103.341,103.736
2024-01-24 08:00:00,103.737,103.817,103.593,103.617
2024-01-24 12:00:00,103.617,103.632,103.529,103.529
2024-01-24 16:00:00,103.506,103.548,103.444,103.469
2024-01-24 20:00:00,103.469,103.483,103.295,103.346
2024-01-25 00:00:00,103.346,103.366,103.022,103.159
2024-01-25 04:00:00,103.159,103.189,102.77,103.054
2024-01-25 08:00:00,103.053,103.298,103.024,103.236
2024-01-25 12:00:00,103.236,103.325,103.216,103.254
2024-01-25 16:00:00,103.354,103.403,103.287,103.326
2024-01-25 20:00:00,103.325,103.368,103.216,103.239
2024-01-26 00:00:00,103.239,103.306,103.143,103.183
2024-01-26 04:00:00,103.183,103.601,103.12,103.587
2024-01-26 08:00:00,103.587,103.684,103.465,103.574
2024-01-26 12:00:00,103.573,103.595,103.467,103.501
2024-01-26 16:00:00,103.515,103.533,103.446,103.482
2024-01-26 20:00:00,103.482,103.729,103.481,103.675
2024-01-27 00:00:00,103.675,103.693,103.224,103.251
2024-01-27 04:00:00,103.25,103.434,103.146,103.37
2024-01-27 08:00:00,103.369,103.483,103.327,103.433
2024-01-27 12:00:00,103.433,103.482,103.4,103.474
2024-01-29 14:00:00,103.474,103.569,103.474,103.518
2024-01-29 18:00:00,103.518,103.566,103.475,103.533
2024-01-29 22:00:00,103.533,103.593,103.415,103.58
2024-01-30 02:00:00,103.58,103.708,103.513,103.645
2024-01-30 06:00:00,103.646,103.824,103.626,103.679
2024-01-30 10:00:00,103.678,103.708,103.403,103.471
2024-01-30 14:00:00,103.471,103.491,103.449,103.459
2024-01-30 16:00:00,103.437,103.475,103.366,103.471
2024-01-30 20:00:00,103.471,103.604,103.439,103.506
2024-01-31 00:00:00,103.506,103.586,103.386,103.433
2024-01-31 04:00:00,103.433,103.614,103.31,103.546
2024-01-31 08:00:00,103.546,103.565,103.391,103.397
2024-01-31 12:00:00,103.398,103.442,103.379,103.413
2024-01-31 16:00:00,103.419,103.638,103.394,103.615
2024-01-31 20:00:00,103.615,103.683,103.567,103.615
2024-02-01 00:00:00,103.616,103.656,103.46,103.497
2024-02-01 04:00:00,103.498,103.54,102.942,103.071
2024-02-01 08:00:00,103.071,103.5,103.021,103.274
2024-02-01 12:00:00,103.272,103.741,103.264,103.536
2024-02-01 16:00:00,103.512,103.604,103.438,103.534
2024-02-01 20:00:00,103.533,103.811,103.523,103.714
2024-02-02 00:00:00,103.712,103.8,103.618,103.644
2024-02-02 04:00:00,103.646,103.662,103.383,103.421
2024-02-02 08:00:00,103.421,103.421,103.02,103.048
2024-02-02 12:00:00,103.047,103.095,103.028,103.034
2024-02-02 16:00:00,102.993,103.07,102.992,103.019
2024-02-02 20:00:00,103.019,103.064,102.971,103.024
2024-02-03 00:00:00,103.023,103.054,102.901,102.971
2024-02-03 04:00:00,102.97,103.984,102.948,103.832
2024-02-03 08:00:00,103.831,104.043,103.821,103.922
2024-02-03 12:00:00,103.921,103.969,103.874,103.962
2024-02-05 14:00:00,103.962,104.187,103.962,104.054
2024-02-05 18:00:00,104.054,104.107,104.025,104.025
2024-02-05 22:00:00,104.025,104.261,103.986,104.253
2024-02-06 02:00:00,104.251,104.443,104.224,104.432
2024-02-06 06:00:00,104.431,104.604,104.36,104.456
2024-02-06 10:00:00,104.456,104.508,104.39,104.454
2024-02-06 14:00:00,104.454,104.483,104.444,104.455
2024-02-06 16:00:00,104.436,104.442,104.373,104.42
2024-02-06 20:00:00,104.42,104.42,104.242,104.34
2024-02-07 00:00:00,104.34,104.578,104.297,104.452
2024-02-07 04:00:00,104.452,104.589,104.281,104.322
2024-02-07 08:00:00,104.322,104.359,104.16,104.213
2024-02-07 12:00:00,104.214,104.214,104.137,104.138
2024-02-07 16:00:00,104.15,104.159,104.063,104.133
2024-02-07 20:00:00,104.133,104.165,104.018,104.018
2024-02-08 00:00:00,104.018,104.144,104.016,104.051
2024-02-08 04:00:00,104.051,104.127,103.941,104.11
2024-02-08 08:00:00,104.11,104.142,104.032,104.057
2024-02-08 12:00:00,104.057,104.074,104.031,104.037
2024-02-08 16:00:00,104.027,104.04,103.974,103.997
2024-02-08 20:00:00,103.997,104.087,103.955,104.056
2024-02-09 00:00:00,104.056,104.26,104.021,104.238
2024-02-09 04:00:00,104.238,104.434,104.208,104.273
2024-02-09 08:00:00,104.273,104.275,104.078,104.165
2024-02-09 12:00:00,104.165,104.165,104.121,104.147
2024-02-09 16:00:00,104.144,104.204,104.126,104.194
2024-02-09 20:00:00,104.194,104.211,104.108,104.125
2024-02-10 00:00:00,104.125,104.261,104.1,104.194
2024-02-10 04:00:00,104.194,104.256,103.954,104.077
2024-02-10 08:00:00,104.077,104.144,104.044,104.111
2024-02-10 12:00:00,104.111,104.127,104.053,104.08
2024-02-12 14:00:00,104.08,104.085,103.962,104.002
2024-02-12 18:00:00,104.002,104.055,103.982,104.039
2024-02-12 22:00:00,104.039,104.18,103.895,104.166
2024-02-13 02:00:00,104.167,104.238,104.096,104.221
2024-02-13 06:00:00,104.221,104.279,104.049,104.049
2024-02-13 10:00:00,104.05,104.18,104.023,104.136
2024-02-13 14:00:00,104.136,104.14,104.117,104.132
2024-02-13 16:00:00,104.175,104.243,104.12,104.242
2024-02-13 20:00:00,104.242,104.252,104.11,104.166
2024-02-14 00:00:00,104.166,104.289,104.062,104.1
2024-02-14 04:00:00,104.1,104.883,103.967,104.783
2024-02-14 08:00:00,104.783,104.963,104.734,104.96
2024-02-14 12:00:00,104.96,104.96,104.829,104.852
2024-02-14 16:00:00,104.835,104.898,104.792,104.804
2024-02-14 20:00:00,104.804,104.882,104.739,104.855
2024-02-15 00:00:00,104.854,104.976,104.846,104.865
2024-02-15 04:00:00,104.865,104.916,104.756,104.793
2024-02-15 08:00:00,104.793,104.804,104.657,104.723
2024-02-15 12:00:00,104.723,104.739,104.689,104.691
2024-02-15 16:00:00,104.66,104.714,104.631,104.705
2024-02-15 20:00:00,104.704,104.708,104.591,104.673
2024-02-16 00:00:00,104.672,104.687,104.575,104.616
2024-02-16 04:00:00,104.616,104.619,104.182,104.384
2024-02-16 08:00:00,104.384,104.458,104.262,104.296
2024-02-16 12:00:00,104.296,104.309,104.244,104.247
2024-02-16 16:00:00,104.298,104.43,104.298,104.421
2024-02-16 20:00:00,104.421,104.444,104.328,104.393
2024-02-17 00:00:00,104.393,104.409,104.248,104.265
2024-02-17 04:00:00,104.265,104.672,104.262,104.337
2024-02-17 08:00:00,104.337,104.401,104.168,104.277
2024-02-17 12:00:00,104.277,104.308,104.27,104.275
2024-02-19 14:00:00,104.275,104.279,104.143,104.216
2024-02-19 18:00:00,104.216,104.257,104.196,104.207
2024-02-19 22:00:00,104.207,104.259,104.14,104.243
2024-02-20 02:00:00,104.244,104.311,104.195,104.289
2024-02-20 06:00:00,104.288,104.373,104.281,104.291
2024-02-20 10:00:00,104.291,104.292,104.232,104.254
2024-02-20 14:00:00,104.254,104.285,104.252,104.283
2024-02-20 16:00:00,104.316,104.412,104.316,104.366
2024-02-20 20:00:00,104.366,104.4,104.321,104.363
2024-02-21 00:00:00,104.363,104.372,104.052,104.157
2024-02-21 04:00:00,104.156,104.163,103.796,103.902
2024-02-21 08:00:00,103.901,104.08,103.887,104.079
2024-02-21 12:00:00,104.079,104.099,104.033,104.058
2024-02-21 16:00:00,104.037,104.091,103.951,103.959
2024-02-21 20:00:00,103.959,104.069,103.953,104.043
2024-02-22 00:00:00,104.042,104.213,104.016,104.136
2024-02-22 04:00:00,104.136,104.15,103.979,104.109
2024-02-22 08:00:00,104.109,104.169,103.943,104.006
2024-02-22 12:00:00,104.006,104.046,103.97,103.97
2024-02-22 16:00:00,103.914,103.997,103.895,103.952
2024-02-22 20:00:00,103.952,103.961,103.677,103.681
2024-02-23 00:00:00,103.681,103.757,103.434,103.666
2024-02-23 04:00:00,103.664,104.129,103.653,104.076
2024-02-23 08:00:00,104.076,104.079,103.929,103.957
2024-02-23 12:00:00,103.958,103.984,103.926,103.927
2024-02-23 16:00:00,103.946,103.985,103.868,103.919
2024-02-23 20:00:00,103.919,103.958,103.872,103.892
2024-02-24 00:00:00,103.892,104.052,103.86,103.904
2024-02-24 04:00:00,103.904,104.02,103.769,103.949
2024-02-24 08:00:00,103.95,104.008,103.868,103.936
2024-02-24 12:00:00,103.935,103.984,103.925,103.961
2024-02-26 14:00:00,103.961,104.016,103.932,103.997
2024-02-26 18:00:00,103.997,104.018,103.932,103.947
2024-02-26 22:00:00,103.947,103.961,103.851,103.858
2024-02-27 02:00:00,103.858,103.865,103.711,103.717
2024-02-27 06:00:00,103.718,103.891,103.71,103.839
2024-02-27 10:00:00,103.839,103.882,103.761,103.776
2024-02-27 14:00:00,103.776,103.799,103.775,103.78
2024-02-27 16:00:00,103.779,103.812,103.742,103.747
2024-02-27 20:00:00,103.747,103.783,103.656,103.698
2024-02-28 00:00:00,103.698,103.796,103.609,103.696
2024-02-28 04:00:00,103.696,103.923,103.647,103.789
2024-02-28 08:00:00,103.789,103.861,103.711,103.829
2024-02-28 12:00:00,103.829,103.845,103.794,103.814
2024-02-28 16:00:00,103.843,103.924,103.807,103.911
2024-02-28 20:00:00,103.911,104.078,103.901,104.022
2024-02-29 00:00:00,104.022,104.242,104.016,104.073
2024-02-29 04:00:00,104.074,104.176,103.944,103.98
2024-02-29 08:00:00,103.981,103.994,103.872,103.975
2024-02-29 12:00:00,103.975,103.978,103.912,103.915
2024-02-29 16:00:00,103.92,103.961,103.839,103.846
2024-02-29 20:00:00,103.846,103.917,103.828,103.901
2024-03-01 00:00:00,103.9,103.965,103.761,103.915
2024-03-01 04:00:00,103.915,104.031,103.656,103.943
2024-03-01 08:00:00,103.944,104.201,103.926,104.156
2024-03-01 12:00:00,104.156,104.156,104.096,104.148
2024-03-01 16:00:00,104.126,104.13,104.043,104.073
2024-03-01 20:00:00,104.073,104.144,104.073,104.135
2024-03-02 00:00:00,104.136,104.212,104.048,104.062
2024-03-02 04:00:00,104.061,104.292,103.869,103.91
2024-03-02 08:00:00,103.909,104.015,103.842,103.861
2024-03-02 12:00:00,103.862,103.923,103.862,103.885
2024-03-04 14:00:00,103.885,103.902,103.784,103.881
2024-03-04 18:00:00,103.881,103.901,103.833,103.87
2024-03-04 22:00:00,103.87,103.904,103.763,103.823
2024-03-05 02:00:00,103.822,103.963,103.801,103.869
2024-03-05 06:00:00,103.869,103.904,103.728,103.806
2024-03-05 10:00:00,103.806,103.846,103.787,103.836
2024-03-05 14:00:00,103.836,103.841,103.817,103.822
2024-03-05 16:00:00,103.849,103.889,103.826,103.849
2024-03-05 20:00:00,103.848,103.949,103.847,103.923
2024-03-06 00:00:00,103.923,103.94,103.835,103.893
2024-03-06 04:00:00,103.894,103.928,103.58,103.641
2024-03-06 08:00:00,103.641,103.82,103.635,103.798
2024-03-06 12:00:00,103.798,103.832,103.755,103.769
2024-03-06 16:00:00,103.814,103.893,103.79,103.815
2024-03-06 20:00:00,103.815,103.828,103.651,103.697
2024-03-07 00:00:00,103.696,103.727,103.591,103.615
2024-03-07 04:00:00,103.614,103.669,103.284,103.314
2024-03-07 08:00:00,103.314,103.398,103.201,103.369
2024-03-07 12:00:00,103.369,103.411,103.351,103.354
2024-03-07 16:00:00,103.312,103.352,103.259,103.279
2024-03-07 20:00:00,103.279,103.287,103.184,103.247
2024-03-08 00:00:00,103.247,103.304,103.158,103.197
2024-03-08 04:00:00,103.197,103.327,102.958,102.984
2024-03-08 08:00:00,102.983,103.017,102.813,102.823
2024-03-08 12:00:00,102.822,102.86,102.794,102.798
2024-03-08 16:00:00,102.732,102.833,102.722,102.787
2024-03-08 20:00:00,102.787,102.88,102.755,102.866
2024-03-09 00:00:00,102.866,102.898,102.723,102.766
2024-03-09 04:00:00,102.764,102.87,102.358,102.558
2024-03-09 08:00:00,102.56,102.794,102.557,102.712
2024-03-09 12:00:00,102.712,102.772,102.697,102.741
2024-03-11 13:00:00,102.741,102.768,102.644,102.68
2024-03-11 17:00:00,102.681,102.753,102.636,102.731
2024-03-11 21:00:00,102.731,102.76,102.659,102.693
2024-03-12 01:00:00,102.693,102.809,102.663,102.807
2024-03-12 05:00:00,102.808,102.933,102.791,102.842
2024-03-12 09:00:00,102.842,102.924,102.81,102.848
2024-03-12 13:00:00,102.849,102.879,102.846,102.85
2024-03-12 15:00:00,102.818,102.848,102.776,102.816
2024-03-12 19:00:00,102.817,102.85,102.793,102.809
2024-03-12 23:00:00,102.81,102.93,102.805,102.822
2024-03-13 03:00:00,102.823,103.177,102.724,103.045
2024-03-13 07:00:00,103.046,103.11,102.954,102.957
2024-03-13 11:00:00,102.958,102.981,102.923,102.926
2024-03-13 15:00:00,102.925,102.944,102.88,102.903
2024-03-13 19:00:00,102.903,102.96,102.868,102.935
2024-03-13 23:00:00,102.935,103.021,102.898,102.946
2024-03-14 03:00:00,102.946,102.949,102.814,102.831
2024-03-14 07:00:00,102.831,102.867,102.666,102.789
2024-03-14 11:00:00,102.789,102.836,102.776,102.785
2024-03-14 15:00:00,102.764,102.863,102.736,102.855
2024-03-14 19:00:00,102.855,102.9,102.837,102.89
2024-03-14 23:00:00,102.89,102.936,102.802,102.851
2024-03-15 03:00:00,102.85,103.255,102.796,103.235
2024-03-15 07:00:00,103.234,103.392,103.218,103.36
2024-03-15 11:00:00,103.36,103.396,103.3,103.355
2024-03-15 15:00:00,103.387,103.487,103.377,103.48
2024-03-15 19:00:00,103.48,103.482,103.388,103.406
2024-03-15 23:00:00,103.406,103.481,103.307,103.367
2024-03-16 03:00:00,103.367,103.439,103.301,103.41
2024-03-16 07:00:00,103.41,103.494,103.407,103.432
2024-03-16 11:00:00,103.432,103.463,103.416,103.446
2024-03-18 13:00:00,103.446,103.499,103.416,103.489
2024-03-18 17:00:00,103.489,103.514,103.402,103.453
2024-03-18 21:00:00,103.453,103.475,103.368,103.401
2024-03-19 01:00:00,103.401,103.461,103.335,103.441
2024-03-19 05:00:00,103.441,103.624,103.432,103.593
2024-03-19 09:00:00,103.593,103.649,103.562,103.588
2024-03-19 13:00:00,103.57,103.589,103.556,103.582
2024-03-19 15:00:00,103.587,103.668,103.576,103.616
2024-03-19 19:00:00,103.615,103.826,103.576,103.786
2024-03-19 23:00:00,103.786,104.059,103.766,103.969
2024-03-20 03:00:00,103.969,103.981,103.821,103.837
2024-03-20 07:00:00,103.838,103.924,103.792,103.839
2024-03-20 11:00:00,103.839,103.851,103.803,103.821
2024-03-20 15:00:00,103.841,103.925,103.828,103.84
2024-03-20 19:00:00,103.84,103.911,103.827,103.869
2024-03-20 23:00:00,103.868,104.149,103.834,104.126
2024-03-21 03:00:00,104.126,104.145,104.012,104.039
2024-03-21 07:00:00,104.039,104.044,103.396,103.414
2024-03-21 11:00:00,103.414,103.538,103.379,103.382
2024-03-21 15:00:00,103.244,103.286,103.172,103.222
2024-03-21 19:00:00,103.222,103.296,103.201,103.249
2024-03-21 23:00:00,103.249,103.657,103.193,103.454
2024-03-22 03:00:00,103.453,103.907,103.447,103.837
2024-03-22 07:00:00,103.838,104.054,103.837,104.004
2024-03-22 11:00:00,104.004,104.054,103.996,104.005
2024-03-22 15:00:00,103.992,104.191,103.922,104.19
2024-03-22 19:00:00,104.19,104.254,104.145,104.222
2024-03-22 23:00:00,104.222,104.428,104.19,104.405
2024-03-23 03:00:00,104.405,104.445,104.203,104.338
2024-03-23 07:00:00,104.338,104.474,104.311,104.473
2024-03-23 11:00:00,104.474,104.496,104.411,104.43
2024-03-25 13:00:00,104.43,104.475,104.371,104.461
2024-03-25 17:00:00,104.46,104.463,104.275,104.384
2024-03-25 21:00:00,104.383,104.437,104.297,104.379
2024-03-26 01:00:00,104.379,104.41,104.204,104.244
2024-03-26 05:00:00,104.244,104.252,104.144,104.23
2024-03-26 09:00:00,104.23,104.255,104.204,104.228
2024-03-26 13:00:00,104.228,104.234,104.219,104.229
2024-03-26 15:00:00,104.22,104.24,104.145,104.179
2024-03-26 19:00:00,104.179,104.243,104.103,104.114
2024-03-26 23:00:00,104.114,104.218,104.012,104.073
2024-03-27 03:00:00,104.073,104.242,104.044,104.212
2024-03-27 07:00:00,104.212,104.336,104.183,104.293
2024-03-27 11:00:00,104.293,104.334,104.27,104.298
2024-03-27 15:00:00,104.295,104.42,104.292,104.397
2024-03-27 19:00:00,104.397,104.413,104.325,104.329
2024-03-27 23:00:00,104.329,104.417,104.216,104.274
2024-03-28 03:00:00,104.274,104.457,104.24,104.393
2024-03-28 07:00:00,104.393,104.4,104.321,104.348
2024-03-28 11:00:00,104.348,104.375,104.285,104.372
2024-03-28 15:00:00,104.435,104.472,104.31,104.349
2024-03-28 19:00:00,104.349,104.402,104.305,104.378
2024-03-28 23:00:00,104.378,104.727,104.375,104.592
2024-03-29 03:00:00,104.592,104.633,104.313,104.437
2024-03-29 07:00:00,104.437,104.563,104.387,104.546
2024-03-29 11:00:00,104.546,104.576,104.513,104.532
2024-04-01 13:00:00,104.487,104.541,104.423,104.49
2024-04-01 17:00:00,104.49,104.547,104.46,104.525
2024-04-01 21:00:00,104.525,104.563,104.488,104.506
2024-04-02 01:00:00,104.507,104.665,104.497,104.622
2024-04-02 05:00:00,104.622,105.075,104.611,105.017
2024-04-02 09:00:00,105.017,105.02,104.96,104.962
2024-04-02 13:00:00,104.963,104.985,104.955,104.965
2024-04-02 15:00:00,105.004,105.068,104.99,105.022
2024-04-02 19:00:00,105.022,105.1,105.013,105.064
2024-04-02 23:00:00,105.064,105.079,104.93,104.935
2024-04-03 03:00:00,104.935,104.956,104.682,104.792
2024-04-03 07:00:00,104.792,104.821,104.744,104.816
2024-04-03 11:00:00,104.816,104.841,104.736,104.753
2024-04-03 15:00:00,104.772,104.806,104.738,104.751
2024-04-03 19:00:00,104.752,104.809,104.705,104.792
2024-04-03 23:00:00,104.792,104.843,104.738,104.755
2024-04-04 03:00:00,104.755,104.789,104.356,104.371
2024-04-04 07:00:00,104.372,104.396,104.231,104.249
2024-04-04 11:00:00,104.25,104.301,104.227,104.227
2024-04-04 15:00:00,104.226,104.263,104.183,104.203
2024-04-04 19:00:00,104.203,104.231,104.156,104.221
2024-04-04 23:00:00,104.221,104.227,104.049,104.07
2024-04-05 03:00:00,104.071,104.158,103.915,104.003
2024-04-05 07:00:00,104.005,104.183,103.997,104.121
2024-04-05 11:00:00,104.12,104.261,104.109,104.207
2024-04-05 15:00:00,104.209,104.345,104.135,104.328
2024-04-05 19:00:00,104.327,104.352,104.275,104.294
2024-04-05 23:00:00,104.294,104.294,104.2,104.256
2024-04-06 03:00:00,104.256,104.693,104.169,104.415
2024-04-06 07:00:00,104.414,104.44,104.224,104.298
2024-04-06 11:00:00,104.298,104.326,104.282,104.287
2024-04-08 13:00:00,104.292,104.43,104.29,104.403
2024-04-08 17:00:00,104.403,104.405,104.252,104.357
2024-04-08 21:00:00,104.357,104.426,104.308,104.417
2024-04-09 01:00:00,104.417,104.437,104.306,104.32
2024-04-09 05:00:00,104.32,104.32,104.14,104.208
2024-04-09 09:00:00,104.208,104.211,104.098,104.138
2024-04-09 13:00:00,104.138,104.151,104.117,104.121
2024-04-09 15:00:00,104.12,104.165,104.104,104.158
2024-04-09 19:00:00,104.158,104.194,104.104,104.187
2024-04-09 23:00:00,104.187,104.203,104.016,104.027
2024-04-10 03:00:00,104.027,104.141,103.88,104.117
2024-04-10 07:00:00,104.118,104.176,104.097,104.148
2024-04-10 11:00:00,104.149,104.196,104.092,104.111
2024-04-10 15:00:00,104.097,104.152,104.091,104.126
2024-04-10 19:00:00,104.126,104.166,104.107,104.114
2024-04-10 23:00:00,104.114,104.141,104.028,104.038
2024-04-11 03:00:00,104.04,105.107,104.024,105.062
2024-04-11 07:00:00,105.062,105.3,105.053,105.245
2024-04-11 11:00:00,105.244,105.247,105.155,105.191
2024-04-11 15:00:00,105.184,105.228,105.133,105.147
2024-04-11 19:00:00,105.147,105.318,105.115,105.303
2024-04-11 23:00:00,105.303,105.315,105.124,105.271
2024-04-12 03:00:00,105.27,105.527,105.03,105.489
2024-04-12 07:00:00,105.488,105.523,105.192,105.282
2024-04-12 11:00:00,105.281,105.287,105.221,105.259
2024-04-12 15:00:00,105.276,105.304,105.237,105.265
2024-04-12 19:00:00,105.265,105.644,105.264,105.629
2024-04-12 23:00:00,105.629,105.943,105.597,105.931
2024-04-13 03:00:00,105.93,106.109,105.828,106.046
2024-04-13 07:00:00,106.046,106.058,105.916,106.038
2024-04-13 11:00:00,106.038,106.053,105.998,106.013
2024-04-15 13:00:00,106.013,106.032,105.922,105.994
2024-04-15 17:00:00,105.993,106.07,105.919,105.96
2024-04-15 21:00:00,105.96,105.987,105.856,105.913
2024-04-16 01:00:00,105.913,106.164,105.839,105.993
2024-04-16 05:00:00,105.994,106.229,105.88,106.12
2024-04-16 09:00:00,106.12,106.245,106.086,106.207
2024-04-16 13:00:00,106.208,106.217,106.181,106.182
2024-04-16 15:00:00,106.174,106.388,106.174,106.351
2024-04-16 19:00:00,106.351,106.437,106.25,106.369
2024-04-16 23:00:00,106.367,106.367,106.174,106.265
2024-04-17 03:00:00,106.266,106.297,106.069,106.254
2024-04-17 07:00:00,106.256,106.517,106.182,106.257
2024-04-17 11:00:00,106.257,106.383,106.25,106.372
2024-04-17 15:00:00,106.328,106.364,106.225,106.243
2024-04-17 19:00:00,106.243,106.438,106.144,106.162
2024-04-17 23:00:00,106.163,106.276,106.066,106.189
2024-04-18 03:00:00,106.188,106.277,106.087,106.239
2024-04-18 07:00:00,106.239,106.261,105.872,105.951
2024-04-18 11:00:00,105.951,106.009,105.916,105.919
2024-04-18 15:00:00,105.93,106.002,105.835,105.853
2024-04-18 19:00:00,105.853,105.897,105.741,105.804
2024-04-18 23:00:00,105.804,105.91,105.77,105.866
2024-04-19 03:00:00,105.865,106.129,105.837,106.08
2024-04-19 07:00:00,106.08,106.178,105.97,106.151
2024-04-19 11:00:00,106.151,106.182,106.119,106.157
2024-04-19 15:00:00,106.193,106.348,106.159,106.295
2024-04-19 19:00:00,106.296,106.329,106.097,106.125
2024-04-19 23:00:00,106.125,106.129,105.993,106.118
2024-04-20 03:00:00,106.118,106.162,105.849,105.944
2024-04-20 07:00:00,105.946,106.221,105.927,106.154
2024-04-20 11:00:00,106.154,106.162,106.108,106.118
2024-04-22 13:00:00,106.118,106.136,106.035,106.129
2024-04-22 17:00:00,106.129,106.129,105.981,106.045
2024-04-22 21:00:00,106.044,106.181,106.014,106.112
2024-04-23 01:00:00,106.112,106.316,106.072,106.267
2024-04-23 05:00:00,106.267,106.395,106.167,106.174
2024-04-23 09:00:00,106.174,106.177,106.06,106.132
2024-04-23 13:00:00,106.131,106.139,106.118,106.12
2024-04-23 15:00:00,106.124,106.131,106.052,106.085
2024-04-23 19:00:00,106.085,106.241,106.079,106.186
2024-04-23 23:00:00,106.188,106.206,105.844,106.123
2024-04-24 03:00:00,106.123,106.126,105.614,105.736
2024-04-24 07:00:00,105.736,105.808,105.639,105.675
2024-04-24 11:00:00,105.675,105.709,105.66,105.685
2024-04-24 15:00:00,105.694,105.702,105.592,105.63
2024-04-24 19:00:00,105.631,105.79,105.625,105.775
2024-04-24 23:00:00,105.773,105.89,105.766,105.847
2024-04-25 03:00:00,105.846,105.948,105.763,105.885
2024-04-25 07:00:00,105.884,105.95,105.817,105.857
2024-04-25 11:00:00,105.857,105.865,105.746,105.823
2024-04-25 15:00:00,105.821,105.844,105.747,105.76
2024-04-25 19:00:00,105.76,105.794,105.609,105.65
2024-04-25 23:00:00,105.65,105.719,105.569,105.612
2024-04-26 03:00:00,105.612,105.997,105.508,105.745
2024-04-26 07:00:00,105.745,105.784,105.526,105.598
2024-04-26 11:00:00,105.598,105.6,105.525,105.571
2024-04-26 15:00:00,105.576,105.664,105.574,105.625
2024-04-26 19:00:00,105.625,105.708,105.548,105.598
2024-04-26 23:00:00,105.598,105.714,105.414,105.699
2024-04-27 03:00:00,105.699,106.141,105.617,106.117
2024-04-27 07:00:00,106.117,106.188,105.937,105.938
2024-04-27 11:00:00,105.938,106.11,105.926,106.093
2024-04-29 13:00:00,106.093,106.093,105.922,105.938
2024-04-29 17:00:00,105.937,106.082,105.47,105.6
2024-04-29 21:00:00,105.6,105.845,105.462,105.75
2024-04-30 01:00:00,105.75,105.808,105.58,105.797
2024-04-30 05:00:00,105.799,105.923,105.47,105.568
2024-04-30 09:00:00,105.567,105.67,105.543,105.655
2024-04-30 13:00:00,105.655,105.655,105.626,105.634
2024-04-30 15:00:00,105.672,105.841,105.672,105.806
2024-04-30 19:00:00,105.806,105.963,105.8,105.861
2024-04-30 23:00:00,105.861,105.959,105.667,105.716
2024-05-01 03:00:00,105.716,106.086,105.716,106.051
2024-05-01 07:00:00,106.054,106.242,106.008,106.221
2024-05-01 11:00:00,106.221,106.345,106.196,106.305
2024-05-01 15:00:00,106.315,106.404,106.309,106.391
2024-05-01 19:00:00,106.391,106.49,106.389,106.477
2024-05-01 23:00:00,106.477,106.478,106.289,106.322
2024-05-02 03:00:00,106.322,106.339,106.141,106.194
2024-05-02 07:00:00,106.193,106.285,105.704,105.755
2024-05-02 11:00:00,105.753,106.141,105.435,105.631
2024-05-02 15:00:00,105.731,105.851,105.678,105.701
2024-05-02 19:00:00,105.702,105.774,105.566,105.67
2024-05-02 23:00:00,105.669,105.808,105.557,105.734
2024-05-03 03:00:00,105.733,105.897,105.577,105.749
2024-05-03 07:00:00,105.748,105.762,105.299,105.299
2024-05-03 11:00:00,105.299,105.408,105.298,105.344
2024-05-03 15:00:00,105.312,105.372,105.184,105.26
2024-05-03 19:00:00,105.259,105.309,105.201,105.307
2024-05-03 23:00:00,105.307,105.348,105.138,105.184
2024-05-04 03:00:00,105.184,105.19,104.522,105.036
2024-05-04 07:00:00,105.037,105.1,104.915,105.03
2024-05-04 11:00:00,105.03,105.076,105.008,105.076
2024-05-06 13:00:00,105.076,105.202,105.046,105.084
2024-05-06 17:00:00,105.084,105.182,105.056,105.167
2024-05-06 21:00:00,105.167,105.197,105.03,105.076
2024-05-07 01:00:00,105.076,105.104,104.867,104.893
2024-05-07 05:00:00,104.895,105.088,104.884,105.061
2024-05-07 09:00:00,105.061,105.126,105.031,105.094
2024-05-07 13:00:00,105.095,105.102,105.079,105.087
2024-05-07 15:00:00,105.144,105.224,105.033,105.212
2024-05-07 19:00:00,105.212,105.288,105.165,105.204
2024-05-07 23:00:00,105.205,105.305,105.153,105.199
2024-05-08 03:00:00,105.199,105.243,105.045,105.118
2024-05-08 07:00:00,105.118,105.446,105.08,105.412
2024-05-08 11:00:00,105.412,105.412,105.349,105.379
2024-05-08 15:00:00,105.424,105.578,105.389,105.548
2024-05-08 19:00:00,105.548,105.577,105.492,105.537
2024-05-08 23:00:00,105.537,105.644,105.484,105.511
2024-05-09 03:00:00,105.511,105.621,105.477,105.511
2024-05-09 07:00:00,105.512,105.573,105.434,105.546
2024-05-09 11:00:00,105.547,105.567,105.494,105.5
2024-05-09 15:00:00,105.523,105.582,105.498,105.536
2024-05-09 19:00:00,105.536,105.648,105.492,105.635
2024-05-09 23:00:00,105.635,105.726,105.6,105.648
2024-05-10 03:00:00,105.648,105.742,105.251,105.301
2024-05-10 07:00:00,105.301,105.373,105.222,105.227
2024-05-10 11:00:00,105.227,105.24,105.199,105.201
2024-05-10 15:00:00,105.205,105.334,105.204,105.321
2024-05-10 19:00:00,105.322,105.323,105.218,105.274
2024-05-10 23:00:00,105.274,105.294,105.204,105.269
2024-05-11 03:00:00,105.269,105.402,105.141,105.385
2024-05-11 07:00:00,105.384,105.402,105.242,105.301
2024-05-11 11:00:00,105.301,105.332,105.274,105.314
2024-05-13 13:00:00,105.307,105.355,105.289,105.347
2024-05-13 17:00:00,105.346,105.369,105.302,105.335
2024-05-13 21:00:00,105.335,105.352,105.239,105.246
2024-05-14 01:00:00,105.247,105.297,105.109,105.124
2024-05-14 05:00:00,105.124,105.236,105.055,105.195
2024-05-14 09:00:00,105.194,105.249,105.187,105.217
2024-05-14 13:00:00,105.217,105.232,105.209,105.214
2024-05-14 15:00:00,105.204,105.292,105.189,105.275
2024-05-14 19:00:00,105.275,105.299,105.251,105.264
2024-05-14 23:00:00,105.264,105.385,105.19,105.208
2024-05-15 03:00:00,105.209,105.458,104.958,104.974
2024-05-15 07:00:00,104.974,105.073,104.974,105.013
2024-05-15 11:00:00,105.013,105.024,104.991,105.021
2024-05-15 15:00:00,105.047,105.063,104.952,104.959
2024-05-15 19:00:00,104.959,104.983,104.908,104.912
2024-05-15 23:00:00,104.911,104.924,104.803,104.877
2024-05-16 03:00:00,104.876,104.887,104.413,104.578
2024-05-16 07:00:00,104.578,104.588,104.305,104.345
2024-05-16 11:00:00,104.345,104.359,104.283,104.283
2024-05-16 15:00:00,104.206,104.26,104.08,104.186
2024-05-16 19:00:00,104.186,104.325,104.156,104.32
2024-05-16 23:00:00,104.32,104.433,104.263,104.393
2024-05-17 03:00:00,104.393,104.626,104.372,104.469
2024-05-17 07:00:00,104.468,104.502,104.413,104.462
2024-05-17 11:00:00,104.461,104.522,104.461,104.492
2024-05-17 15:00:00,104.5,104.665,104.49,104.638
2024-05-17 19:00:00,104.639,104.643,104.539,104.569
2024-05-17 23:00:00,104.569,104.79,104.533,104.778
2024-05-18 03:00:00,104.778,104.798,104.41,104.421
2024-05-18 07:00:00,104.42,104.505,104.392,104.445
2024-05-18 11:00:00,104.445,104.504,104.439,104.497
2024-05-20 13:00:00,104.497,104.522,104.452,104.473
2024-05-20 17:00:00,104.473,104.505,104.402,104.424
2024-05-20 21:00:00,104.425,104.506,104.394,104.45
2024-05-21 01:00:00,104.45,104.649,104.45,104.626
2024-05-21 05:00:00,104.626,104.627,104.503,104.533
2024-05-21 09:00:00,104.533,104.623,104.492,104.62
2024-05-21 13:00:00,104.62,104.624,104.596,104.624
2024-05-21 15:00:00,104.596,104.703,104.596,104.661
2024-05-21 19:00:00,104.661,104.677,104.564,104.593
2024-05-21 23:00:00,104.592,104.602,104.477,104.536
2024-05-22 03:00:00,104.536,104.769,104.5,104.565
2024-05-22 07:00:00,104.565,104.707,104.558,104.661
2024-05-22 11:00:00,104.662,104.675,104.609,104.622
2024-05-22 15:00:00,104.617,104.649,104.557,104.606
2024-05-22 19:00:00,104.606,104.673,104.56,104.58
2024-05-22 23:00:00,104.58,104.783,104.57,104.775
2024-05-23 03:00:00,104.775,104.931,104.729,104.823
2024-05-23 07:00:00,104.823,104.954,104.696,104.933
2024-05-23 11:00:00,104.933,104.969,104.908,104.909
2024-05-23 15:00:00,104.902,104.937,104.866,104.878
2024-05-23 19:00:00,104.877,104.926,104.838,104.876
2024-05-23 23:00:00,104.875,104.959,104.72,104.749
2024-05-24 03:00:00,104.749,104.952,104.625,104.94
2024-05-24 07:00:00,104.941,105.112,104.888,105.108
2024-05-24 11:00:00,105.108,105.113,105.026,105.047
2024-05-24 15:00:00,105.035,105.107,105.029,105.092
2024-05-24 19:00:00,105.093,105.119,105.025,105.062
2024-05-24 23:00:00,105.062,105.062,104.819,104.849
2024-05-25 03:00:00,104.849,104.895,104.73,104.748
2024-05-25 07:00:00,104.748,104.751,104.638,104.724
2024-05-25 11:00:00,104.724,104.751,104.718,104.748
2024-05-27 13:00:00,104.748,104.748,104.7,104.72
2024-05-27 17:00:00,104.72,104.721,104.681,104.705
2024-05-27 21:00:00,104.705,104.748,104.677,104.714
2024-05-28 01:00:00,104.714,104.755,104.576,104.68
2024-05-28 05:00:00,104.681,104.696,104.566,104.584
2024-05-28 09:00:00,104.584,104.6,104.575,104.594
2024-05-28 13:00:00,104.594,104.613,104.579,104.583
2024-05-28 15:00:00,104.577,104.579,104.438,104.447
2024-05-28 19:00:00,104.447,104.478,104.411,104.464
2024-05-28 23:00:00,104.464,104.529,104.414,104.423
2024-05-29 03:00:00,104.424,104.574,104.335,104.452
2024-05-29 07:00:00,104.452,104.642,104.421,104.614
2024-05-29 11:00:00,104.614,104.631,104.583,104.611
2024-05-29 15:00:00,104.643,104.724,104.639,104.72
2024-05-29 19:00:00,104.722,104.745,104.623,104.651
2024-05-29 23:00:00,104.651,104.798,104.589,104.727
2024-05-30 03:00:00,104.728,105.033,104.657,105.009
2024-05-30 07:00:00,105.009,105.112,104.991,105.099
2024-05-30 11:00:00,105.099,105.143,105.098,105.118
2024-05-30 15:00:00,105.128,105.176,105.084,105.138
2024-05-30 19:00:00,105.139,105.184,105.092,105.097
2024-05-30 23:00:00,105.097,105.109,104.896,104.913
2024-05-31 03:00:00,104.913,104.935,104.632,104.669
2024-05-31 07:00:00,104.67,104.731,104.635,104.716
2024-05-31 11:00:00,104.716,104.797,104.716,104.742
2024-05-31 15:00:00,104.764,104.897,104.729,104.894
2024-05-31 19:00:00,104.894,104.895,104.797,104.813
2024-05-31 23:00:00,104.813,104.899,104.648,104.654
2024-06-01 03:00:00,104.654,104.667,104.361,104.571
2024-06-01 07:00:00,104.575,104.72,104.563,104.671
2024-06-01 11:00:00,104.671,104.683,104.596,104.625
2024-06-03 13:00:00,104.625,104.631,104.516,104.525
2024-06-03 17:00:00,104.525,104.635,104.507,104.607
2024-06-03 21:00:00,104.607,104.732,104.573,104.7
2024-06-04 01:00:00,104.7,104.767,104.555,104.592
2024-06-04 05:00:00,104.592,104.592,104.147,104.212
2024-06-04 09:00:00,104.212,104.249,104.063,104.064
2024-06-04 13:00:00,104.064,104.09,104.044,104.044
2024-06-04 15:00:00,104.054,104.108,103.993,104.076
2024-06-04 19:00:00,104.077,104.141,104.044,104.116
2024-06-04 23:00:00,104.117,104.317,104.102,104.281
2024-06-05 03:00:00,104.281,104.333,104.122,104.147
2024-06-05 07:00:00,104.147,104.185,104.038,104.11
2024-06-05 11:00:00,104.11,104.162,104.109,104.147
2024-06-05 15:00:00,104.17,104.196,104.125,104.165
2024-06-05 19:00:00,104.165,104.281,104.164,104.261
2024-06-05 23:00:00,104.263,104.366,104.238,104.33
2024-06-06 03:00:00,104.33,104.451,104.14,104.413
2024-06-06 07:00:00,104.412,104.46,104.252,104.268
2024-06-06 11:00:00,104.268,104.322,104.256,104.291
2024-06-06 15:00:00,104.253,104.261,104.049,104.094
2024-06-06 19:00:00,104.094,104.251,104.072,104.182
2024-06-06 23:00:00,104.181,104.327,104.155,104.255
2024-06-07 03:00:00,104.255,104.374,104.096,104.284
2024-06-07 07:00:00,104.285,104.288,104.091,104.102
2024-06-07 11:00:00,104.103,104.127,104.087,104.092
2024-06-07 15:00:00,104.094,104.163,104.087,104.096
2024-06-07 19:00:00,104.096,104.121,104.043,104.066
2024-06-07 23:00:00,104.063,104.143,103.999,104.131
2024-06-08 03:00:00,104.131,104.879,104.025,104.861
2024-06-08 07:00:00,104.86,104.928,104.83,104.885
2024-06-08 11:00:00,104.884,104.946,104.871,104.935
2024-06-10 13:00:00,104.935,105.135,104.935,105.082
2024-06-10 17:00:00,105.082,105.306,105.058,105.253
2024-06-10 21:00:00,105.252,105.302,105.143,105.241
2024-06-11 01:00:00,105.241,105.385,105.152,105.311
2024-06-11 05:00:00,105.311,105.351,105.151,105.199
2024-06-11 09:00:00,105.198,105.232,105.114,105.124
2024-06-11 13:00:00,105.124,105.148,105.102,105.102
2024-06-11 15:00:00,105.149,105.172,105.121,105.14
2024-06-11 19:00:00,105.14,105.152,105.095,105.137
2024-06-11 23:00:00,105.137,105.317,105.129,105.274
2024-06-12 03:00:00,105.276,105.459,105.266,105.447
2024-06-12 07:00:00,105.447,105.452,105.223,105.23
2024-06-12 11:00:00,105.231,105.28,105.18,105.254
2024-06-12 15:00:00,105.275,105.323,105.244,105.257
2024-06-12 19:00:00,105.257,105.307,105.22,105.278
2024-06-12 23:00:00,105.277,105.316,105.125,105.131
2024-06-13 03:00:00,105.13,105.138,104.271,104.293
2024-06-13 07:00:00,104.293,104.702,104.257,104.645
2024-06-13 11:00:00,104.646,104.767,104.61,104.683
2024-06-13 15:00:00,104.693,104.792,104.672,104.772
2024-06-13 19:00:00,104.772,104.854,104.763,104.841
2024-06-13 23:00:00,104.841,104.896,104.732,104.89
2024-06-14 03:00:00,104.89,105.097,104.642,105.03
2024-06-14 07:00:00,105.029,105.284,105.02,105.196
2024-06-14 11:00:00,105.196,105.245,105.184,105.239
2024-06-14 15:00:00,105.231,105.276,105.2,105.213
2024-06-14 19:00:00,105.213,105.479,105.179,105.421
2024-06-14 23:00:00,105.419,105.725,105.401,105.533
2024-06-15 03:00:00,105.534,105.805,105.491,105.663
2024-06-15 07:00:00,105.663,105.687,105.496,105.55
2024-06-15 11:00:00,105.549,105.554,105.492,105.518
2024-06-17 13:00:00,105.509,105.556,105.488,105.529
2024-06-17 17:00:00,105.53,105.576,105.517,105.528
2024-06-17 21:00:00,105.528,105.647,105.515,105.557
2024-06-18 01:00:00,105.558,105.616,105.504,105.565
2024-06-18 05:00:00,105.564,105.575,105.408,105.424
2024-06-18 09:00:00,105.425,105.428,105.306,105.334
2024-06-18 13:00:00,105.335,105.354,105.329,105.33
2024-06-18 15:00:00,105.297,105.402,105.259,105.4
2024-06-18 19:00:00,105.4,105.458,105.363,105.367
2024-06-18 23:00:00,105.368,105.538,105.362,105.493
2024-06-19 03:00:00,105.493,105.564,105.125,105.319
2024-06-19 07:00:00,105.319,105.342,105.228,105.256
2024-06-19 11:00:00,105.256,105.288,105.25,105.253
2024-06-19 15:00:00,105.258,105.299,105.232,105.263
2024-06-19 19:00:00,105.263,105.309,105.23,105.284
2024-06-19 23:00:00,105.284,105.337,105.154,105.169
2024-06-20 03:00:00,105.168,105.243,105.153,105.184
2024-06-20 07:00:00,105.183,105.257,105.175,105.254
2024-06-20 11:00:00,105.254,105.257,105.217,105.226
2024-06-20 15:00:00,105.204,105.29,105.203,105.285
2024-06-20 19:00:00,105.286,105.351,105.249,105.337
2024-06-20 23:00:00,105.337,105.518,105.308,105.407
2024-06-21 03:00:00,105.407,105.529,105.384,105.484
2024-06-21 07:00:00,105.483,105.655,105.476,105.588
2024-06-21 11:00:00,105.588,105.665,105.583,105.656
2024-06-21 15:00:00,105.64,105.664,105.552,105.569
2024-06-21 19:00:00,105.568,105.629,105.536,105.619
2024-06-21 23:00:00,105.62,105.866,105.62,105.837
2024-06-22 03:00:00,105.837,105.915,105.724,105.904
2024-06-22 07:00:00,105.904,105.91,105.785,105.796
2024-06-22 11:00:00,105.796,105.838,105.779,105.832
2024-06-24 13:00:00,105.832,105.9,105.804,105.839
2024-06-24 17:00:00,105.839,105.893,105.809,105.814
2024-06-24 21:00:00,105.814,105.814,105.634,105.672
2024-06-25 01:00:00,105.671,105.675,105.504,105.506
2024-06-25 05:00:00,105.506,105.569,105.374,105.546
2024-06-25 09:00:00,105.547,105.594,105.452,105.493
2024-06-25 13:00:00,105.493,105.498,105.482,105.485
2024-06-25 15:00:00,105.513,105.514,105.429,105.434
2024-06-25 19:00:00,105.434,105.479,105.371,105.475
2024-06-25 23:00:00,105.475,105.543,105.449,105.531
2024-06-26 03:00:00,105.531,105.782,105.528,105.726
2024-06-26 07:00:00,105.726,105.727,105.593,105.607
2024-06-26 11:00:00,105.607,105.65,105.588,105.62
2024-06-26 15:00:00,105.657,105.699,105.609,105.67
2024-06-26 19:00:00,105.669,105.788,105.645,105.781
2024-06-26 23:00:00,105.781,105.934,105.768,105.934
2024-06-27 03:00:00,105.934,106.13,105.879,106.028
2024-06-27 07:00:00,106.029,106.073,105.957,106.052
2024-06-27 11:00:00,106.052,106.101,106.043,106.05
2024-06-27 15:00:00,106.065,106.082,105.943,105.966
2024-06-27 19:00:00,105.966,105.976,105.865,105.921
2024-06-27 23:00:00,105.921,106.038,105.848,105.855
2024-06-28 03:00:00,105.855,105.954,105.708,105.831
2024-06-28 07:00:00,105.83,105.931,105.829,105.906
2024-06-28 11:00:00,105.906,105.944,105.894,105.927
2024-06-28 15:00:00,105.923,106.126,105.873,106.028
2024-06-28 19:00:00,106.028,106.118,105.986,106.003
2024-06-28 23:00:00,106.002,106.049,105.842,105.843
2024-06-29 03:00:00,105.843,106.01,105.784,105.825
2024-06-29 07:00:00,105.825,105.898,105.745,105.866
2024-06-29 11:00:00,105.866,105.918,105.847,105.849
2024-07-01 13:00:00,105.849,105.849,105.631,105.665
2024-07-01 17:00:00,105.664,105.684,105.543,105.608
2024-07-01 21:00:00,105.608,105.645,105.425,105.508
2024-07-02 01:00:00,105.508,105.769,105.508,105.707
2024-07-02 05:00:00,105.707,105.982,105.531,105.877
2024-07-02 09:00:00,105.876,105.945,105.797,105.81
2024-07-02 13:00:00,105.81,105.831,105.803,105.829
2024-07-02 15:00:00,105.847,105.901,105.831,105.884
2024-07-02 19:00:00,105.884,105.953,105.882,105.953
2024-07-02 23:00:00,105.953,106.054,105.937,105.98
2024-07-03 03:00:00,105.98,106.001,105.711,105.738
2024-07-03 07:00:00,105.738,105.839,105.718,105.722
2024-07-03 11:00:00,105.723,105.729,105.661,105.672
2024-07-03 15:00:00,105.668,105.747,105.631,105.724
2024-07-03 19:00:00,105.724,105.804,105.709,105.72
2024-07-03 23:00:00,105.72,105.721,105.593,105.639
2024-07-04 03:00:00,105.64,105.656,105.049,105.179
2024-07-04 07:00:00,105.178,105.416,105.143,105.403
2024-07-04 11:00:00,105.402,105.404,105.332,105.337
2024-07-04 15:00:00,105.323,105.326,105.232,105.324
2024-07-04 19:00:00,105.323,105.357,105.281,105.283
2024-07-04 23:00:00,105.283,105.315,105.187,105.188
2024-07-05 03:00:00,105.187,105.239,105.13,105.144
2024-07-05 07:00:00,105.144,105.152,105.102,105.13
2024-07-05 11:00:00,105.129,105.142,105.118,105.127
2024-07-05 15:00:00,105.165,105.169,105.047,105.062
2024-07-05 19:00:00,105.061,105.064,104.974,105.028
2024-07-05 23:00:00,105.028,105.051,104.921,104.987
2024-07-06 03:00:00,104.987,105.139,104.825,105.011
2024-07-06 07:00:00,105.01,105.041,104.874,104.875
2024-07-06 11:00:00,104.874,104.893,104.844,104.875
2024-07-08 13:00:00,104.875,105.007,104.875,104.985
2024-07-08 17:00:00,104.985,105.002,104.851,104.918
2024-07-08 21:00:00,104.918,105.034,104.864,104.911
2024-07-09 01:00:00,104.911,105.002,104.807,104.814
2024-07-09 05:00:00,104.814,104.968,104.801,104.938
2024-07-09 09:00:00,104.938,105.034,104.929,105.022
2024-07-09 13:00:00,105.022,105.022,105.008,105.013
2024-07-09 15:00:00,104.99,105.098,104.955,105.037
2024-07-09 19:00:00,105.037,105.041,104.98,105.015
2024-07-09 23:00:00,105.014,105.089,104.97,105.036
2024-07-10 03:00:00,105.036,105.15,104.989,105.121
2024-07-10 07:00:00,105.122,105.208,105.09,105.129
2024-07-10 11:00:00,105.129,105.147,105.106,105.123
2024-07-10 15:00:00,105.122,105.174,105.106,105.125
2024-07-10 19:00:00,105.125,105.135,105.067,105.076
2024-07-10 23:00:00,105.076,105.166,105.055,105.08
2024-07-11 03:00:00,105.079,105.093,104.996,105.062
2024-07-11 07:00:00,105.062,105.108,105.008,105.048
2024-07-11 11:00:00,105.049,105.063,104.981,104.984
2024-07-11 15:00:00,104.987,104.993,104.915,104.947
2024-07-11 19:00:00,104.947,104.994,104.931,104.984
2024-07-11 23:00:00,104.983,104.995,104.826,104.863
2024-07-12 03:00:00,104.863,104.893,104.077,104.322
2024-07-12 07:00:00,104.323,104.523,104.301,104.44
2024-07-12 11:00:00,104.44,104.502,104.434,104.502
2024-07-12 15:00:00,104.518,104.546,104.33,104.522
2024-07-12 19:00:00,104.522,104.527,104.424,104.518
2024-07-12 23:00:00,104.518,104.544,104.315,104.32
2024-07-13 03:00:00,104.32,104.429,104.045,104.051
2024-07-13 07:00:00,104.051,104.141,104.041,104.093
2024-07-13 11:00:00,104.093,104.111,104.05,104.084
2024-07-15 13:00:00,104.084,104.319,104.084,104.265
2024-07-15 17:00:00,104.264,104.292,104.196,104.214
2024-07-15 21:00:00,104.214,104.291,104.08,104.081
2024-07-16 01:00:00,104.082,104.193,104.039,104.139
2024-07-16 05:00:00,104.139,104.191,104.03,104.135
2024-07-16 09:00:00,104.134,104.273,104.133,104.266
2024-07-16 13:00:00,104.266,104.267,104.238,104.255
2024-07-16 15:00:00,104.246,104.362,104.242,104.346
2024-07-16 19:00:00,104.346,104.4,104.318,104.363
2024-07-16 23:00:00,104.363,104.363,104.239,104.276
2024-07-17 03:00:00,104.277,104.51,104.197,104.439
2024-07-17 07:00:00,104.438,104.438,104.262,104.27
2024-07-17 11:00:00,104.27,104.276,104.21,104.243
2024-07-17 15:00:00,104.221,104.294,104.188,104.211
2024-07-17 19:00:00,104.211,104.242,104.14,104.191
2024-07-17 23:00:00,104.191,104.212,103.662,103.806
2024-07-18 03:00:00,103.806,103.83,103.65,103.814
2024-07-18 07:00:00,103.814,103.877,103.738,103.748
2024-07-18 11:00:00,103.748,103.771,103.723,103.744
2024-07-18 15:00:00,103.697,103.804,103.653,103.778
2024-07-18 19:00:00,103.778,103.841,103.718,103.784
2024-07-18 23:00:00,103.784,103.85,103.735,103.8
2024-07-19 03:00:00,103.801,104.025,103.773,103.958
2024-07-19 07:00:00,103.958,104.2,103.952,104.173
2024-07-19 11:00:00,104.172,104.228,104.162,104.179
2024-07-19 15:00:00,104.16,104.282,104.13,104.228
2024-07-19 19:00:00,104.229,104.341,104.226,104.273
2024-07-19 23:00:00,104.275,104.399,104.205,104.334
2024-07-20 03:00:00,104.334,104.384,104.266,104.3
2024-07-20 07:00:00,104.3,104.42,104.286,104.396
2024-07-20 11:00:00,104.395,104.408,104.361,104.365
2024-07-22 13:00:00,104.365,104.365,104.181,104.26
2024-07-22 17:00:00,104.26,104.358,104.251,104.327
2024-07-22 21:00:00,104.327,104.348,104.218,104.26
2024-07-23 01:00:00,104.259,104.392,104.191,104.35
2024-07-23 05:00:00,104.349,104.424,104.31,104.341
2024-07-23 09:00:00,104.34,104.34,104.295,104.3
2024-07-23 13:00:00,104.3,104.31,104.283,104.283
2024-07-23 15:00:00,104.308,104.313,104.24,104.266
2024-07-23 19:00:00,104.265,104.349,104.204,104.325
2024-07-23 23:00:00,104.324,104.47,104.257,104.417
2024-07-24 03:00:00,104.417,104.535,104.359,104.525
2024-07-24 07:00:00,104.525,104.526,104.417,104.45
2024-07-24 11:00:00,104.45,104.475,104.428,104.468
2024-07-24 15:00:00,104.477,104.542,104.435,104.499
2024-07-24 19:00:00,104.499,104.503,104.366,104.442
2024-07-24 23:00:00,104.442,104.555,104.375,104.399
2024-07-25 03:00:00,104.4,104.431,104.122,104.19
2024-07-25 07:00:00,104.19,104.402,104.161,104.391
2024-07-25 11:00:00,104.391,104.416,104.325,104.328
2024-07-25 15:00:00,104.375,104.397,104.243,104.265
2024-07-25 19:00:00,104.266,104.343,104.193,104.334
2024-07-25 23:00:00,104.334,104.373,104.08,104.184
2024-07-26 03:00:00,104.183,104.455,104.167,104.277
2024-07-26 07:00:00,104.277,104.357,104.177,104.355
2024-07-26 11:00:00,104.356,104.417,104.316,104.4
2024-07-26 15:00:00,104.355,104.367,104.249,104.329
2024-07-26 19:00:00,104.329,104.334,104.257,104.314
2024-07-26 23:00:00,104.315,104.45,104.303,104.365
2024-07-27 03:00:00,104.366,104.436,104.207,104.311
2024-07-27 07:00:00,104.311,104.361,104.237,104.316
2024-07-27 11:00:00,104.315,104.333,104.295,104.328
2024-07-29 13:00:00,104.328,104.403,104.207,104.235
2024-07-29 17:00:00,104.234,104.279,104.138,104.256
2024-07-29 21:00:00,104.256,104.527,104.225,104.519
2024-07-30 01:00:00,104.519,104.628,104.414,104.606
2024-07-30 05:00:00,104.606,104.752,104.555,104.575
2024-07-30 09:00:00,104.575,104.592,104.536,104.573
2024-07-30 13:00:00,104.574,104.576,104.556,104.569
2024-07-30 15:00:00,104.558,104.649,104.553,104.609
2024-07-30 19:00:00,104.61,104.705,104.557,104.666
2024-07-30 23:00:00,104.667,104.689,104.539,104.552
2024-07-31 03:00:00,104.553,104.799,104.553,104.729
2024-07-31 07:00:00,104.729,104.734,104.486,104.554
2024-07-31 11:00:00,104.554,104.577,104.449,104.452
2024-07-31 15:00:00,104.426,104.489,104.353,104.403
2024-07-31 19:00:00,104.404,104.531,104.281,104.34
2024-07-31 23:00:00,104.339,104.443,104.098,104.121
2024-08-01 03:00:00,104.121,104.206,103.926,104.156
2024-08-01 07:00:00,104.155,104.369,104.075,104.096
2024-08-01 11:00:00,104.096,104.105,103.983,104.016
2024-08-01 15:00:00,104.073,104.079,103.863,104.034
2024-08-01 19:00:00,104.034,104.227,103.938,104.167
2024-08-01 23:00:00,104.167,104.429,104.137,104.371
2024-08-02 03:00:00,104.369,104.41,104.093,104.311
2024-08-02 07:00:00,104.31,104.447,104.299,104.421
2024-08-02 11:00:00,104.421,104.434,104.331,104.342
2024-08-02 15:00:00,104.307,104.426,104.302,104.373
2024-08-02 19:00:00,104.373,104.374,104.193,104.261
2024-08-02 23:00:00,104.262,104.331,104.094,104.1
2024-08-03 03:00:00,104.1,104.101,103.125,103.158
2024-08-03 07:00:00,103.159,103.355,103.128,103.208
2024-08-03 11:00:00,103.208,103.25,103.182,103.221
2024-08-05 13:00:00,103.221,103.277,103.033,103.106
2024-08-05 17:00:00,103.104,103.131,102.648,102.748
2024-08-05 21:00:00,102.746,103.021,102.414,102.61
2024-08-06 01:00:00,102.608,102.715,102.16,102.308
2024-08-06 05:00:00,102.307,102.791,102.204,102.715
2024-08-06 09:00:00,102.715,102.841,102.636,102.736
2024-08-06 13:00:00,102.736,102.754,102.673,102.674
2024-08-06 15:00:00,102.78,102.967,102.7,102.832
2024-08-06 19:00:00,102.832,103.008,102.801,102.966
2024-08-06 23:00:00,102.966,103.173,102.929,103.151
2024-08-07 03:00:00,103.153,103.225,102.887,102.908
2024-08-07 07:00:00,102.908,103.06,102.907,102.969
2024-08-07 11:00:00,102.968,103.02,102.888,102.93
2024-08-07 15:00:00,102.954,103.316,102.916,103.222
2024-08-07 19:00:00,103.221,103.368,103.188,103.188
2024-08-07 23:00:00,103.187,103.305,103.084,103.206
2024-08-08 03:00:00,103.205,103.272,103.078,103.137
2024-08-08 07:00:00,103.136,103.241,103.115,103.197
2024-08-08 11:00:00,103.197,103.22,103.158,103.186
2024-08-08 15:00:00,103.092,103.148,102.998,103.073
2024-08-08 19:00:00,103.072,103.09,102.947,102.956
2024-08-08 23:00:00,102.956,103.148,102.916,103.098
2024-08-09 03:00:00,103.099,103.546,103.039,103.331
2024-08-09 07:00:00,103.332,103.337,103.209,103.209
2024-08-09 11:00:00,103.209,103.243,103.201,103.235
2024-08-09 15:00:00,103.265,103.302,103.171,103.215
2024-08-09 19:00:00,103.214,103.225,103.117,103.123
2024-08-09 23:00:00,103.123,103.229,103.099,103.221
2024-08-10 03:00:00,103.221,103.253,103.028,103.093
2024-08-10 07:00:00,103.093,103.164,103.049,103.135
2024-08-10 11:00:00,103.135,103.171,103.12,103.154
2024-08-12 13:00:00,103.154,103.236,103.149,103.17
2024-08-12 17:00:00,103.17,103.235,103.125,103.188
2024-08-12 21:00:00,103.187,103.243,103.133,103.211
2024-08-13 01:00:00,103.211,103.274,103.154,103.258
2024-08-13 05:00:00,103.258,103.31,103.094,103.212
2024-08-13 09:00:00,103.212,103.212,103.095,103.13
2024-08-13 13:00:00,103.13,103.141,103.116,103.128
2024-08-13 15:00:00,103.093,103.179,103.074,103.122
2024-08-13 19:00:00,103.122,103.159,103.085,103.149
2024-08-13 23:00:00,103.148,103.272,103.13,103.202
2024-08-14 03:00:00,103.201,103.209,102.86,102.903
2024-08-14 07:00:00,102.902,102.964,102.558,102.559
2024-08-14 11:00:00,102.56,102.66,102.55,102.603
2024-08-14 15:00:00,102.61,102.675,102.556,102.606
2024-08-14 19:00:00,102.606,102.72,102.602,102.641
2024-08-14 23:00:00,102.641,102.671,102.419,102.449
2024-08-15 03:00:00,102.449,102.65,102.27,102.362
2024-08-15 07:00:00,102.36,102.614,102.356,102.568
2024-08-15 11:00:00,102.569,102.62,102.565,102.569
2024-08-15 15:00:00,102.626,102.686,102.583,102.64
2024-08-15 19:00:00,102.64,102.645,102.538,102.545
2024-08-15 23:00:00,102.545,102.643,102.543,102.579
2024-08-16 03:00:00,102.579,103.227,102.536,102.929
2024-08-16 07:00:00,102.929,103.046,102.859,102.977
2024-08-16 11:00:00,102.976,103.07,102.963,103.042
2024-08-16 15:00:00,103.035,103.051,102.911,102.93
2024-08-16 19:00:00,102.93,102.98,102.876,102.939
2024-08-16 23:00:00,102.939,102.968,102.753,102.755
2024-08-17 03:00:00,102.755,102.837,102.631,102.754
2024-08-17 07:00:00,102.754,102.77,102.457,102.463
2024-08-17 11:00:00,102.463,102.488,102.393,102.403
2024-08-19 13:00:00,102.403,102.484,102.38,102.408
2024-08-19 17:00:00,102.408,102.426,102.135,102.174
2024-08-19 21:00:00,102.174,102.183,102.001,102.171
2024-08-20 01:00:00,102.172,102.257,102.121,102.183
2024-08-20 05:00:00,102.183,102.272,101.899,101.941
2024-08-20 09:00:00,101.941,101.971,101.851,101.863
2024-08-20 13:00:00,101.863,101.881,101.85,101.85
2024-08-20 15:00:00,101.878,101.975,101.769,101.964
2024-08-20 19:00:00,101.964,102.009,101.889,101.912
2024-08-20 23:00:00,101.913,101.96,101.761,101.803
2024-08-21 03:00:00,101.802,101.861,101.477,101.534
2024-08-21 07:00:00,101.534,101.655,101.437,101.441
2024-08-21 11:00:00,101.441,101.448,101.361,101.38
2024-08-21 15:00:00,101.347,101.463,101.31,101.427
2024-08-21 19:00:00,101.427,101.545,101.42,101.52
2024-08-21 23:00:00,101.519,101.599,101.422,101.481
2024-08-22 03:00:00,101.481,101.634,101.345,101.399
2024-08-22 07:00:00,101.399,101.4,100.923,101.039
2024-08-22 11:00:00,101.039,101.2,101.039,101.137
2024-08-22 15:00:00,101.133,101.271,101.093,101.239
2024-08-22 19:00:00,101.239,101.25,101.16,101.183
2024-08-22 23:00:00,101.182,101.299,101.091,101.224
2024-08-23 03:00:00,101.224,101.625,101.224,101.468
2024-08-23 07:00:00,101.468,101.606,101.446,101.508
2024-08-23 11:00:00,101.508,101.564,101.487,101.517
2024-08-23 15:00:00,101.461,101.502,101.297,101.349
2024-08-23 19:00:00,101.348,101.39,101.259,101.286
2024-08-23 23:00:00,101.287,101.457,101.274,101.413
2024-08-24 03:00:00,101.413,101.554,100.809,100.89
2024-08-24 07:00:00,100.893,100.948,100.602,100.718
2024-08-24 11:00:00,100.718,100.729,100.643,100.678
2024-08-26 13:00:00,100.678,100.719,100.536,100.604
2024-08-26 17:00:00,100.605,100.725,100.534,100.713
2024-08-26 21:00:00,100.714,100.763,100.639,100.709
2024-08-27 01:00:00,100.709,100.884,100.703,100.815
2024-08-27 05:00:00,100.816,100.923,100.707,100.796
2024-08-27 09:00:00,100.796,100.908,100.749,100.88
2024-08-27 13:00:00,100.881,100.885,100.858,100.859
2024-08-27 15:00:00,100.816,100.93,100.816,100.869
2024-08-27 19:00:00,100.869,100.897,100.804,100.893
2024-08-27 23:00:00,100.893,100.908,100.736,100.827
2024-08-28 03:00:00,100.827,100.905,100.699,100.732
2024-08-28 07:00:00,100.732,100.786,100.514,100.552
2024-08-28 11:00:00,100.553,100.591,100.544,100.552
2024-08-28 15:00:00,100.553,100.728,100.553,100.727
2024-08-28 19:00:00,100.728,100.955,100.71,100.866
2024-08-28 23:00:00,100.865,101.006,100.771,100.985
2024-08-29 03:00:00,100.985,101.161,100.896,100.955
2024-08-29 07:00:00,100.955,101.177,100.946,101.094
2024-08-29 11:00:00,101.094,101.122,101.03,101.037
2024-08-29 15:00:00,100.996,101.032,100.932,100.974
2024-08-29 19:00:00,100.974,100.983,100.885,100.97
2024-08-29 23:00:00,100.969,101.357,100.958,101.16
2024-08-30 03:00:00,101.16,101.578,101.146,101.478
2024-08-30 07:00:00,101.478,101.5,101.276,101.343
2024-08-30 11:00:00,101.343,101.395,101.333,101.372
2024-08-30 15:00:00,101.379,101.417,101.32,101.4
2024-08-30 19:00:00,101.4,101.411,101.327,101.329
2024-08-30 23:00:00,101.329,101.426,101.245,101.41
2024-08-31 03:00:00,101.41,101.648,101.338,101.516
2024-08-31 07:00:00,101.516,101.783,101.496,101.698
2024-08-31 11:00:00,101.698,101.733,101.659,101.733
2024-09-02 13:00:00,101.733,101.799,101.666,101.69
2024-09-02 17:00:00,101.688,101.758,101.647,101.707
2024-09-02 21:00:00,101.707,101.738,101.569,101.655
2024-09-03 01:00:00,101.655,101.75,101.611,101.676
2024-09-03 05:00:00,101.677,101.741,101.648,101.679
2024-09-03 09:00:00,101.679,101.68,101.639,101.648
2024-09-03 13:00:00,101.648,101.665,101.64,101.644
2024-09-03 15:00:00,101.664,101.768,101.639,101.697
2024-09-03 19:00:00,101.697,101.773,101.676,101.676
2024-09-03 23:00:00,101.674,101.859,101.626,101.846
2024-09-04 03:00:00,101.846,101.866,101.561,101.786
2024-09-04 07:00:00,101.787,101.917,101.748,101.825
2024-09-04 11:00:00,101.825,101.83,101.739,101.774
2024-09-04 15:00:00,101.686,101.735,101.648,101.687
2024-09-04 19:00:00,101.687,101.71,101.591,101.628
2024-09-04 23:00:00,101.629,101.7,101.571,101.665
2024-09-05 03:00:00,101.664,101.778,101.238,101.276
2024-09-05 07:00:00,101.277,101.459,101.261,101.358
2024-09-05 11:00:00,101.359,101.366,101.263,101.268
2024-09-05 15:00:00,101.282,101.339,101.232,101.312
2024-09-05 19:00:00,101.312,101.351,101.203,101.244
2024-09-05 23:00:00,101.244,101.322,101.143,101.161
2024-09-06 03:00:00,101.161,101.372,100.964,101.336
2024-09-06 07:00:00,101.335,101.343,101.024,101.107
2024-09-06 11:00:00,101.107,101.123,101.051,101.056
2024-09-06 15:00:00,101.058,101.058,101.006,101.032
2024-09-06 19:00:00,101.032,101.034,100.865,100.866
2024-09-06 23:00:00,100.867,101.013,100.843,101.011
2024-09-07 03:00:00,101.011,101.395,100.583,101.052
2024-09-07 07:00:00,101.054,101.334,100.759,101.177
2024-09-07 11:00:00,101.176,101.214,101.165,101.187
2024-09-09 13:00:00,101.187,101.253,101.14,101.246
2024-09-09 17:00:00,101.247,101.34,101.174,101.331
2024-09-09 21:00:00,101.331,101.588,101.327,101.584
2024-09-10 01:00:00,101.584,101.696,101.505,101.625
2024-09-10 05:00:00,101.626,101.627,101.487,101.501
2024-09-10 09:00:00,101.501,101.65,101.456,101.643
2024-09-10 13:00:00,101.643,101.643,101.605,101.605
2024-09-10 15:00:00,101.635,101.722,101.633,101.683
2024-09-10 19:00:00,101.683,101.683,101.564,101.564
2024-09-10 23:00:00,101.563,101.692,101.561,101.568
2024-09-11 03:00:00,101.568,101.767,101.543,101.733
2024-09-11 07:00:00,101.734,101.742,101.611,101.63
2024-09-11 11:00:00,101.63,101.684,101.601,101.659
2024-09-11 15:00:00,101.659,101.683,101.42,101.515
2024-09-11 19:00:00,101.515,101.543,101.267,101.391
2024-09-11 23:00:00,101.39,101.461,101.346,101.392
2024-09-12 03:00:00,101.392,101.82,101.362,101.699
2024-09-12 07:00:00,101.698,101.73,101.648,101.684
2024-09-12 11:00:00,101.684,101.746,101.634,101.72
2024-09-12 15:00:00,101.775,101.838,101.748,101.787
2024-09-12 19:00:00,101.787,101.789,101.676,101.789
2024-09-12 23:00:00,101.787,101.839,101.693,101.701
2024-09-13 03:00:00,101.702,101.773,101.513,101.567
2024-09-13 07:00:00,101.568,101.627,101.356,101.366
2024-09-13 11:00:00,101.366,101.37,101.225,101.234
2024-09-13 15:00:00,101.199,101.199,101.014,101.06
2024-09-13 19:00:00,101.06,101.159,101.006,101.118
2024-09-13 23:00:00,101.119,101.195,100.897,101.026
2024-09-14 03:00:00,101.026,101.121,100.883,100.973
2024-09-14 07:00:00,100.973,101.129,100.952,101.114
2024-09-14 11:00:00,101.114,101.135,101.084,101.114
2024-09-16 13:00:00,101.035,101.052,100.951,100.972
2024-09-16 17:00:00,100.972,100.993,100.8,100.874
2024-09-16 21:00:00,100.874,100.889,100.631,100.66
2024-09-17 01:00:00,100.66,100.764,100.587,100.693
2024-09-17 05:00:00,100.692,100.823,100.603,100.712
2024-09-17 09:00:00,100.712,100.805,100.659,100.665
2024-09-17 13:00:00,100.665,100.708,100.663,100.708
2024-09-17 15:00:00,100.757,100.758,100.664,100.7
2024-09-17 19:00:00,100.7,100.765,100.654,100.741
2024-09-17 23:00:00,100.741,100.752,100.567,100.668
2024-09-18 03:00:00,100.668,100.938,100.584,100.855
2024-09-18 07:00:00,100.854,100.999,100.842,100.894
2024-09-18 11:00:00,100.894,101.028,100.884,101.01
2024-09-18 15:00:00,100.936,100.936,100.816,100.827
2024-09-18 19:00:00,100.826,100.892,100.806,100.869
2024-09-18 23:00:00,100.869,100.879,100.698,100.775
2024-09-19 03:00:00,100.775,100.96,100.701,100.903
2024-09-19 07:00:00,100.903,100.956,100.215,100.596
2024-09-19 11:00:00,100.593,101.146,100.586,100.931
2024-09-19 15:00:00,101.008,101.474,101.006,101.148
2024-09-19 19:00:00,101.149,101.178,100.718,100.718
2024-09-19 23:00:00,100.716,100.756,100.518,100.594
2024-09-20 03:00:00,100.594,101.061,100.531,100.887
2024-09-20 07:00:00,100.887,100.91,100.581,100.614
2024-09-20 11:00:00,100.613,100.657,100.601,100.634
2024-09-20 15:00:00,100.685,100.704,100.58,100.617
2024-09-20 19:00:00,100.617,100.619,100.407,100.549
2024-09-20 23:00:00,100.548,100.844,100.493,100.837
2024-09-21 03:00:00,100.837,100.99,100.609,100.946
2024-09-21 07:00:00,100.946,101.015,100.627,100.723
2024-09-21 11:00:00,100.722,100.799,100.703,100.738
2024-09-23 13:00:00,100.738,100.825,100.715,100.789
2024-09-23 17:00:00,100.789,100.842,100.751,100.768
2024-09-23 21:00:00,100.769,101.229,100.736,101.159
2024-09-24 01:00:00,101.158,101.16,100.894,100.927
2024-09-24 05:00:00,100.927,101.011,100.751,100.81
2024-09-24 09:00:00,100.81,100.948,100.762,100.939
2024-09-24 13:00:00,100.939,100.939,100.909,100.909
2024-09-24 15:00:00,100.969,100.99,100.886,100.961
2024-09-24 19:00:00,100.961,101.049,100.883,100.973
2024-09-24 23:00:00,100.974,101.011,100.759,100.823
2024-09-25 03:00:00,100.824,100.879,100.525,100.619
2024-09-25 07:00:00,100.62,100.674,100.458,100.466
2024-09-25 11:00:00,100.466,100.477,100.34,100.35
2024-09-25 15:00:00,100.278,100.344,100.224,100.272
2024-09-25 19:00:00,100.272,100.371,100.239,100.359
2024-09-25 23:00:00,100.358,100.528,100.31,100.487
2024-09-26 03:00:00,100.487,100.628,100.271,100.595
2024-09-26 07:00:00,100.594,100.991,100.567,100.912
2024-09-26 11:00:00,100.912,100.983,100.899,100.92
2024-09-26 15:00:00,100.931,100.946,100.894,100.929
2024-09-26 19:00:00,100.929,100.952,100.897,100.923
2024-09-26 23:00:00,100.922,100.964,100.851,100.852
2024-09-27 03:00:00,100.852,100.97,100.82,100.892
2024-09-27 07:00:00,100.892,100.912,100.505,100.522
2024-09-27 11:00:00,100.522,100.584,100.482,100.568
2024-09-27 15:00:00,100.589,100.752,100.586,100.675
2024-09-27 19:00:00,100.675,100.884,100.459,100.593
2024-09-27 23:00:00,100.592,100.76,100.428,100.503
2024-09-28 03:00:00,100.503,100.551,100.157,100.348
2024-09-28 07:00:00,100.349,100.548,100.349,100.381
2024-09-28 11:00:00,100.38,100.452,100.379,100.418
2024-09-30 13:00:00,100.418,100.458,100.38,100.418
2024-09-30 17:00:00,100.418,100.483,100.384,100.405
2024-09-30 21:00:00,100.405,100.431,100.179,100.206
2024-10-01 01:00:00,100.206,100.386,100.2,100.355
2024-10-01 05:00:00,100.354,100.708,100.348,100.584
2024-10-01 09:00:00,100.586,100.924,100.497,100.759
2024-10-01 13:00:00,100.759,100.776,100.75,100.758
2024-10-01 15:00:00,100.74,100.854,100.697,100.769
2024-10-01 19:00:00,100.77,100.865,100.76,100.835
2024-10-01 23:00:00,100.835,101.121,100.809,101.096
2024-10-02 03:00:00,101.095,101.248,101.006,101.167
2024-10-02 07:00:00,101.166,101.391,101.157,101.194
2024-10-02 11:00:00,101.195,101.233,101.157,101.21
2024-10-02 15:00:00,101.238,101.274,101.176,101.249
2024-10-02 19:00:00,101.248,101.312,101.197,101.247
2024-10-02 23:00:00,101.247,101.337,101.156,101.334
2024-10-03 03:00:00,101.334,101.681,101.254,101.677
2024-10-03 07:00:00,101.676,101.69,101.513,101.677
2024-10-03 11:00:00,101.677,101.689,101.585,101.602
2024-10-03 15:00:00,101.638,101.799,101.627,101.758
2024-10-03 19:00:00,101.758,101.883,101.752,101.828
2024-10-03 23:00:00,101.828,101.927,101.781,101.86
2024-10-04 03:00:00,101.86,102.099,101.815,102.035
2024-10-04 07:00:00,102.035,102.058,101.879,101.989
2024-10-04 11:00:00,101.988,101.992,101.933,101.942
2024-10-04 15:00:00,101.908,101.935,101.878,101.9
2024-10-04 19:00:00,101.9,101.938,101.813,101.855
2024-10-04 23:00:00,101.856,101.951,101.838,101.881
2024-10-05 03:00:00,101.881,102.649,101.819,102.512
2024-10-05 07:00:00,102.511,102.687,102.482,102.52
2024-10-05 11:00:00,102.52,102.534,102.468,102.487
2024-10-07 13:00:00,102.487,102.602,102.468,102.497
2024-10-07 17:00:00,102.497,102.519,102.427,102.519
2024-10-07 21:00:00,102.519,102.581,102.424,102.524
2024-10-08 01:00:00,102.524,102.62,102.395,102.457
2024-10-08 05:00:00,102.456,102.535,102.389,102.406
2024-10-08 09:00:00,102.405,102.559,102.368,102.49
2024-10-08 13:00:00,102.49,102.499,102.477,102.485
2024-10-08 15:00:00,102.459,102.491,102.373,102.396
2024-10-08 19:00:00,102.396,102.439,102.36,102.438
2024-10-08 23:00:00,102.437,102.477,102.292,102.395
2024-10-09 03:00:00,102.396,102.59,102.362,102.565
2024-10-09 07:00:00,102.564,102.639,102.494,102.549
2024-10-09 11:00:00,102.549,102.57,102.459,102.474
2024-10-09 15:00:00,102.485,102.552,102.459,102.543
2024-10-09 19:00:00,102.543,102.632,102.523,102.625
2024-10-09 23:00:00,102.626,102.723,102.589,102.617
2024-10-10 03:00:00,102.619,102.872,102.609,102.816
2024-10-10 07:00:00,102.816,102.928,102.741,102.928
2024-10-10 11:00:00,102.928,102.935,102.872,102.878
2024-10-10 15:00:00,102.879,102.899,102.839,102.875
2024-10-10 19:00:00,102.875,102.924,102.839,102.889
2024-10-10 23:00:00,102.888,102.967,102.831,102.851
2024-10-11 03:00:00,102.851,103.104,102.72,102.984
2024-10-11 07:00:00,102.984,103.178,102.902,102.988
2024-10-11 11:00:00,102.988,102.994,102.848,102.879
2024-10-11 15:00:00,102.878,102.928,102.835,102.875
2024-10-11 19:00:00,102.875,102.947,102.857,102.883
2024-10-11 23:00:00,102.883,102.96,102.769,102.935
2024-10-12 03:00:00,102.935,102.993,102.774,102.892
2024-10-12 07:00:00,102.893,102.897,102.811,102.89
2024-10-12 11:00:00,102.89,102.943,102.886,102.915
2024-10-14 13:00:00,102.915,103.105,102.915,103.04
2024-10-14 17:00:00,103.041,103.077,102.989,103.026
2024-10-14 21:00:00,103.026,103.054,102.966,103.035
2024-10-15 01:00:00,103.036,103.231,102.97,103.226
2024-10-15 05:00:00,103.225,103.275,103.08,103.265
2024-10-15 09:00:00,103.265,103.358,103.191,103.197
2024-10-15 13:00:00,103.197,103.218,103.197,103.214
2024-10-15 15:00:00,103.209,103.24,103.163,103.223
2024-10-15 19:00:00,103.223,103.345,103.217,103.266
2024-10-15 23:00:00,103.266,103.311,103.042,103.138
2024-10-16 03:00:00,103.138,103.193,103.031,103.13
2024-10-16 07:00:00,103.129,103.332,103.104,103.261
2024-10-16 11:00:00,103.26,103.264,103.2,103.227
2024-10-16 15:00:00,103.258,103.283,103.182,103.188
2024-10-16 19:00:00,103.188,103.394,103.172,103.38
2024-10-16 23:00:00,103.38,103.397,103.246,103.303
2024-10-17 03:00:00,103.302,103.476,103.193,103.414
2024-10-17 07:00:00,103.414,103.59,103.403,103.59
2024-10-17 11:00:00,103.59,103.608,103.474,103.522
2024-10-17 15:00:00,103.556,103.56,103.473,103.508
2024-10-17 19:00:00,103.508,103.629,103.508,103.625
2024-10-17 23:00:00,103.625,103.657,103.496,103.509
2024-10-18 03:00:00,103.508,103.874,103.444,103.77
2024-10-18 07:00:00,103.77,103.837,103.669,103.825
2024-10-18 11:00:00,103.825,103.836,103.766,103.766
2024-10-18 15:00:00,103.809,103.809,103.676,103.691
2024-10-18 19:00:00,103.691,103.709,103.588,103.625
2024-10-18 23:00:00,103.624,103.697,103.603,103.632
2024-10-19 03:00:00,103.631,103.655,103.494,103.554
2024-10-19 07:00:00,103.554,103.594,103.456,103.493
2024-10-19 11:00:00,103.494,103.516,103.456,103.464
2024-10-21 13:00:00,103.464,103.489,103.443,103.48
2024-10-21 17:00:00,103.48,103.521,103.421,103.515
2024-10-21 21:00:00,103.515,103.655,103.474,103.608
2024-10-22 01:00:00,103.608,103.694,103.552,103.582
2024-10-22 05:00:00,103.583,103.955,103.583,103.934
2024-10-22 09:00:00,103.935,104.016,103.907,103.986
2024-10-22 13:00:00,103.985,103.986,103.958,103.963
2024-10-22 15:00:00,103.971,103.981,103.916,103.975
2024-10-22 19:00:00,103.975,103.989,103.854,103.89
2024-10-22 23:00:00,103.89,104.004,103.816,103.905
2024-10-23 03:00:00,103.905,104.086,103.89,104.016
2024-10-23 07:00:00,104.015,104.086,103.973,104.075
2024-10-23 11:00:00,104.075,104.127,104.056,104.065
2024-10-23 15:00:00,104.091,104.191,104.09,104.104
2024-10-23 19:00:00,104.105,104.264,104.1,104.26
2024-10-23 23:00:00,104.261,104.407,104.261,104.403
2024-10-24 03:00:00,104.402,104.57,104.384,104.481
2024-10-24 07:00:00,104.481,104.545,104.394,104.431
2024-10-24 11:00:00,104.431,104.437,104.369,104.423
2024-10-24 15:00:00,104.426,104.455,104.329,104.349
2024-10-24 19:00:00,104.349,104.365,104.281,104.321
2024-10-24 23:00:00,104.321,104.4,104.133,104.173
2024-10-25 03:00:00,104.173,104.253,104.113,104.22
2024-10-25 07:00:00,104.221,104.243,104.012,104.058
2024-10-25 11:00:00,104.058,104.078,104.017,104.018
2024-10-25 15:00:00,104.045,104.109,104.021,104.039
2024-10-25 19:00:00,104.04,104.135,104.02,104.118
2024-10-25 23:00:00,104.118,104.13,103.984,104.05
2024-10-26 03:00:00,104.05,104.093,103.935,104.031
2024-10-26 07:00:00,104.03,104.281,103.992,104.257
2024-10-26 11:00:00,104.258,104.34,104.258,104.317
2024-10-28 13:00:00,104.317,104.458,104.317,104.457
2024-10-28 17:00:00,104.458,104.564,104.445,104.523
2024-10-28 21:00:00,104.523,104.573,104.235,104.245
2024-10-29 01:00:00,104.245,104.311,104.116,104.204
2024-10-29 05:00:00,104.204,104.293,104.15,104.286
2024-10-29 09:00:00,104.287,104.337,104.254,104.312
2024-10-29 13:00:00,104.312,104.312,104.286,104.304
2024-10-29 15:00:00,104.312,104.312,104.231,104.284
2024-10-29 19:00:00,104.284,104.351,104.262,104.29
2024-10-29 23:00:00,104.291,104.373,104.214,104.345
2024-10-30 03:00:00,104.345,104.636,104.294,104.386
2024-10-30 07:00:00,104.386,104.544,104.292,104.316
2024-10-30 11:00:00,104.317,104.342,104.258,104.283
2024-10-30 15:00:00,104.25,104.282,104.186,104.271
2024-10-30 19:00:00,104.271,104.322,104.199,104.229
2024-10-30 23:00:00,104.229,104.296,103.982,104.183
2024-10-31 03:00:00,104.182,104.436,104.021,104.125
2024-10-31 07:00:00,104.123,104.189,103.976,103.994
2024-10-31 11:00:00,103.993,104.122,103.993,104.097
2024-10-31 15:00:00,104.085,104.218,104.084,104.182
2024-10-31 19:00:00,104.182,104.182,103.985,104.02
2024-10-31 23:00:00,104.019,104.067,103.872,103.96
2024-11-01 03:00:00,103.962,104.193,103.82,104.059
2024-11-01 07:00:00,104.058,104.19,103.947,103.976
2024-11-01 11:00:00,103.975,103.998,103.878,103.891
2024-11-01 15:00:00,103.862,103.967,103.845,103.952
2024-11-01 19:00:00,103.951,104.044,103.943,103.998
2024-11-01 23:00:00,103.999,104.171,103.966,104.106
2024-11-02 03:00:00,104.105,104.144,103.679,104.106
2024-11-02 07:00:00,104.107,104.309,104.093,104.282
2024-11-02 11:00:00,104.28,104.349,104.26,104.317
2024-11-04 14:00:00,104.317,104.317,103.744,103.772
2024-11-04 18:00:00,103.771,103.805,103.63,103.694
2024-11-04 22:00:00,103.694,103.837,103.668,103.737
2024-11-05 02:00:00,103.737,103.778,103.576,103.675
2024-11-05 06:00:00,103.675,103.884,103.609,103.8
2024-11-05 10:00:00,103.8,103.919,103.794,103.895
2024-11-05 14:00:00,103.893,103.895,103.878,103.881
2024-11-05 16:00:00,103.913,103.956,103.876,103.929
2024-11-05 20:00:00,103.929,103.945,103.784,103.807
2024-11-06 00:00:00,103.807,103.846,103.694,103.705
2024-11-06 04:00:00,103.705,103.783,103.575,103.668
2024-11-06 08:00:00,103.668,103.676,103.373,103.423
2024-11-06 12:00:00,103.423,103.464,103.408,103.451
2024-11-06 16:00:00,103.7,105.192,103.7,104.974
2024-11-06 20:00:00,104.974,105.311,104.541,105.067
2024-11-07 00:00:00,105.068,105.308,104.699,105.264
2024-11-07 04:00:00,105.264,105.441,105.026,105.055
2024-11-07 08:00:00,105.055,105.171,104.903,105.088
2024-11-07 12:00:00,105.088,105.166,105.059,105.119
2024-11-07 16:00:00,105.155,105.252,104.97,104.982
2024-11-07 20:00:00,104.981,105.033,104.697,104.868
2024-11-08 00:00:00,104.868,104.916,104.717,104.861
2024-11-08 04:00:00,104.861,104.875,104.187,104.287
2024-11-08 08:00:00,104.287,104.655,104.262,104.508
2024-11-08 12:00:00,104.509,104.528,104.271,104.36
2024-11-08 16:00:00,104.447,104.557,104.427,104.524
2024-11-08 20:00:00,104.524,104.566,104.453,104.497
2024-11-09 00:00:00,104.498,104.659,104.344,104.46
2024-11-09 04:00:00,104.46,104.803,104.453,104.728
2024-11-09 08:00:00,104.728,105.208,104.711,104.997
2024-11-09 12:00:00,104.998,105.03,104.912,104.951
2024-11-11 14:00:00,104.951,105.062,104.934,105.009
2024-11-11 18:00:00,105.008,105.141,104.969,105.06
2024-11-11 22:00:00,105.059,105.422,105.005,105.313
2024-11-12 02:00:00,105.313,105.682,105.269,105.582
2024-11-12 06:00:00,105.583,105.705,105.493,105.56
2024-11-12 10:00:00,105.56,105.582,105.483,105.503
2024-11-12 14:00:00,105.502,105.522,105.489,105.519
2024-11-12 16:00:00,105.492,105.652,105.487,105.651
2024-11-12 20:00:00,105.65,105.824,105.575,105.735
2024-11-13 00:00:00,105.736,105.915,105.715,105.835
2024-11-13 04:00:00,105.835,106.048,105.767,105.999
2024-11-13 08:00:00,105.998,106.178,105.958,106.024
2024-11-13 12:00:00,106.024,106.043,105.899,105.963
2024-11-13 16:00:00,106.017,106.05,105.887,105.986
2024-11-13 20:00:00,105.986,106.136,105.962,106.136
2024-11-14 00:00:00,106.136,106.205,105.86,105.863
2024-11-14 04:00:00,105.863,106.499,105.718,106.239
2024-11-14 08:00:00,106.24,106.535,106.222,106.481
2024-11-14 12:00:00,106.482,106.537,106.454,106.483
2024-11-14 16:00:00,106.497,106.679,106.465,106.668
2024-11-14 20:00:00,106.667,106.775,106.577,106.622
2024-11-15 00:00:00,106.622,107.064,106.558,106.815
2024-11-15 04:00:00,106.815,106.958,106.444,106.468
2024-11-15 08:00:00,106.468,106.713,106.382,106.673
2024-11-15 12:00:00,106.673,107.015,106.672,106.867
2024-11-15 16:00:00,106.902,106.96,106.745,106.808
2024-11-15 20:00:00,106.808,106.858,106.576,106.643
2024-11-16 00:00:00,106.643,106.674,106.413,106.452
2024-11-16 04:00:00,106.452,106.903,106.331,106.752
2024-11-16 08:00:00,106.752,106.766,106.514,106.687
2024-11-16 12:00:00,106.687,106.862,106.672,106.672
2024-11-18 14:00:00,106.672,106.751,106.549,106.657
2024-11-18 18:00:00,106.656,106.78,106.628,106.697
2024-11-18 22:00:00,106.697,106.729,106.502,106.543
2024-11-19 02:00:00,106.544,106.813,106.542,106.55
2024-11-19 06:00:00,106.548,106.597,106.259,106.275
2024-11-19 10:00:00,106.275,106.31,106.131,106.205
2024-11-19 14:00:00,106.206,106.239,106.199,106.234
2024-11-19 16:00:00,106.259,106.272,106.121,106.163
2024-11-19 20:00:00,106.163,106.369,106.126,106.337
2024-11-20 00:00:00,106.338,106.632,106.223,106.445
2024-11-20 04:00:00,106.446,106.452,106.111,106.203
2024-11-20 08:00:00,106.204,106.386,106.162,106.206
2024-11-20 12:00:00,106.206,106.224,106.15,106.152
2024-11-20 16:00:00,106.12,106.269,106.113,106.255
2024-11-20 20:00:00,106.255,106.393,106.217,106.384
2024-11-21 00:00:00,106.384,106.713,106.381,106.616
2024-11-21 04:00:00,106.617,106.851,106.5,106.82
2024-11-21 08:00:00,106.82,106.918,106.653,106.68
2024-11-21 12:00:00,106.678,106.714,106.631,106.635
2024-11-21 16:00:00,106.594,106.604,106.519,106.521
2024-11-21 20:00:00,106.521,106.675,106.474,106.638
2024-11-22 00:00:00,106.637,106.742,106.538,106.708
2024-11-22 04:00:00,106.708,106.762,106.461,106.757
2024-11-22 08:00:00,106.758,107.156,106.736,106.972
2024-11-22 12:00:00,106.971,107.077,106.947,107.032
2024-11-22 16:00:00,107.056,107.102,106.997,107.028
2024-11-22 20:00:00,107.029,107.209,106.987,107.013
2024-11-23 00:00:00,107.012,108.071,106.924,107.493
2024-11-23 04:00:00,107.492,107.68,107.358,107.565
2024-11-23 08:00:00,107.563,107.71,107.438,107.554
2024-11-23 12:00:00,107.554,107.582,107.489,107.49
2024-11-25 14:00:00,107.49,107.49,106.812,106.914
2024-11-25 18:00:00,106.912,106.994,106.8,106.967
2024-11-25 22:00:00,106.977,107.247,106.883,106.939
2024-11-26 02:00:00,106.939,107.091,106.583,106.595
2024-11-26 06:00:00,106.595,107.143,106.584,106.99
2024-11-26 10:00:00,106.99,106.994,106.769,106.897
2024-11-26 14:00:00,106.899,106.918,106.832,106.832
2024-11-26 16:00:00,107.485,107.504,107.063,107.069
2024-11-26 20:00:00,107.068,107.162,106.958,107.154
2024-11-27 00:00:00,107.158,107.167,106.738,106.797
2024-11-27 04:00:00,106.796,107.014,106.494,106.995
2024-11-27 08:00:00,106.995,107.192,106.958,107.013
2024-11-27 12:00:00,107.014,107.032,106.858,106.875
2024-11-27 16:00:00,106.824,106.907,106.793,106.854
2024-11-27 20:00:00,106.854,106.924,106.615,106.679
2024-11-28 00:00:00,106.678,106.688,106.333,106.428
2024-11-28 04:00:00,106.428,106.48,105.95,106.023
2024-11-28 08:00:00,106.025,106.162,105.856,106.084
2024-11-28 12:00:00,106.083,106.127,106.022,106.023
2024-11-28 16:00:00,106.16,106.247,106.102,106.219
2024-11-28 20:00:00,106.218,106.375,106.173,106.307
2024-11-29 00:00:00,106.307,106.416,106.175,106.247
2024-11-29 04:00:00,106.247,106.344,106.137,106.176
2024-11-29 08:00:00,106.175,106.217,106.133,106.138
2024-11-29 12:00:00,106.138,106.18,106.135,106.15
2024-11-29 16:00:00,105.948,106.025,105.842,105.849
2024-11-29 20:00:00,105.848,105.925,105.615,105.796
2024-11-30 00:00:00,105.796,106.023,105.785,105.943
2024-11-30 04:00:00,105.943,106.101,105.911,105.96
2024-11-30 08:00:00,105.96,106.128,105.733,105.737
2024-11-30 12:00:00,105.737,105.783,105.691,105.782
2024-12-02 14:00:00,105.782,106.237,105.782,106.226
2024-12-02 18:00:00,106.226,106.364,106.212,106.308
2024-12-02 22:00:00,106.308,106.447,106.142,106.309
2024-12-03 02:00:00,106.309,106.459,106.12,106.362
2024-12-03 06:00:00,106.362,106.731,106.289,106.49
2024-12-03 10:00:00,106.49,106.515,106.235,106.4
2024-12-03 14:00:00,106.4,106.413,106.378,106.382
2024-12-03 16:00:00,106.476,106.57,106.405,106.519
2024-12-03 20:00:00,106.519,106.602,106.329,106.438
2024-12-04 00:00:00,106.438,106.442,106.159,106.252
2024-12-04 04:00:00,106.252,106.411,106.093,106.256
2024-12-04 08:00:00,106.256,106.384,106.087,106.365
2024-12-04 12:00:00,106.366,106.381,106.293,106.342
2024-12-04 16:00:00,106.432,106.525,106.33,106.502
2024-12-04 20:00:00,106.502,106.537,106.205,106.402
2024-12-05 00:00:00,106.402,106.656,106.365,106.465
2024-12-05 04:00:00,106.465,106.72,106.134,106.231
2024-12-05 08:00:00,106.231,106.386,106.09,106.321
2024-12-05 12:00:00,106.321,106.399,106.309,106.354
2024-12-05 16:00:00,106.344,106.371,106.236,106.245
2024-12-05 20:00:00,106.245,106.302,106.079,106.097
2024-12-06 00:00:00,106.096,106.247,106.012,106.125
2024-12-06 04:00:00,106.124,106.245,105.727,105.849
2024-12-06 08:00:00,105.848,105.987,105.699,105.714
2024-12-06 12:00:00,105.714,105.77,105.704,105.725
2024-12-06 16:00:00,105.79,105.901,105.742,105.779
2024-12-06 20:00:00,105.78,105.866,105.737,105.742
2024-12-07 00:00:00,105.741,105.896,105.683,105.764
2024-12-07 04:00:00,105.765,106.1,105.42,105.954
2024-12-07 08:00:00,105.954,106.159,105.855,106.055
2024-12-07 12:00:00,106.055,106.056,105.957,105.97
2024-12-09 14:00:00,105.97,106.067,105.946,106.058
2024-12-09 18:00:00,106.058,106.214,106.022,106.195
2024-12-09 22:00:00,106.194,106.207,105.903,105.974
2024-12-10 02:00:00,105.975,106.07,105.832,105.913
2024-12-10 06:00:00,105.912,106.045,105.798,106.042
2024-12-10 10:00:00,106.042,106.214,106.034,106.159
2024-12-10 14:00:00,106.158,106.175,106.139,106.172
2024-12-10 16:00:00,106.182,106.245,106.098,106.139
2024-12-10 20:00:00,106.138,106.265,106.04,106.257
2024-12-11 00:00:00,106.257,106.414,106.233,106.342
2024-12-11 04:00:00,106.341,106.637,106.324,106.592
2024-12-11 08:00:00,106.592,106.621,106.35,106.399
2024-12-11 12:00:00,106.399,106.431,106.36,106.379
2024-12-11 16:00:00,106.367,106.383,106.268,106.351
2024-12-11 20:00:00,106.351,106.684,106.333,106.668
2024-12-12 00:00:00,106.667,106.806,106.475,106.646
2024-12-12 04:00:00,106.645,106.763,106.318,106.682
2024-12-12 08:00:00,106.682,106.791,106.491,106.71
2024-12-12 12:00:00,106.71,106.73,106.62,106.62
2024-12-12 16:00:00,106.565,106.583,106.492,106.555
2024-12-12 20:00:00,106.557,106.602,106.354,106.504
2024-12-13 00:00:00,106.504,106.658,106.476,106.6
2024-12-13 04:00:00,106.601,106.962,106.507,106.877
2024-12-13 08:00:00,106.878,106.958,106.542,106.956
2024-12-13 12:00:00,106.956,107.041,106.941,107.006
2024-12-13 16:00:00,106.97,107.118,106.944,107.112
2024-12-13 20:00:00,107.112,107.186,107.039,107.132
2024-12-14 00:00:00,107.131,107.153,106.938,106.99
2024-12-14 04:00:00,106.991,107.089,106.719,107.041
2024-12-14 08:00:00,107.042,107.058,106.913,107.003
2024-12-14 12:00:00,107.003,107.02,106.931,106.945
2024-12-16 14:00:00,106.945,106.978,106.81,106.841
2024-12-16 18:00:00,106.841,106.908,106.794,106.812
2024-12-16 22:00:00,106.812,106.928,106.759,106.901
2024-12-17 02:00:00,106.901,107.047,106.889,106.894
2024-12-17 06:00:00,106.893,107.167,106.763,106.845
2024-12-17 10:00:00,106.845,106.898,106.748,106.853
2024-12-17 14:00:00,106.853,106.867,106.845,106.861
2024-12-17 16:00:00,106.815,106.862,106.698,106.852
2024-12-17 20:00:00,106.852,106.986,106.85,106.952
2024-12-18 00:00:00,106.951,107.084,106.94,106.987
2024-12-18 04:00:00,106.987,107.009,106.831,106.911
2024-12-18 08:00:00,106.911,106.964,106.756,106.956
2024-12-18 12:00:00,106.955,107.01,106.923,106.939
2024-12-18 16:00:00,106.931,106.96,106.885,106.939
2024-12-18 20:00:00,106.94,106.99,106.823,106.956
2024-12-19 00:00:00,106.956,107.027,106.884,106.954
2024-12-19 04:00:00,106.955,107.162,106.898,107.137
2024-12-19 08:00:00,107.138,108.039,106.965,108.027
2024-12-19 12:00:00,108.027,108.269,107.978,108.202
2024-12-19 16:00:00,108.103,108.119,107.986,108.088
2024-12-19 20:00:00,108.089,108.125,107.968,108.038
2024-12-20 00:00:00,108.039,108.095,107.821,107.947
2024-12-20 04:00:00,107.947,108.282,107.869,108.255
2024-12-20 08:00:00,108.255,108.485,108.197,108.408
2024-12-20 12:00:00,108.408,108.427,108.344,108.425
2024-12-20 16:00:00,108.481,108.485,108.381,108.437
2024-12-20 20:00:00,108.437,108.541,108.206,108.218
2024-12-21 00:00:00,108.218,108.269,108.098,108.155
2024-12-21 04:00:00,108.154,108.169,107.892,108.047
2024-12-21 08:00:00,108.048,108.058,107.587,107.621
2024-12-21 12:00:00,107.623,107.858,107.605,107.815
2024-12-23 14:00:00,107.815,107.839,107.723,107.747
2024-12-23 18:00:00,107.747,107.75,107.683,107.746
2024-12-23 22:00:00,107.746,107.989,107.726,107.983
2024-12-24 02:00:00,107.983,108.235,107.979,108.167
2024-12-24 06:00:00,108.169,108.281,108.004,108.156
2024-12-24 10:00:00,108.156,108.159,108.015,108.083
2024-12-24 14:00:00,108.085,108.094,108.063,108.081
2024-12-24 16:00:00,108.158,108.208,108.057,108.189
2024-12-24 20:00:00,108.189,108.198,108.113,108.196
2024-12-25 00:00:00,108.196,108.217,108.071,108.192
2024-12-25 04:00:00,108.194,108.229,108.044,108.226
2024-12-25 08:00:00,108.226,108.3,108.17,108.2
2024-12-25 12:00:00,108.2,108.207,107.922,108.123
2024-12-26 16:00:00,108.173,108.178,108.108,108.131
2024-12-26 20:00:00,108.131,108.245,108.125,108.193
2024-12-27 00:00:00,108.192,108.245,108.145,108.175
2024-12-27 04:00:00,108.175,108.302,108.157,108.215
2024-12-27 08:00:00,108.215,108.233,108.028,108.129
2024-12-27 12:00:00,108.129,108.146,108.075,108.079
2024-12-27 16:00:00,108.082,108.185,108.07,108.133
2024-12-27 20:00:00,108.133,108.202,108.063,108.085
2024-12-28 00:00:00,108.086,108.171,107.893,107.91
2024-12-28 04:00:00,107.912,108.098,107.866,108.007
2024-12-28 08:00:00,108.008,108.125,107.92,107.998
2024-12-28 12:00:00,107.998,108.051,107.997,108.006
2024-12-30 14:00:00,108.006,108.011,107.94,107.994
2024-12-30 18:00:00,107.994,108.029,107.974,107.996
2024-12-30 22:00:00,107.996,108.137,107.904,107.943
2024-12-31 02:00:00,107.942,108.273,107.739,108.269
2024-12-31 06:00:00,108.263,108.377,108.09,108.157
2024-12-31 10:00:00,108.157,108.157,108.026,108.035
2024-12-31 14:00:00,108.036,108.08,108.035,108.076
2024-12-31 16:00:00,108.091,108.093,107.92,107.975
2024-12-31 20:00:00,107.975,108.031,107.911,107.932
2025-01-01 00:00:00,107.932,108.069,107.866,108.037
2025-01-01 04:00:00,108.037,108.458,108.0,108.438
2025-01-01 08:00:00,108.438,108.583,108.392,108.487
2025-01-01 12:00:00,108.488,108.488,108.413,108.481
2025-01-02 16:00:00,108.526,108.563,108.306,108.318
2025-01-02 20:00:00,108.318,108.396,108.267,108.368
2025-01-03 00:00:00,108.368,108.835,108.322,108.703
2025-01-03 04:00:00,108.702,109.18,108.676,109.167
2025-01-03 08:00:00,109.168,109.533,109.157,109.394
2025-01-03 12:00:00,109.393,109.393,109.236,109.254
2025-01-03 16:00:00,109.204,109.218,109.138,109.169
2025-01-03 20:00:00,109.169,109.223,109.054,109.081
2025-01-04 00:00:00,109.081,109.166,108.927,108.968
2025-01-04 04:00:00,108.968,109.205,108.922,109.077
2025-01-04 08:00:00,109.077,109.108,108.903,108.952
2025-01-04 12:00:00,108.952,108.975,108.896,108.922
2025-01-06 14:00:00,108.922,109.069,108.875,108.884
2025-01-06 18:00:00,108.885,108.914,108.833,108.913
2025-01-06 22:00:00,108.913,108.922,108.438,108.546
2025-01-07 02:00:00,108.547,108.754,107.75,107.925
2025-01-07 06:00:00,107.924,108.486,107.85,108.264
2025-01-07 10:00:00,108.264,108.368,108.218,108.237
2025-01-07 14:00:00,108.238,108.279,108.226,108.279
2025-01-07 16:00:00,108.339,108.427,108.245,108.245
2025-01-07 20:00:00,108.245,108.265,107.954,108.015
2025-01-08 00:00:00,108.015,108.137,107.848,108.065
2025-01-08 04:00:00,108.065,108.585,108.042,108.437
2025-01-08 08:00:00,108.437,108.595,108.356,108.542
2025-01-08 12:00:00,108.542,108.704,108.538,108.681
2025-01-08 16:00:00,108.622,108.673,108.569,108.645
2025-01-08 20:00:00,108.645,108.795,108.552,108.777
2025-01-09 00:00:00,108.777,109.378,108.728,109.148
2025-01-09 04:00:00,109.148,109.318,109.06,109.148
2025-01-09 08:00:00,109.147,109.209,108.952,109.09
2025-01-09 12:00:00,109.09,109.101,108.988,109.008
2025-01-09 16:00:00,109.085,109.087,108.94,109.035
2025-01-09 20:00:00,109.034,109.319,109.019,109.304
2025-01-10 00:00:00,109.304,109.375,109.05,109.165
2025-01-10 04:00:00,109.165,109.203,108.991,109.17
2025-01-10 08:00:00,109.171,109.238,109.147,109.179
2025-01-10 12:00:00,109.18,109.187,109.131,109.162
2025-01-10 16:00:00,109.231,109.238,109.14,109.21
2025-01-10 20:00:00,109.21,109.379,109.196,109.238
2025-01-11 00:00:00,109.238,109.274,109.077,109.172
2025-01-11 04:00:00,109.173,109.966,109.082,109.566
2025-01-11 08:00:00,109.565,109.792,109.562,109.65
2025-01-11 12:00:00,109.65,109.722,109.608,109.64
2025-01-13 14:00:00,109.64,109.732,109.596,109.651
2025-01-13 18:00:00,109.651,109.977,109.631,109.858
2025-01-13 22:00:00,109.858,110.176,109.75,110.054
2025-01-14 02:00:00,110.054,110.109,109.775,109.899
2025-01-14 06:00:00,109.9,110.071,109.818,109.829
2025-01-14 10:00:00,109.829,109.958,109.598,109.606
2025-01-14 14:00:00,109.608,109.628,109.346,109.504
2025-01-14 16:00:00,109.57,109.677,109.532,109.576
2025-01-14 20:00:00,109.576,109.648,109.414,109.524
2025-01-15 00:00:00,109.524,109.624,109.333,109.61
2025-01-15 04:00:00,109.61,109.756,109.29,109.29
2025-01-15 08:00:00,109.29,109.464,109.204,109.273
2025-01-15 12:00:00,109.273,109.285,109.178,109.19
2025-01-15 16:00:00,109.232,109.296,109.212,109.227
2025-01-15 20:00:00,109.227,109.289,109.04,109.063
2025-01-16 00:00:00,109.063,109.201,108.971,109.11
2025-01-16 04:00:00,109.11,109.203,108.602,108.961
2025-01-16 08:00:00,108.962,109.382,108.962,109.09
2025-01-16 12:00:00,109.091,109.136,109.038,109.08
2025-01-16 16:00:00,109.073,109.14,108.973,109.076
2025-01-16 20:00:00,109.076,109.194,109.02,109.068
2025-01-17 00:00:00,109.068,109.169,109.044,109.098
2025-01-17 04:00:00,109.098,109.384,108.95,108.977
2025-01-17 08:00:00,108.977,109.104,108.827,108.957
2025-01-17 12:00:00,108.957,108.998,108.93,108.956
2025-01-17 16:00:00,108.927,108.989,108.895,108.981
2025-01-17 20:00:00,108.982,109.249,108.982,109.185
2025-01-18 00:00:00,109.184,109.184,108.983,109.042
2025-01-18 04:00:00,109.042,109.401,108.834,109.108
2025-01-18 08:00:00,109.108,109.381,109.108,109.347
2025-01-18 12:00:00,109.348,109.423,109.309,109.405
2025-01-20 14:00:00,109.405,109.468,109.178,109.196
2025-01-20 18:00:00,109.196,109.238,109.046,109.107
2025-01-20 22:00:00,109.107,109.185,108.982,109.165
2025-01-21 02:00:00,109.166,109.166,108.234,108.235
2025-01-21 06:00:00,108.235,108.645,107.952,108.369
2025-01-21 10:00:00,108.369,108.391,107.917,108.079
2025-01-21 14:00:00,108.078,108.104,108.06,108.069
2025-01-21 16:00:00,107.983,108.748,107.965,108.328
2025-01-21 20:00:00,108.327,108.574,108.209,108.524
2025-01-22 00:00:00,108.524,108.794,108.524,108.715
2025-01-22 04:00:00,108.715,108.767,108.134,108.229
2025-01-22 08:00:00,108.226,108.243,107.925,108.062
2025-01-22 12:00:00,108.063,108.099,107.92,108.077
2025-01-22 16:00:00,107.986,108.156,107.967,108.135
2025-01-22 20:00:00,108.135,108.236,108.039,108.162
2025-01-23 00:00:00,108.162,108.174,107.749,107.899
2025-01-23 04:00:00,107.899,108.212,107.873,108.178
2025-01-23 08:00:00,108.178,108.251,108.14,108.167
2025-01-23 12:00:00,108.166,108.277,108.135,108.277
2025-01-23 16:00:00,108.247,108.367,108.186,108.264
2025-01-23 20:00:00,108.263,108.416,108.236,108.34
2025-01-24 00:00:00,108.341,108.425,108.167,108.327
2025-01-24 04:00:00,108.327,108.412,108.177,108.298
2025-01-24 08:00:00,108.298,108.51,107.922,108.047
2025-01-24 12:00:00,108.047,108.16,108.001,108.115
2025-01-24 16:00:00,108.091,108.192,107.777,107.802
2025-01-24 20:00:00,107.803,107.826,107.559,107.72
2025-01-25 00:00:00,107.72,107.735,107.276,107.586
2025-01-25 04:00:00,107.588,107.759,107.256,107.279
2025-01-25 08:00:00,107.281,107.477,107.218,107.443
2025-01-25 12:00:00,107.443,107.515,107.434,107.465
2025-01-27 14:00:00,107.465,107.697,107.465,107.685
2025-01-27 18:00:00,107.685,107.8,107.588,107.741
2025-01-27 22:00:00,107.741,107.81,107.353,107.383
2025-01-28 02:00:00,107.383,107.383,106.969,107.104
2025-01-28 06:00:00,107.104,107.406,107.053,107.372
2025-01-28 10:00:00,107.373,107.446,107.319,107.331
2025-01-28 14:00:00,107.33,107.453,107.325,107.427
2025-01-28 16:00:00,107.711,107.955,107.686,107.938
2025-01-28 20:00:00,107.938,107.987,107.816,107.935
2025-01-29 00:00:00,107.935,108.02,107.789,107.98
2025-01-29 04:00:00,107.981,108.054,107.804,107.977
2025-01-29 08:00:00,107.976,108.001,107.846,107.866
2025-01-29 12:00:00,107.866,107.921,107.865,107.915
2025-01-29 16:00:00,107.891,107.962,107.82,107.837
2025-01-29 20:00:00,107.837,108.002,107.749,107.99
2025-01-30 00:00:00,107.99,108.175,107.866,108.125
2025-01-30 04:00:00,108.126,108.295,107.911,107.967
2025-01-30 08:00:00,107.966,108.249,107.882,108.0
2025-01-30 12:00:00,107.996,108.079,107.903,107.943
2025-01-30 16:00:00,107.857,107.905,107.814,107.85
2025-01-30 20:00:00,107.85,107.979,107.83,107.858
2025-01-31 00:00:00,107.859,108.105,107.839,108.105
2025-01-31 04:00:00,108.103,108.107,107.5,107.766
2025-01-31 08:00:00,107.766,107.968,107.734,107.797
2025-01-31 12:00:00,107.795,108.243,107.758,108.184
2025-01-31 16:00:00,108.158,108.217,108.085,108.197
2025-01-31 20:00:00,108.197,108.239,107.981,108.045
2025-02-01 00:00:00,108.045,108.366,108.03,108.314
2025-02-01 04:00:00,108.314,108.44,108.131,108.158
2025-02-01 08:00:00,108.159,108.478,107.785,108.37
2025-02-01 12:00:00,108.372,108.565,108.282,108.501
2025-02-03 14:00:00,108.501,109.798,108.501,109.635
2025-02-03 18:00:00,109.634,109.881,109.578,109.603
2025-02-03 22:00:00,109.603,109.794,109.399,109.576
2025-02-04 02:00:00,109.575,109.58,108.99,109.214
2025-02-04 06:00:00,109.212,109.373,108.572,108.995
2025-02-04 10:00:00,108.996,109.086,108.337,108.417
2025-02-04 14:00:00,108.422,108.486,108.404,108.425
2025-02-04 16:00:00,108.675,108.763,108.627,108.725
2025-02-04 20:00:00,108.725,109.038,108.675,108.732
2025-02-05 00:00:00,108.731,108.76,108.43,108.643
2025-02-05 04:00:00,108.644,108.673,107.978,108.033
2025-02-05 08:00:00,108.033,108.124,107.933,107.96
2025-02-05 12:00:00,107.961,108.034,107.919,108.001
2025-02-05 16:00:00,108.053,108.053,107.843,107.9
2025-02-05 20:00:00,107.9,107.987,107.643,107.709
2025-02-06 00:00:00,107.709,107.774,107.373,107.526
2025-02-06 04:00:00,107.527,107.658,107.296,107.411
2025-02-06 08:00:00,107.41,107.599,107.391,107.579
2025-02-06 12:00:00,107.58,107.667,107.578,107.624
2025-02-06 16:00:00,107.618,107.7,107.535,107.68
2025-02-06 20:00:00,107.681,107.843,107.666,107.831
2025-02-07 00:00:00,107.831,108.056,107.811,107.976
2025-02-07 04:00:00,107.977,108.097,107.828,107.844
2025-02-07 08:00:00,107.845,107.883,107.579,107.689
2025-02-07 12:00:00,107.689,107.713,107.645,107.705
2025-02-07 16:00:00,107.699,107.783,107.684,107.757
2025-02-07 20:00:00,107.756,107.826,107.692,107.703
2025-02-08 00:00:00,107.703,107.812,107.591,107.77
2025-02-08 04:00:00,107.77,108.112,107.516,107.903
2025-02-08 08:00:00,107.902,108.318,107.866,108.04
2025-02-08 12:00:00,108.04,108.143,107.994,108.096
2025-02-10 14:00:00,108.096,108.418,108.096,108.385
2025-02-10 18:00:00,108.385,108.44,108.215,108.27
2025-02-10 22:00:00,108.269,108.365,108.132,108.199
2025-02-11 02:00:00,108.198,108.345,108.091,108.213
2025-02-11 06:00:00,108.213,108.333,108.186,108.268
2025-02-11 10:00:00,108.268,108.342,108.245,108.33
2025-02-11 14:00:00,108.33,108.349,108.308,108.332
2025-02-11 16:00:00,108.336,108.463,108.335,108.415
2025-02-11 20:00:00,108.415,108.42,108.312,108.389
2025-02-12 00:00:00,108.39,108.418,108.225,108.279
2025-02-12 04:00:00,108.281,108.303,108.088,108.123
2025-02-12 08:00:00,108.122,108.127,107.782,107.963
2025-02-12 12:00:00,107.962,107.963,107.885,107.922
2025-02-12 16:00:00,108.009,108.059,107.954,108.031
2025-02-12 20:00:00,108.03,108.095,107.913,107.942
2025-02-13 00:00:00,107.942,108.034,107.864,107.936
2025-02-13 04:00:00,107.936,108.523,107.921,108.064
2025-02-13 08:00:00,108.064,108.292,107.627,107.938
2025-02-13 12:00:00,107.938,108.029,107.882,107.967
2025-02-13 16:00:00,107.917,107.996,107.666,107.69
2025-02-13 20:00:00,107.691,107.694,107.502,107.61
2025-02-14 00:00:00,107.609,107.817,107.558,107.752
2025-02-14 04:00:00,107.752,107.947,107.344,107.369
2025-02-14 08:00:00,107.37,107.841,107.252,107.313
2025-02-14 12:00:00,107.313,107.326,107.033,107.067
2025-02-14 16:00:00,107.12,107.153,107.001,107.101
2025-02-14 20:00:00,107.101,107.182,106.962,107.036
2025-02-15 00:00:00,107.037,107.038,106.831,107.004
2025-02-15 04:00:00,107.004,107.085,106.566,106.632
2025-02-15 08:00:00,106.632,106.754,106.613,106.71
2025-02-15 12:00:00,106.711,106.814,106.711,106.793
2025-02-17 14:00:00,106.793,106.848,106.629,106.641
2025-02-17 18:00:00,106.642,106.773,106.625,106.726
2025-02-17 22:00:00,106.726,106.899,106.689,106.862
2025-02-18 02:00:00,106.862,106.872,106.738,106.829
2025-02-18 06:00:00,106.829,106.859,106.717,106.728
2025-02-18 10:00:00,106.729,106.756,106.712,106.73
2025-02-18 14:00:00,106.73,106.775,106.726,106.742
2025-02-18 16:00:00,106.815,106.965,106.805,106.96
2025-02-18 20:00:00,106.957,107.052,106.868,106.933
2025-02-19 00:00:00,106.933,106.987,106.859,106.92
2025-02-19 04:00:00,106.92,107.067,106.863,106.864
2025-02-19 08:00:00,106.866,107.123,106.846,107.054
2025-02-19 12:00:00,107.054,107.088,106.989,107.022
2025-02-19 16:00:00,107.031,107.088,106.979,106.986
2025-02-19 20:00:00,106.986,107.014,106.879,106.964
2025-02-20 00:00:00,106.964,107.242,106.94,107.202
2025-02-20 04:00:00,107.202,107.23,107.028,107.162
2025-02-20 08:00:00,107.161,107.381,107.112,107.173
2025-02-20 12:00:00,107.173,107.21,107.16,107.162
2025-02-20 16:00:00,107.117,107.153,106.99,107.014
2025-02-20 20:00:00,107.014,107.058,106.946,106.983
2025-02-21 00:00:00,106.983,106.998,106.835,106.92
2025-02-21 04:00:00,106.92,106.948,106.555,106.566
2025-02-21 08:00:00,106.565,106.662,106.356,106.372
2025-02-21 12:00:00,106.372,106.414,106.334,106.334
2025-02-21 16:00:00,106.464,106.571,106.4,106.414
2025-02-21 20:00:00,106.414,106.546,106.382,106.51
2025-02-22 00:00:00,106.51,106.707,106.494,106.654
2025-02-22 04:00:00,106.654,106.746,106.434,106.689
2025-02-22 08:00:00,106.689,106.715,106.551,106.612
2025-02-22 12:00:00,106.612,106.665,106.595,106.641
2025-02-24 14:00:00,106.641,106.641,106.185,106.204
2025-02-24 18:00:00,106.204,106.267,106.126,106.235
2025-02-24 22:00:00,106.236,106.621,106.236,106.592
2025-02-25 02:00:00,106.592,106.699,106.536,106.637
2025-02-25 06:00:00,106.637,106.745,106.503,106.592
2025-02-25 10:00:00,106.592,106.727,106.464,106.674
2025-02-25 14:00:00,106.674,106.712,106.658,106.701
2025-02-25 16:00:00,106.768,106.789,106.604,106.623
2025-02-25 20:00:00,106.623,106.68,106.576,106.669
2025-02-26 00:00:00,106.669,106.723,106.493,106.494
2025-02-26 04:00:00,106.494,106.501,106.189,106.39
2025-02-26 08:00:00,106.39,106.519,106.241,106.308
2025-02-26 12:00:00,106.308,106.315,106.232,106.284
2025-02-26 16:00:00,106.174,106.435,106.174,106.413
2025-02-26 20:00:00,106.413,106.557,106.395,106.496
2025-02-27 00:00:00,106.498,106.562,106.352,106.525
2025-02-27 04:00:00,106.525,106.654,106.362,106.39
2025-02-27 08:00:00,106.39,106.498,106.159,106.416
2025-02-27 12:00:00,106.416,106.563,106.416,106.471
2025-02-27 16:00:00,106.527,106.642,106.521,106.621
2025-02-27 20:00:00,106.699,106.713,106.547,106.591
2025-02-28 00:00:00,106.592,106.681,106.552,106.652
2025-02-28 04:00:00,106.653,107.195,106.523,107.162
2025-02-28 08:00:00,107.161,107.279,107.115,107.244
2025-02-28 12:00:00,107.245,107.35,107.217,107.293
2025-02-28 16:00:00,107.251,107.395,107.184,107.356
2025-02-28 20:00:00,107.356,107.451,107.343,107.388
2025-03-01 00:00:00,107.388,107.411,107.29,107.355
2025-03-01 04:00:00,107.355,107.408,107.209,107.352
2025-03-01 08:00:00,107.351,107.661,107.263,107.614
2025-03-01 12:00:00,107.614,107.647,107.54,107.564
2025-03-03 14:00:00,107.564,107.564,107.176,107.204
2025-03-03 18:00:00,107.204,107.278,107.168,107.255
2025-03-03 22:00:00,107.254,107.397,107.099,107.107
2025-03-04 02:00:00,107.108,107.111,106.792,106.82
2025-03-04 06:00:00,106.821,106.834,106.469,106.542
2025-03-04 10:00:00,106.542,106.799,106.497,106.545
2025-03-04 14:00:00,106.546,106.574,106.541,106.555
2025-03-04 16:00:00,106.562,106.627,106.401,106.612
2025-03-04 20:00:00,106.612,106.652,106.446,106.504
2025-03-05 00:00:00,106.505,106.55,105.994,105.994
2025-03-05 04:00:00,105.994,106.382,105.878,106.197
2025-03-05 08:00:00,106.196,106.275,105.739,105.743
2025-03-05 12:00:00,105.743,105.743,105.526,105.531
2025-03-05 16:00:00,105.618,105.773,105.558,105.656
2025-03-05 20:00:00,105.656,105.657,105.204,105.207
2025-03-06 00:00:00,105.203,105.304,104.85,105.142
2025-03-06 04:00:00,105.141,105.141,104.397,104.537
2025-03-06 08:00:00,104.537,104.557,104.298,104.303
2025-03-06 12:00:00,104.303,104.354,104.259,104.272
2025-03-06 16:00:00,104.324,104.363,104.115,104.355
2025-03-06 20:00:00,104.355,104.392,104.018,104.183
2025-03-07 00:00:00,104.183,104.265,104.032,104.127
2025-03-07 04:00:00,104.127,104.212,103.761,104.028
2025-03-07 08:00:00,104.025,104.32,103.872,104.062
2025-03-07 12:00:00,104.064,104.288,104.06,104.136
2025-03-07 16:00:00,104.11,104.238,103.971,104.042
2025-03-07 20:00:00,104.042,104.056,103.783,103.871
2025-03-08 00:00:00,103.871,103.896,103.563,103.751
2025-03-08 04:00:00,103.751,103.835,103.458,103.614
2025-03-08 08:00:00,103.618,103.978,103.602,103.838
2025-03-08 12:00:00,103.837,103.905,103.762,103.905
2025-03-10 13:00:00,103.905,103.905,103.59,103.615
2025-03-10 17:00:00,103.615,103.888,103.559,103.883
2025-03-10 21:00:00,103.883,104.029,103.775,104.003
2025-03-11 01:00:00,104.005,104.011,103.567,103.76
2025-03-11 05:00:00,103.76,103.969,103.701,103.934
2025-03-11 09:00:00,103.93,104.064,103.829,103.924
2025-03-11 13:00:00,103.924,103.945,103.898,103.903
2025-03-11 15:00:00,103.836,103.877,103.7,103.729
2025-03-11 19:00:00,103.729,103.923,103.656,103.764
2025-03-11 23:00:00,103.765,103.769,103.329,103.564
2025-03-12 03:00:00,103.564,103.621,103.337,103.427
2025-03-12 07:00:00,103.428,103.471,103.221,103.289
2025-03-12 11:00:00,103.289,103.458,103.264,103.417
2025-03-12 15:00:00,103.422,103.537,103.421,103.533
2025-03-12 19:00:00,103.534,103.668,103.502,103.659
2025-03-12 23:00:00,103.66,103.706,103.442,103.588
2025-03-13 03:00:00,103.588,103.783,103.355,103.488
2025-03-13 07:00:00,103.488,103.633,103.352,103.612
2025-03-13 11:00:00,103.61,103.619,103.535,103.57
2025-03-13 15:00:00,103.605,103.622,103.508,103.528
2025-03-13 19:00:00,103.528,103.672,103.526,103.655
2025-03-13 23:00:00,103.655,103.764,103.571,103.723
2025-03-14 03:00:00,103.723,104.08,103.697,103.729
2025-03-14 07:00:00,103.73,103.849,103.658,103.828
2025-03-14 11:00:00,103.828,103.878,103.802,103.834
2025-03-14 15:00:00,103.835,104.019,103.801,103.978
2025-03-14 19:00:00,103.978,104.046,103.912,104.024
2025-03-14 23:00:00,104.025,104.091,103.574,103.68
2025-03-15 03:00:00,103.68,103.82,103.571,103.745
2025-03-15 07:00:00,103.745,103.805,103.652,103.718
2025-03-15 11:00:00,103.718,103.743,103.677,103.735
2025-03-17 13:00:00,103.735,103.775,103.678,103.743
2025-03-17 17:00:00,103.744,103.787,103.649,103.75
2025-03-17 21:00:00,103.75,103.812,103.678,103.709
2025-03-18 01:00:00,103.709,103.74,103.46,103.548
2025-03-18 05:00:00,103.548,103.572,103.298,103.362
2025-03-18 09:00:00,103.363,103.446,103.343,103.405
2025-03-18 13:00:00,103.404,103.427,103.396,103.407
2025-03-18 15:00:00,103.443,103.56,103.428,103.559
2025-03-18 19:00:00,103.559,103.614,103.48,103.482
2025-03-18 23:00:00,103.481,103.512,103.232,103.371
2025-03-19 03:00:00,103.37,103.675,103.343,103.495
2025-03-19 07:00:00,103.496,103.618,103.197,103.244
2025-03-19 11:00:00,103.244,103.272,103.2,103.244
2025-03-19 15:00:00,103.272,103.362,103.253,103.296
2025-03-19 19:00:00,103.295,103.486,103.274,103.461
2025-03-19 23:00:00,103.462,103.723,103.439,103.626
2025-03-20 03:00:00,103.626,103.746,103.49,103.736
2025-03-20 07:00:00,103.736,103.906,103.394,103.428
2025-03-20 11:00:00,103.43,103.63,103.403,103.461
2025-03-20 15:00:00,103.431,103.446,103.321,103.397
2025-03-20 19:00:00,103.397,103.534,103.353,103.503
2025-03-20 23:00:00,103.503,103.985,103.499,103.909
2025-03-21 03:00:00,103.909,104.13,103.81,103.975
2025-03-21 07:00:00,103.976,104.034,103.829,103.851
2025-03-21 11:00:00,103.851,103.86,103.772,103.798
2025-03-21 15:00:00,103.779,103.914,103.757,103.901
2025-03-21 19:00:00,103.901,104.147,103.882,104.037
2025-03-21 23:00:00,104.036,104.085,103.926,103.948
2025-03-22 03:00:00,103.948,104.064,103.759,104.02
2025-03-22 07:00:00,104.021,104.223,103.983,104.088
2025-03-22 11:00:00,104.087,104.173,104.058,104.147
2025-03-24 13:00:00,104.147,104.147,103.982,104.022
2025-03-24 17:00:00,104.022,104.188,104.022,104.143
2025-03-24 21:00:00,104.142,104.183,103.865,103.953
2025-03-25 01:00:00,103.953,104.122,103.842,104.069
2025-03-25 05:00:00,104.068,104.444,104.056,104.374
2025-03-25 09:00:00,104.375,104.424,104.211,104.313
2025-03-25 13:00:00,104.313,104.336,104.3,104.311
2025-03-25 15:00:00,104.327,104.372,104.265,104.354
2025-03-25 19:00:00,104.355,104.36,104.239,104.349
2025-03-25 23:00:00,104.349,104.467,104.053,104.074
2025-03-26 03:00:00,104.074,104.155,103.944,104.067
2025-03-26 07:00:00,104.067,104.185,104.014,104.184
2025-03-26 11:00:00,104.183,104.23,104.153,104.213
2025-03-26 15:00:00,104.245,104.346,104.198,104.222
2025-03-26 19:00:00,104.223,104.379,104.218,104.293
2025-03-26 23:00:00,104.293,104.348,104.184,104.262
2025-03-27 03:00:00,104.262,104.465,104.221,104.307
2025-03-27 07:00:00,104.307,104.572,104.275,104.547
2025-03-27 11:00:00,104.547,104.683,104.514,104.666
2025-03-27 15:00:00,104.652,104.653,104.316,104.347
2025-03-27 19:00:00,104.347,104.433,104.253,104.38
2025-03-27 23:00:00,104.38,104.539,104.38,104.395
2025-03-28 03:00:00,104.394,104.446,104.243,104.359
2025-03-28 07:00:00,104.357,104.374,104.07,104.335
2025-03-28 11:00:00,104.336,104.352,104.252,104.28
2025-03-28 15:00:00,104.276,104.364,104.233,104.284
2025-03-28 19:00:00,104.285,104.359,104.258,104.333
2025-03-28 23:00:00,104.333,104.469,104.205,104.469
2025-03-29 03:00:00,104.47,104.498,103.972,104.06
2025-03-29 07:00:00,104.059,104.137,103.896,104.044
2025-03-29 11:00:00,104.044,104.049,103.948,104.011
2025-03-31 13:00:00,104.011,104.11,103.851,103.853
2025-03-31 17:00:00,103.854,103.915,103.765,103.877
2025-03-31 21:00:00,103.878,104.065,103.752,103.955
2025-04-01 01:00:00,103.955,104.203,103.928,104.197
2025-04-01 05:00:00,104.197,104.392,104.078,104.213
2025-04-01 09:00:00,104.213,104.283,104.151,104.195
2025-04-01 13:00:00,104.194,104.194,104.16,104.183
2025-04-01 15:00:00,104.18,104.19,104.071,104.108
2025-04-01 19:00:00,104.108,104.283,104.028,104.216
2025-04-01 23:00:00,104.217,104.278,104.019,104.221
2025-04-02 03:00:00,104.221,104.369,104.066,104.093
2025-04-02 07:00:00,104.094,104.269,104.069,104.26
2025-04-02 11:00:00,104.259,104.274,104.153,104.2
2025-04-02 15:00:00,104.203,104.29,104.158,104.213
2025-04-02 19:00:00,104.213,104.292,104.17,104.231
2025-04-02 23:00:00,104.231,104.314,104.074,104.163
2025-04-03 03:00:00,104.163,104.187,103.735,103.758
2025-04-03 07:00:00,103.757,103.9,103.686,103.807
2025-04-03 11:00:00,103.808,104.027,103.366,103.689
2025-04-03 15:00:00,103.148,103.379,103.013,103.097
2025-04-03 19:00:00,103.097,103.131,102.404,102.404
2025-04-03 23:00:00,102.404,102.772,101.372,101.989
2025-04-04 03:00:00,101.988,102.054,101.267,101.399
2025-04-04 07:00:00,101.399,102.152,101.396,102.072
2025-04-04 11:00:00,102.073,102.208,101.928,101.939
2025-04-04 15:00:00,101.989,102.073,101.773,101.894
2025-04-04 19:00:00,101.893,102.029,101.54,102.025
2025-04-04 23:00:00,102.024,102.66,101.889,102.13
2025-04-05 03:00:00,102.131,102.705,101.788,102.593
2025-04-05 07:00:00,102.593,103.166,102.406,103.023
2025-04-05 11:00:00,103.025,103.182,102.86,102.893
2025-04-07 13:00:00,103.069,103.069,102.464,102.779
2025-04-07 17:00:00,102.776,103.192,102.635,102.653
2025-04-07 21:00:00,102.653,102.832,102.182,102.693
2025-04-08 01:00:00,102.693,103.148,102.664,102.919
2025-04-08 05:00:00,102.919,103.517,102.893,103.353
2025-04-08 09:00:00,103.354,103.534,103.095,103.495
2025-04-08 13:00:00,103.494,103.54,103.402,103.468
2025-04-08 15:00:00,103.431,103.441,102.876,102.936
2025-04-08 19:00:00,102.934,103.097,102.779,102.865
2025-04-08 23:00:00,102.867,103.372,102.847,103.2
2025-04-09 03:00:00,103.2,103.44,102.866,103.33
2025-04-09 07:00:00,103.331,103.415,102.846,102.955
2025-04-09 11:00:00,102.954,103.1,102.753,102.909
2025-04-09 15:00:00,102.751,102.826,102.284,102.458
2025-04-09 19:00:00,102.458,102.49,101.916,102.053
2025-04-09 23:00:00,102.052,102.613,102.013,102.301
2025-04-10 03:00:00,102.3,102.362,101.837,102.315
2025-04-10 07:00:00,102.314,103.333,102.127,102.9
2025-04-10 11:00:00,102.905,103.171,102.79,102.907
2025-04-10 15:00:00,102.991,103.027,102.658,102.748
2025-04-10 19:00:00,102.749,102.795,102.535,102.682
2025-04-10 23:00:00,102.681,102.764,101.889,101.912
2025-04-11 03:00:00,101.912,101.959,101.092,101.093
2025-04-11 07:00:00,101.094,101.296,100.7,100.867
2025-04-11 11:00:00,100.87,101.288,100.842,100.913
2025-04-11 15:00:00,100.784,100.784,99.705,100.221
2025-04-11 19:00:00,100.218,100.64,99.861,100.373
2025-04-11 23:00:00,100.374,100.381,99.014,99.914
2025-04-12 03:00:00,99.916,100.048,99.322,99.98
2025-04-12 07:00:00,99.979,100.385,99.881,100.102
2025-04-12 11:00:00,100.106,100.128,99.76,99.783
2025-04-14 13:00:00,100.02,100.065,99.671,99.7
2025-04-14 17:00:00,99.7,99.761,99.351,99.684
2025-04-14 21:00:00,99.686,99.801,99.208,99.462
2025-04-15 01:00:00,99.463,99.886,99.327,99.865
2025-04-15 05:00:00,99.865,100.163,99.52,99.867
2025-04-15 09:00:00,99.869,99.873,99.554,99.696
2025-04-15 13:00:00,99.696,99.744,99.626,99.64
2025-04-15 15:00:00,99.809,99.975,99.695,99.711
2025-04-15 19:00:00,99.711,99.842,99.559,99.82
2025-04-15 23:00:00,99.816,99.891,99.479,99.655
2025-04-16 03:00:00,99.655,100.092,99.651,99.778
2025-04-16 07:00:00,99.778,100.276,99.776,100.215
2025-04-16 11:00:00,100.216,100.24,100.1,100.101
2025-04-16 15:00:00,100.062,100.104,99.789,99.824
2025-04-16 19:00:00,99.823,99.842,99.398,99.587
2025-04-16 23:00:00,99.588,99.725,99.354,99.614
2025-04-17 03:00:00,99.615,99.716,99.396,99.431
2025-04-17 07:00:00,99.431,99.615,99.372,99.38
2025-04-17 11:00:00,99.381,99.397,99.174,99.279
2025-04-17 15:00:00,99.234,99.66,99.222,99.483
2025-04-17 19:00:00,99.483,99.746,99.461,99.617
2025-04-17 23:00:00,99.62,99.678,99.416,99.573
2025-04-18 03:00:00,99.572,99.707,99.27,99.554
2025-04-18 07:00:00,99.554,99.617,99.364,99.376
2025-04-18 11:00:00,99.376,99.456,99.355,99.404
2025-04-21 13:00:00,99.078,99.208,98.539,98.661
2025-04-21 17:00:00,98.661,98.672,98.249,98.29
2025-04-21 21:00:00,98.29,98.375,97.983,98.012
2025-04-22 01:00:00,98.012,98.343,97.921,98.115
2025-04-22 05:00:00,98.115,98.512,98.111,98.368
2025-04-22 09:00:00,98.368,98.479,98.248,98.356
2025-04-22 13:00:00,98.355,98.397,98.319,98.321
2025-04-22 15:00:00,98.299,98.564,98.266,98.272
2025-04-22 19:00:00,98.27,98.399,98.013,98.368
2025-04-22 23:00:00,98.367,98.477,98.296,98.442
2025-04-23 03:00:00,98.443,98.663,98.355,98.526
2025-04-23 07:00:00,98.526,98.946,98.469,98.918
2025-04-23 11:00:00,98.918,99.645,98.878,99.642
2025-04-23 15:00:00,99.478,99.612,99.037,99.133
2025-04-23 19:00:00,99.133,99.374,99.116,99.181
2025-04-23 23:00:00,99.181,99.28,98.863,99.162
2025-04-24 03:00:00,99.162,99.671,99.023,99.545
2025-04-24 07:00:00,99.548,99.901,99.352,99.844
2025-04-24 11:00:00,99.844,99.939,99.772,99.781
2025-04-24 15:00:00,99.745,99.841,99.549,99.565
2025-04-24 19:00:00,99.567,99.743,99.563,99.571
2025-04-24 23:00:00,99.57,99.577,99.244,99.354
2025-04-25 03:00:00,99.354,99.482,99.27,99.401
2025-04-25 07:00:00,99.401,99.594,99.329,99.377
2025-04-25 11:00:00,99.378,99.38,99.223,99.286
2025-04-25 15:00:00,99.414,99.637,99.402,99.602
2025-04-25 19:00:00,99.602,99.885,99.52,99.686
2025-04-25 23:00:00,99.686,99.798,99.513,99.621
2025-04-26 03:00:00,99.621,99.798,99.511,99.608
2025-04-26 07:00:00,99.608,99.672,99.447,99.471
2025-04-26 11:00:00,99.471,99.633,99.466,99.587
2025-04-28 13:00:00,99.61,99.754,99.583,99.599
2025-04-28 17:00:00,99.597,99.764,99.506,99.507
2025-04-28 21:00:00,99.507,99.838,99.457,99.699
2025-04-29 01:00:00,99.699,99.704,99.449,99.603
2025-04-29 05:00:00,99.603,99.663,98.988,99.058
2025-04-29 09:00:00,99.058,99.129,98.901,98.929
2025-04-29 13:00:00,98.929,98.947,98.926,98.942
2025-04-29 15:00:00,99.037,99.191,98.948,99.122
2025-04-29 19:00:00,99.124,99.317,99.116,99.202
2025-04-29 23:00:00,99.203,99.35,99.045,99.33
2025-04-30 03:00:00,99.329,99.372,99.007,99.269
2025-04-30 07:00:00,99.269,99.291,98.985,99.237
2025-04-30 11:00:00,99.237,99.283,99.156,99.187
2025-04-30 15:00:00,99.171,99.418,99.143,99.329
2025-04-30 19:00:00,99.329,99.375,99.143,99.21
2025-04-30 23:00:00,99.21,99.474,99.21,99.457
2025-05-01 03:00:00,99.457,99.56,99.272,99.365
2025-05-01 07:00:00,99.366,99.648,99.306,99.468
2025-05-01 11:00:00,99.469,99.708,99.438,99.639
2025-05-01 15:00:00,99.654,99.814,99.613,99.716
2025-05-01 19:00:00,99.715,100.026,99.689,99.967
2025-05-01 23:00:00,99.967,100.082,99.742,99.757
2025-05-02 03:00:00,99.756,100.305,99.697,100.22
2025-05-02 07:00:00,100.219,100.375,100.151,100.248
2025-05-02 11:00:00,100.247,100.255,100.14,100.177
2025-05-02 15:00:00,100.179,100.328,100.068,100.141
2025-05-02 19:00:00,100.141,100.144,99.861,99.901
2025-05-02 23:00:00,99.901,99.978,99.629,99.833
2025-05-03 03:00:00,99.831,100.012,99.397,99.47
2025-05-03 07:00:00,99.47,100.079,99.47,100.03
2025-05-03 11:00:00,100.03,100.064,99.959,100.037
2025-05-05 13:00:00,100.002,100.05,99.831,99.864
2025-05-05 17:00:00,99.864,99.865,99.629,99.689
2025-05-05 21:00:00,99.689,99.9,99.606,99.794
2025-05-06 01:00:00,99.794,99.794,99.475,99.504
2025-05-06 05:00:00,99.504,99.957,99.464,99.932
2025-05-06 09:00:00,99.932,99.955,99.755,99.796
2025-05-06 13:00:00,99.797,99.807,99.772,99.78
2025-05-06 15:00:00,99.832,100.097,99.773,99.868
2025-05-06 19:00:00,99.868,99.896,99.682,99.742
2025-05-06 23:00:00,99.742,99.816,99.497,99.624
2025-05-07 03:00:00,99.624,99.65,99.258,99.463
2025-05-07 07:00:00,99.463,99.548,99.237,99.238
2025-05-07 11:00:00,99.24,99.396,99.172,99.396
2025-05-07 15:00:00,99.504,99.63,99.404,99.532
2025-05-07 19:00:00,99.531,99.568,99.286,99.298
2025-05-07 23:00:00,99.299,99.558,99.299,99.4
2025-05-08 03:00:00,99.4,99.477,99.323,99.368
2025-05-08 07:00:00,99.368,99.741,99.352,99.614
2025-05-08 11:00:00,99.617,99.972,99.617,99.87
2025-05-08 15:00:00,99.847,99.903,99.609,99.708
2025-05-08 19:00:00,99.707,100.139,99.609,100.108
2025-05-08 23:00:00,100.107,100.21,99.963,100.119
2025-05-09 03:00:00,100.119,100.2,99.839,100.177
2025-05-09 07:00:00,100.178,100.717,100.088,100.64
2025-05-09 11:00:00,100.641,100.764,100.611,100.634
2025-05-09 15:00:00,100.642,100.862,100.597,100.679
2025-05-09 19:00:00,100.678,100.681,100.448,100.495
2025-05-09 23:00:00,100.497,100.527,100.342,100.446
2025-05-10 03:00:00,100.446,100.457,100.086,100.261
2025-05-10 07:00:00,100.261,100.395,100.22,100.339
2025-05-10 11:00:00,100.339,100.435,100.33,100.424
2025-05-12 13:00:00,100.689,100.716,100.525,100.547
2025-05-12 17:00:00,100.547,100.687,100.51,100.607
2025-05-12 21:00:00,100.604,101.792,100.538,101.404
2025-05-13 01:00:00,101.406,101.937,101.376,101.597
2025-05-13 05:00:00,101.597,101.839,101.426,101.837
2025-05-13 09:00:00,101.837,101.977,101.729,101.806
2025-05-13 13:00:00,101.806,101.808,101.758,101.779
2025-05-13 15:00:00,101.725,101.76,101.579,101.655
2025-05-13 19:00:00,101.655,101.678,101.495,101.574
2025-05-13 23:00:00,101.574,101.646,101.47,101.605
2025-05-14 03:00:00,101.604,101.611,101.208,101.221
2025-05-14 07:00:00,101.221,101.257,100.993,101.003
2025-05-14 11:00:00,101.003,101.016,100.91,100.93
2025-05-14 15:00:00,100.953,101.022,100.85,100.931
2025-05-14 19:00:00,100.931,100.991,100.83,100.941
2025-05-14 23:00:00,100.941,100.967,100.271,100.514
2025-05-15 03:00:00,100.516,100.807,100.497,100.744
2025-05-15 07:00:00,100.744,101.081,100.728,101.039
2025-05-15 11:00:00,101.039,101.138,101.017,101.017
2025-05-15 15:00:00,100.968,101.055,100.825,100.864
2025-05-15 19:00:00,100.864,100.928,100.596,100.597
2025-05-15 23:00:00,100.596,100.878,100.589,100.813
2025-05-16 03:00:00,100.812,100.98,100.606,100.881
2025-05-16 07:00:00,100.882,100.958,100.792,100.879
2025-05-16 11:00:00,100.879,100.911,100.788,100.809
2025-05-16 15:00:00,100.772,100.79,100.606,100.678
2025-05-16 19:00:00,100.678,100.707,100.521,100.578
2025-05-16 23:00:00,100.581,100.839,100.537,100.765
2025-05-17 03:00:00,100.765,101.128,100.695,101.093
2025-05-17 07:00:00,101.093,101.259,101.066,101.092
2025-05-17 11:00:00,101.09,101.125,100.964,100.977
2025-05-19 13:00:00,100.905,100.905,100.668,100.681
2025-05-19 17:00:00,100.682,100.883,100.665,100.825
2025-05-19 21:00:00,100.825,100.868,100.281,100.295
2025-05-20 01:00:00,100.294,100.311,100.064,100.287
2025-05-20 05:00:00,100.288,100.456,100.226,100.422
2025-05-20 09:00:00,100.422,100.51,100.345,100.366
2025-05-20 13:00:00,100.365,100.386,100.349,100.382
2025-05-20 15:00:00,100.434,100.58,100.301,100.465
2025-05-20 19:00:00,100.465,100.483,100.17,100.225
2025-05-20 23:00:00,100.227,100.327,100.05,100.323
2025-05-21 03:00:00,100.322,100.481,100.151,100.163
2025-05-21 07:00:00,100.163,100.328,100.062,100.118
2025-05-21 11:00:00,100.119,100.12,100.006,100.011
2025-05-21 15:00:00,99.987,99.993,99.666,99.686
2025-05-21 19:00:00,99.686,99.709,99.423,99.581
2025-05-21 23:00:00,99.582,99.804,99.4,99.57
2025-05-22 03:00:00,99.57,99.724,99.444,99.515
2025-05-22 07:00:00,99.515,99.57,99.336,99.559
2025-05-22 11:00:00,99.559,99.701,99.514,99.687
2025-05-22 15:00:00,99.643,99.664,99.44,99.489
2025-05-22 19:00:00,99.488,99.645,99.472,99.613
2025-05-22 23:00:00,99.613,99.867,99.473,99.853
2025-05-23 03:00:00,99.854,99.943,99.654,99.924
2025-05-23 07:00:00,99.924,100.118,99.856,99.96
2025-05-23 11:00:00,99.96,99.961,99.889,99.897
2025-05-23 15:00:00,99.883,99.94,99.636,99.657
2025-05-23 19:00:00,99.655,99.689,99.555,99.645
2025-05-23 23:00:00,99.646,99.663,99.305,99.371
2025-05-24 03:00:00,99.372,99.587,99.135,99.26
2025-05-24 07:00:00,99.26,99.357,99.047,99.112
2025-05-24 11:00:00,99.113,99.151,99.069,99.102
2025-05-26 13:00:00,99.089,99.162,98.898,98.903
2025-05-26 17:00:00,98.903,98.965,98.694,98.798
2025-05-26 21:00:00,98.798,98.997,98.733,98.99
2025-05-27 01:00:00,98.99,99.107,98.969,99.068
2025-05-27 05:00:00,99.068,99.084,98.987,98.993
2025-05-27 09:00:00,98.992,99.034,98.978,98.987
2025-05-27 13:00:00,98.987,99.012,98.931,98.931
2025-05-27 15:00:00,98.955,98.966,98.778,98.91
2025-05-27 19:00:00,98.91,99.196,98.857,99.196
2025-05-27 23:00:00,99.197,99.443,99.146,99.418
2025-05-28 03:00:00,99.419,99.521,99.205,99.487
2025-05-28 07:00:00,99.487,99.615,99.478,99.521
2025-05-28 11:00:00,99.522,99.615,99.512,99.559
2025-05-28 15:00:00,99.527,99.814,99.441,99.788
2025-05-28 19:00:00,99.788,99.873,99.694,99.782
2025-05-28 23:00:00,99.783,99.798,99.485,99.616
2025-05-29 03:00:00,99.616,99.887,99.594,99.811
2025-05-29 07:00:00,99.811,99.957,99.774,99.875
2025-05-29 11:00:00,99.876,99.922,99.86,99.875
2025-05-29 15:00:00,100.537,100.54,100.203,100.299
2025-05-29 19:00:00,100.298,100.41,100.078,100.096
2025-05-29 23:00:00,100.096,100.112,99.876,99.919
2025-05-30 03:00:00,99.919,100.048,99.339,99.477
2025-05-30 07:00:00,99.477,99.484,99.217,99.278
2025-05-30 11:00:00,99.278,99.39,99.266,99.333
2025-05-30 15:00:00,99.246,99.464,99.129,99.458
2025-05-30 19:00:00,99.458,99.552,99.385,99.459
2025-05-30 23:00:00,99.459,99.632,99.453,99.573
2025-05-31 03:00:00,99.573,99.668,99.321,99.431
2025-05-31 07:00:00,99.429,99.474,99.285,99.329
2025-05-31 11:00:00,99.33,99.45,99.316,99.441
2025-06-02 13:00:00,99.408,99.42,99.19,99.224
2025-06-02 17:00:00,99.224,99.338,99.112,99.246
2025-06-02 21:00:00,99.25,99.26,98.679,98.807
2025-06-03 01:00:00,98.806,98.87,98.682,98.809
2025-06-03 05:00:00,98.81,98.935,98.612,98.857
2025-06-03 09:00:00,98.857,98.885,98.655,98.686
2025-06-03 13:00:00,98.687,98.716,98.686,98.709
2025-06-03 15:00:00,98.585,98.898,98.583,98.853
2025-06-03 19:00:00,98.853,98.939,98.782,98.805
2025-06-03 23:00:00,98.805,99.04,98.765,99.034
2025-06-04 03:00:00,99.034,99.328,99.026,99.112
2025-06-04 07:00:00,99.112,99.309,99.104,99.227
2025-06-04 11:00:00,99.228,99.301,99.22,99.25
2025-06-04 15:00:00,99.177,99.283,99.081,99.224
2025-06-04 19:00:00,99.224,99.392,99.181,99.212
2025-06-04 23:00:00,99.212,99.261,99.035,99.219
2025-06-05 03:00:00,99.219,99.247,98.723,98.745
2025-06-05 07:00:00,98.744,98.845,98.673,98.787
2025-06-05 11:00:00,98.786,98.876,98.776,98.819
2025-06-05 15:00:00,98.796,98.892,98.689,98.832
2025-06-05 19:00:00,98.832,98.941,98.779,98.92
2025-06-05 23:00:00,98.92,98.932,98.723,98.788
2025-06-06 03:00:00,98.789,98.863,98.351,98.629
2025-06-06 07:00:00,98.628,98.847,98.621,98.741
2025-06-06 11:00:00,98.741,98.816,98.704,98.712
2025-06-06 15:00:00,98.699,98.836,98.655,98.805
2025-06-06 19:00:00,98.805,98.911,98.754,98.859
2025-06-06 23:00:00,98.858,99.031,98.851,98.941
2025-06-07 03:00:00,98.941,99.357,98.886,99.241
2025-06-07 07:00:00,99.24,99.303,99.145,99.19
2025-06-07 11:00:00,99.189,99.231,99.151,99.202
2025-06-09 13:00:00,99.196,99.219,99.074,99.214
2025-06-09 17:00:00,99.212,99.212,98.947,98.998
2025-06-09 21:00:00,98.996,99.05,98.83,98.893
2025-06-10 01:00:00,98.892,99.173,98.817,99.132
2025-06-10 05:00:00,99.132,99.227,98.929,98.944
2025-06-10 09:00:00,98.944,99.025,98.909,99.012
2025-06-10 13:00:00,99.012,99.012,98.99,99.003
2025-06-10 15:00:00,98.982,99.302,98.895,99.174
2025-06-10 19:00:00,99.175,99.239,99.049,99.217
2025-06-10 23:00:00,99.217,99.39,99.025,99.03
2025-06-11 03:00:00,99.029,99.056,98.862,99.019
2025-06-11 07:00:00,99.02,99.127,99.006,99.098
2025-06-11 11:00:00,99.097,99.111,98.976,99.045
2025-06-11 15:00:00,98.959,99.194,98.939,99.127
2025-06-11 19:00:00,99.127,99.205,99.074,99.191
2025-06-11 23:00:00,99.189,99.221,98.948,99.015
2025-06-12 03:00:00,99.014,99.103,98.58,98.69
2025-06-12 07:00:00,98.689,98.731,98.525,98.631
2025-06-12 11:00:00,98.632,98.699,98.582,98.584
2025-06-12 15:00:00,98.46,98.519,98.285,98.416
2025-06-12 19:00:00,98.415,98.423,98.247,98.325
2025-06-12 23:00:00,98.325,98.495,97.8,97.883
2025-06-13 03:00:00,97.885,97.948,97.602,97.938
2025-06-13 07:00:00,97.938,98.038,97.904,97.921
2025-06-13 11:00:00,97.922,97.946,97.831,97.836
2025-06-13 15:00:00,97.812,98.15,97.621,98.088
2025-06-13 19:00:00,98.088,98.394,98.086,98.207
2025-06-13 23:00:00,98.206,98.586,98.083,98.486
2025-06-14 03:00:00,98.486,98.58,98.181,98.182
2025-06-14 07:00:00,98.181,98.232,98.004,98.184
2025-06-14 11:00:00,98.185,98.214,98.112,98.138
2025-06-16 13:00:00,98.261,98.344,98.186,98.272
2025-06-16 17:00:00,98.272,98.365,98.196,98.28
2025-06-16 21:00:00,98.279,98.279,97.936,97.995
2025-06-17 01:00:00,97.995,98.03,97.921,97.935
2025-06-17 05:00:00,97.935,97.96,97.685,97.919
2025-06-17 09:00:00,97.919,98.197,97.911,98.143
2025-06-17 13:00:00,98.143,98.154,98.107,98.14
2025-06-17 15:00:00,98.194,98.277,98.156,98.18
2025-06-17 19:00:00,98.179,98.203,98.069,98.155
2025-06-17 23:00:00,98.158,98.239,98.091,98.096
2025-06-18 03:00:00,98.096,98.536,98.022,98.435
2025-06-18 07:00:00,98.435,98.841,98.329,98.82
2025-06-18 11:00:00,98.821,98.87,98.745,98.82
2025-06-18 15:00:00,98.869,98.869,98.691,98.71
2025-06-18 19:00:00,98.71,98.718,98.56,98.588
2025-06-18 23:00:00,98.588,98.729,98.509,98.718
2025-06-19 03:00:00,98.718,98.787,98.536,98.666
2025-06-19 07:00:00,98.666,98.913,98.483,98.905
2025-06-19 11:00:00,98.904,99.01,98.826,98.85
2025-06-19 15:00:00,98.879,99.098,98.85,99.064
2025-06-19 19:00:00,99.064,99.157,98.954,99.007
2025-06-19 23:00:00,99.007,99.076,98.88,98.973
2025-06-20 03:00:00,98.973,99.064,98.865,99.021
2025-06-20 07:00:00,99.021,99.101,98.843,98.863
2025-06-20 11:00:00,98.863,98.868,98.752,98.784
2025-06-20 15:00:00,98.671,98.691,98.582,98.631
2025-06-20 19:00:00,98.632,98.68,98.538,98.665
2025-06-20 23:00:00,98.666,98.698,98.544,98.625
2025-06-21 03:00:00,98.626,98.893,98.615,98.789
2025-06-21 07:00:00,98.788,98.796,98.596,98.707
2025-06-21 11:00:00,98.707,98.835,98.687,98.774
2025-06-23 13:00:00,99.094,99.113,98.87,99.023
2025-06-23 17:00:00,99.024,99.163,98.908,99.078
2025-06-23 21:00:00,99.079,99.198,98.885,99.189
2025-06-24 01:00:00,99.189,99.421,99.189,99.275
2025-06-24 05:00:00,99.276,99.293,98.544,98.636
2025-06-24 09:00:00,98.636,98.664,98.348,98.384
2025-06-24 13:00:00,98.384,98.406,98.347,98.35
2025-06-24 15:00:00,98.158,98.276,98.136,98.17
2025-06-24 19:00:00,98.17,98.171,97.969,98.079
2025-06-24 23:00:00,98.077,98.25,97.933,98.079
2025-06-25 03:00:00,98.08,98.167,97.707,97.895
2025-06-25 07:00:00,97.895,97.997,97.766,97.858
2025-06-25 11:00:00,97.858,97.978,97.845,97.97
2025-06-25 15:00:00,97.935,97.962,97.814,97.897
2025-06-25 19:00:00,97.898,98.037,97.881,98.015
2025-06-25 23:00:00,98.016,98.151,97.983,98.088
2025-06-26 03:00:00,98.088,98.201,97.958,97.978
2025-06-26 07:00:00,97.977,98.0,97.679,97.679
2025-06-26 11:00:00,97.68,97.75,97.646,97.709
2025-06-26 15:00:00,97.546,97.605,97.402,97.434
2025-06-26 19:00:00,97.433,97.544,97.268,97.329
2025-06-26 23:00:00,97.33,97.364,96.997,97.22
2025-06-27 03:00:00,97.219,97.408,97.145,97.249
2025-06-27 07:00:00,97.25,97.356,97.002,97.147
2025-06-27 11:00:00,97.146,97.36,97.146,97.35
2025-06-27 15:00:00,97.334,97.411,97.249,97.287
2025-06-27 19:00:00,97.287,97.419,97.17,97.17
2025-06-27 23:00:00,97.17,97.318,97.125,97.244
2025-06-28 03:00:00,97.244,97.353,97.0,97.271
2025-06-28 07:00:00,97.271,97.498,97.164,97.401
2025-06-28 11:00:00,97.402,97.407,97.245,97.254
2025-06-30 13:00:00,97.185,97.299,97.122,97.27
2025-06-30 17:00:00,97.27,97.287,97.101,97.11
2025-06-30 21:00:00,97.11,97.25,96.974,97.164
2025-07-01 01:00:00,97.163,97.318,97.132,97.285
2025-07-01 05:00:00,97.284,97.317,96.896,96.953
2025-07-01 09:00:00,96.953,96.984,96.768,96.775
2025-07-01 13:00:00,96.775,96.923,96.775,96.785
2025-07-01 15:00:00,96.78,96.816,96.614,96.74
2025-07-01 19:00:00,96.74,96.796,96.692,96.769
2025-07-01 23:00:00,96.769,96.844,96.377,96.494
2025-07-02 03:00:00,96.494,96.836,96.451,96.808
2025-07-02 07:00:00,96.808,96.949,96.793,96.819
2025-07-02 11:00:00,96.82,96.827,96.638,96.652
2025-07-02 15:00:00,96.641,96.777,96.621,96.684
2025-07-02 19:00:00,96.684,96.888,96.658,96.834
2025-07-02 23:00:00,96.834,96.976,96.823,96.932
2025-07-03 03:00:00,96.932,97.152,96.818,97.052
2025-07-03 07:00:00,97.051,97.057,96.764,96.776
2025-07-03 11:00:00,96.775,96.816,96.746,96.773
2025-07-03 15:00:00,96.75,96.82,96.689,96.789
2025-07-03 19:00:00,96.79,96.878,96.754,96.754
2025-07-03 23:00:00,96.755,96.858,96.701,96.809
2025-07-04 03:00:00,96.809,97.422,96.788,97.148
2025-07-04 07:00:00,97.148,97.23,97.039,97.18
2025-07-04 11:00:00,97.179,97.205,97.099,97.127
2025-07-04 15:00:00,97.089,97.107,96.999,97.038
2025-07-04 19:00:00,97.037,97.045,96.859,96.884
2025-07-04 23:00:00,96.885,97.006,96.885,96.956
2025-07-05 03:00:00,96.956,97.044,96.918,96.987
2025-07-05 07:00:00,96.986,97.011,96.95,96.965
2025-07-05 11:00:00,96.965,97.01,96.95,96.986
2025-07-07 13:00:00,96.957,97.018,96.891,96.961
2025-07-07 17:00:00,96.961,97.15,96.948,97.138
2025-07-07 21:00:00,97.138,97.424,97.081,97.42
2025-07-08 01:00:00,97.42,97.439,97.317,97.409
2025-07-08 05:00:00,97.407,97.66,97.258,97.629
2025-07-08 09:00:00,97.629,97.667,97.44,97.553
2025-07-08 13:00:00,97.553,97.553,97.517,97.517
2025-07-08 15:00:00,97.358,97.436,97.284,97.35
2025-07-08 19:00:00,97.35,97.394,97.256,97.346
2025-07-08 23:00:00,97.347,97.501,97.179,97.48
2025-07-09 03:00:00,97.481,97.838,97.409,97.767
2025-07-09 07:00:00,97.767,97.784,97.495,97.516
2025-07-09 11:00:00,97.516,97.56,97.475,97.51
2025-07-09 15:00:00,97.547,97.695,97.523,97.646
2025-07-09 19:00:00,97.646,97.718,97.501,97.513
2025-07-09 23:00:00,97.513,97.663,97.501,97.65
2025-07-10 03:00:00,97.65,97.748,97.457,97.559
2025-07-10 07:00:00,97.559,97.639,97.508,97.555
2025-07-10 11:00:00,97.552,97.575,97.47,97.47
2025-07-10 15:00:00,97.444,97.451,97.271,97.362
2025-07-10 19:00:00,97.363,97.451,97.342,97.397
2025-07-10 23:00:00,97.396,97.467,97.368,97.425
2025-07-11 03:00:00,97.425,97.921,97.417,97.775
2025-07-11 07:00:00,97.775,97.801,97.637,97.652
2025-07-11 11:00:00,97.651,97.665,97.571,97.579
2025-07-11 15:00:00,97.573,97.875,97.555,97.867
2025-07-11 19:00:00,97.867,97.894,97.766,97.86
2025-07-11 23:00:00,97.859,97.859,97.71,97.75
2025-07-12 03:00:00,97.751,97.964,97.664,97.831
2025-07-12 07:00:00,97.831,97.864,97.751,97.853
2025-07-12 11:00:00,97.853,97.935,97.828,97.869
2025-07-14 13:00:00,97.959,98.03,97.794,97.797
2025-07-14 17:00:00,97.797,97.979,97.765,97.969
2025-07-14 21:00:00,97.969,98.1,97.864,97.922
2025-07-15 01:00:00,97.923,97.955,97.816,97.915
2025-07-15 05:00:00,97.915,98.132,97.867,98.107
2025-07-15 09:00:00,98.107,98.136,98.057,98.114
2025-07-15 13:00:00,98.113,98.124,98.095,98.102
2025-07-15 15:00:00,98.137,98.137,98.02,98.041
2025-07-15 19:00:00,98.041,98.056,97.957,98.03
2025-07-15 23:00:00,98.03,98.077,97.931,97.981
2025-07-16 03:00:00,97.981,98.548,97.939,98.518
2025-07-16 07:00:00,98.518,98.699,98.503,98.616
2025-07-16 11:00:00,98.615,98.652,98.611,98.635
2025-07-16 15:00:00,98.583,98.63,98.53,98.592
2025-07-16 19:00:00,98.592,98.628,98.443,98.445
2025-07-16 23:00:00,98.444,98.586,98.437,98.533
2025-07-17 03:00:00,98.533,98.912,98.501,98.678
2025-07-17 07:00:00,98.676,98.678,97.714,98.392
2025-07-17 11:00:00,98.392,98.439,98.274,98.28
2025-07-17 15:00:00,98.349,98.532,98.335,98.52
2025-07-17 19:00:00,98.519,98.812,98.46,98.74
2025-07-17 23:00:00,98.74,98.804,98.593,98.731
2025-07-18 03:00:00,98.731,98.95,98.645,98.699
2025-07-18 07:00:00,98.7,98.767,98.6,98.734
2025-07-18 11:00:00,98.733,98.733,98.613,98.616
2025-07-18 15:00:00,98.487,98.509,98.391,98.432
2025-07-18 19:00:00,98.432,98.575,98.422,98.503
2025-07-18 23:00:00,98.503,98.512,98.316,98.328
2025-07-19 03:00:00,98.328,98.332,98.099,98.286
2025-07-19 07:00:00,98.286,98.509,98.225,98.482
2025-07-19 11:00:00,98.481,98.518,98.451,98.463
2025-07-21 13:00:00,98.357,98.477,98.344,98.473
2025-07-21 17:00:00,98.473,98.508,98.399,98.405
2025-07-21 21:00:00,98.405,98.414,98.167,98.251
2025-07-22 01:00:00,98.251,98.311,97.992,98.045
2025-07-22 05:00:00,98.047,98.124,97.7,97.801
2025-07-22 09:00:00,97.802,97.901,97.79,97.847
2025-07-22 13:00:00,97.848,97.865,97.841,97.849
2025-07-22 15:00:00,97.868,97.952,97.842,97.886
2025-07-22 19:00:00,97.886,97.982,97.877,97.937
2025-07-22 23:00:00,97.937,97.991,97.765,97.841
2025-07-23 03:00:00,97.841,97.898,97.533,97.565
2025-07-23 07:00:00,97.566,97.613,97.305,97.392
2025-07-23 11:00:00,97.392,97.414,97.348,97.399
2025-07-23 15:00:00,97.474,97.527,97.36,97.495
2025-07-23 19:00:00,97.494,97.56,97.398,97.432
2025-07-23 23:00:00,97.431,97.471,97.337,97.458
2025-07-24 03:00:00,97.458,97.606,97.402,97.429
2025-07-24 07:00:00,97.429,97.504,97.196,97.214
2025-07-24 11:00:00,97.217,97.247,97.189,97.207
2025-07-24 15:00:00,97.181,97.274,97.109,97.15
2025-07-24 19:00:00,97.15,97.292,97.116,97.292
2025-07-24 23:00:00,97.293,97.436,97.215,97.397
2025-07-25 03:00:00,97.396,97.523,97.147,97.322
2025-07-25 07:00:00,97.323,97.442,97.277,97.377
2025-07-25 11:00:00,97.377,97.55,97.343,97.518
2025-07-25 15:00:00,97.454,97.63,97.434,97.602
2025-07-25 19:00:00,97.602,97.617,97.429,97.523
2025-07-25 23:00:00,97.522,97.748,97.471,97.722
2025-07-26 03:00:00,97.722,97.905,97.691,97.749
2025-07-26 07:00:00,97.75,97.833,97.64,97.645
2025-07-26 11:00:00,97.645,97.699,97.634,97.674
2025-07-28 13:00:00,97.577,97.641,97.511,97.541
2025-07-28 17:00:00,97.541,97.683,97.492,97.646
2025-07-28 21:00:00,97.646,98.153,97.646,98.092
2025-07-29 01:00:00,98.091,98.316,98.054,98.162
2025-07-29 05:00:00,98.162,98.57,98.129,98.567
2025-07-29 09:00:00,98.568,98.685,98.555,98.664
2025-07-29 13:00:00,98.665,98.672,98.646,98.664
2025-07-29 15:00:00,98.64,98.711,98.584,98.597
2025-07-29 19:00:00,98.597,99.009,98.587,99.008
2025-07-29 23:00:00,99.009,99.048,98.664,98.764
2025-07-30 03:00:00,98.765,99.141,98.759,99.074
2025-07-30 07:00:00,99.075,99.09,98.829,98.886
2025-07-30 11:00:00,98.885,98.934,98.83,98.898
2025-07-30 15:00:00,98.921,98.923,98.703,98.771
2025-07-30 19:00:00,98.771,98.925,98.705,98.798
2025-07-30 23:00:00,98.798,98.974,98.726,98.925
2025-07-31 03:00:00,98.925,99.57,98.916,99.417
2025-07-31 07:00:00,99.417,99.815,99.234,99.815
2025-07-31 11:00:00,99.816,99.983,99.745,99.887
2025-07-31 15:00:00,99.798,99.825,99.72,99.738
2025-07-31 19:00:00,99.738,99.88,99.524,99.544
2025-07-31 23:00:00,99.545,99.952,99.545,99.821
2025-08-01 03:00:00,99.82,100.101,99.725,99.821
2025-08-01 07:00:00,99.821,100.054,99.791,99.968
2025-08-01 11:00:00,99.968,100.096,99.928,100.051
2025-08-01 15:00:00,100.011,100.145,99.957,100.1
2025-08-01 19:00:00,100.098,100.103,99.914,99.979
2025-08-01 23:00:00,99.978,100.257,99.942,100.113
2025-08-02 03:00:00,100.112,100.256,98.679,98.945
2025-08-02 07:00:00,98.945,99.196,98.868,99.141
2025-08-02 11:00:00,99.14,99.152,98.611,98.685
2025-08-04 13:00:00,98.65,98.903,98.603,98.89
2025-08-04 17:00:00,98.89,98.956,98.697,98.777
2025-08-04 21:00:00,98.776,98.98,98.724,98.911
2025-08-05 01:00:00,98.911,98.929,98.614,98.718
2025-08-05 05:00:00,98.718,98.845,98.592,98.736
2025-08-05 09:00:00,98.736,98.802,98.699,98.743
2025-08-05 13:00:00,98.743,98.763,98.721,98.73
2025-08-05 15:00:00,98.623,98.851,98.585,98.824
2025-08-05 19:00:00,98.824,98.932,98.793,98.892
2025-08-05 23:00:00,98.893,99.047,98.8,98.961
2025-08-06 03:00:00,98.962,99.074,98.804,98.808
2025-08-06 07:00:00,98.809,98.826,98.671,98.782
2025-08-06 11:00:00,98.781,98.83,98.737,98.757
2025-08-06 15:00:00,98.745,98.837,98.683,98.788
2025-08-06 19:00:00,98.787,98.787,98.664,98.73
2025-08-06 23:00:00,98.73,98.828,98.542,98.558
2025-08-07 03:00:00,98.558,98.624,98.365,98.429
2025-08-07 07:00:00,98.429,98.463,98.128,98.177
2025-08-07 11:00:00,98.177,98.295,98.169,98.191
2025-08-07 15:00:00,98.19,98.312,98.181,98.253
2025-08-07 19:00:00,98.253,98.29,98.036,98.062
2025-08-07 23:00:00,98.061,98.201,97.945,98.134
2025-08-08 03:00:00,98.135,98.451,98.067,98.385
2025-08-08 07:00:00,98.385,98.473,98.225,98.4
2025-08-08 11:00:00,98.4,98.413,98.03,98.05
2025-08-08 15:00:00,97.982,98.162,97.959,98.112
2025-08-08 19:00:00,98.112,98.271,98.092,98.197
2025-08-08 23:00:00,98.197,98.351,98.084,98.304
2025-08-09 03:00:00,98.304,98.335,98.156,98.211
2025-08-09 07:00:00,98.21,98.246,98.114,98.18
2025-08-09 11:00:00,98.179,98.305,98.176,98.265
2025-08-11 13:00:00,98.237,98.275,98.208,98.236
2025-08-11 17:00:00,98.235,98.248,98.034,98.06
2025-08-11 21:00:00,98.059,98.236,98.04,98.175
2025-08-12 01:00:00,98.176,98.509,98.158,98.461
2025-08-12 05:00:00,98.461,98.67,98.413,98.544
2025-08-12 09:00:00,98.544,98.607,98.478,98.505
2025-08-12 13:00:00,98.505,98.52,98.485,98.498
2025-08-12 15:00:00,98.507,98.541,98.448,98.467
2025-08-12 19:00:00,98.467,98.553,98.438,98.553
2025-08-12 23:00:00,98.552,98.596,98.438,98.546
2025-08-13 03:00:00,98.545,98.622,98.136,98.201
2025-08-13 07:00:00,98.202,98.217,97.897,98.097
2025-08-13 11:00:00,98.096,98.131,98.044,98.053
2025-08-13 15:00:00,98.043,98.13,97.998,98.047
2025-08-13 19:00:00,98.046,98.077,97.918,97.949
2025-08-13 23:00:00,97.949,97.95,97.626,97.727
2025-08-14 03:00:00,97.727,97.88,97.664,97.695
2025-08-14 07:00:00,97.695,97.873,97.689,97.84
2025-08-14 11:00:00,97.84,97.863,97.778,97.786
2025-08-14 15:00:00,97.754,97.77,97.632,97.733
2025-08-14 19:00:00,97.733,97.827,97.684,97.827
2025-08-14 23:00:00,97.826,97.937,97.753,97.781
2025-08-15 03:00:00,97.78,98.243,97.771,98.078
2025-08-15 07:00:00,98.078,98.322,98.073,98.254
2025-08-15 11:00:00,98.253,98.253,98.182,98.196
2025-08-15 15:00:00,98.184,98.214,98.091,98.095
2025-08-15 19:00:00,98.095,98.096,97.972,97.986
2025-08-15 23:00:00,97.986,97.986,97.848,97.888
2025-08-16 03:00:00,97.888,98.002,97.725,97.762
2025-08-16 07:00:00,97.762,97.883,97.73,97.852
2025-08-16 11:00:00,97.853,97.873,97.816,97.839
2025-08-18 13:00:00,97.792,97.886,97.775,97.874
2025-08-18 17:00:00,97.876,97.932,97.809,97.821
2025-08-18 21:00:00,97.821,98.057,97.813,97.971
2025-08-19 01:00:00,97.971,98.089,97.935,98.03
2025-08-19 05:00:00,98.029,98.186,97.992,98.168
2025-08-19 09:00:00,98.168,98.177,98.101,98.161
2025-08-19 13:00:00,98.161,98.165,98.134,98.134
2025-08-19 15:00:00,98.149,98.317,98.103,98.213
2025-08-19 19:00:00,98.211,98.227,98.047,98.048
2025-08-19 23:00:00,98.048,98.078,97.94,97.978
2025-08-20 03:00:00,97.978,98.172,97.947,98.13
2025-08-20 07:00:00,98.13,98.299,98.098,98.265
2025-08-20 11:00:00,98.265,98.292,98.253,98.28
2025-08-20 15:00:00,98.292,98.441,98.292,98.414
2025-08-20 19:00:00,98.413,98.413,98.285,98.327
2025-08-20 23:00:00,98.327,98.359,98.184,98.256
2025-08-21 03:00:00,98.255,98.316,98.09,98.128
2025-08-21 07:00:00,98.128,98.266,98.079,98.218
2025-08-21 11:00:00,98.219,98.286,98.191,98.217
2025-08-21 15:00:00,98.254,98.313,98.227,98.28
2025-08-21 19:00:00,98.28,98.42,98.257,98.395
2025-08-21 23:00:00,98.395,98.442,98.184,98.296
2025-08-22 03:00:00,98.296,98.613,98.24,98.562
2025-08-22 07:00:00,98.562,98.684,98.505,98.619
2025-08-22 11:00:00,98.618,98.663,98.617,98.622
2025-08-22 15:00:00,98.602,98.701,98.584,98.652
2025-08-22 19:00:00,98.652,98.834,98.651,98.779
2025-08-22 23:00:00,98.779,98.779,98.695,98.74
2025-08-23 03:00:00,98.74,98.751,97.739,97.746
2025-08-23 07:00:00,97.745,97.777,97.556,97.716
2025-08-23 11:00:00,97.717,97.761,97.687,97.732
2025-08-25 13:00:00,97.725,97.949,97.714,97.927
2025-08-25 17:00:00,97.927,97.966,97.842,97.855
2025-08-25 21:00:00,97.856,97.934,97.751,97.87
2025-08-26 01:00:00,97.87,98.002,97.859,97.899
2025-08-26 05:00:00,97.899,98.203,97.84,98.175
2025-08-26 09:00:00,98.176,98.543,98.168,98.44
2025-08-26 13:00:00,98.442,98.453,98.417,98.433
2025-08-26 15:00:00,98.471,98.502,98.103,98.303
2025-08-26 19:00:00,98.303,98.481,98.276,98.418
2025-08-26 23:00:00,98.417,98.563,98.245,98.267
2025-08-27 03:00:00,98.267,98.313,98.126,98.179
2025-08-27 07:00:00,98.178,98.306,98.085,98.225
2025-08-27 11:00:00,98.224,98.288,98.182,98.21
2025-08-27 15:00:00,98.245,98.374,98.238,98.34
2025-08-27 19:00:00,98.339,98.477,98.325,98.396
2025-08-27 23:00:00,98.395,98.699,98.387,98.695
2025-08-28 03:00:00,98.695,98.733,98.512,98.539
2025-08-28 07:00:00,98.539,98.54,98.155,98.232
2025-08-28 11:00:00,98.232,98.247,98.177,98.184
2025-08-28 15:00:00,98.118,98.165,98.058,98.063
2025-08-28 19:00:00,98.062,98.183,98.05,98.137
2025-08-28 23:00:00,98.138,98.227,97.896,97.919
2025-08-29 03:00:00,97.919,98.054,97.836,97.942
2025-08-29 07:00:00,97.942,98.001,97.736,97.813
2025-08-29 11:00:00,97.814,97.899,97.805,97.897
2025-08-29 15:00:00,97.869,98.037,97.856,97.988
2025-08-29 19:00:00,97.988,98.023,97.95,97.984
2025-08-29 23:00:00,97.983,98.028,97.826,98.007
2025-08-30 03:00:00,98.008,98.134,97.718,97.725
2025-08-30 07:00:00,97.725,97.813,97.693,97.771
2025-08-30 11:00:00,97.771,97.879,97.753,97.855
2025-09-01 13:00:00,97.832,97.859,97.787,97.792
2025-09-01 17:00:00,97.793,97.873,97.658,97.719
2025-09-01 21:00:00,97.719,97.721,97.537,97.545
2025-09-02 01:00:00,97.545,97.729,97.536,97.717
2025-09-02 05:00:00,97.718,97.776,97.654,97.727
2025-09-02 09:00:00,97.727,97.747,97.661,97.678
2025-09-02 13:00:00,97.678,97.71,97.677,97.692
2025-09-02 15:00:00,97.646,97.855,97.624,97.814
2025-09-02 19:00:00,97.814,97.902,97.79,97.808
2025-09-02 23:00:00,97.807,98.447,97.789,98.398
2025-09-03 03:00:00,98.398,98.595,98.05,98.18
2025-09-03 07:00:00,98.18,98.421,98.151,98.397
2025-09-03 11:00:00,98.396,98.398,98.295,98.304
2025-09-03 15:00:00,98.396,98.492,98.38,98.472
2025-09-03 19:00:00,98.473,98.513,98.335,98.413
2025-09-03 23:00:00,98.413,98.635,98.191,98.336
2025-09-04 03:00:00,98.336,98.374,98.044,98.152
2025-09-04 07:00:00,98.152,98.17,98.014,98.142
2025-09-04 11:00:00,98.142,98.194,98.129,98.144
2025-09-04 15:00:00,98.15,98.23,98.08,98.218
2025-09-04 19:00:00,98.218,98.258,98.179,98.241
2025-09-04 23:00:00,98.241,98.322,98.175,98.235
2025-09-05 03:00:00,98.235,98.435,98.206,98.421
2025-09-05 07:00:00,98.422,98.44,98.314,98.347
2025-09-05 11:00:00,98.347,98.347,98.263,98.263
2025-09-05 15:00:00,98.238,98.256,98.093,98.137
2025-09-05 19:00:00,98.137,98.166,98.067,98.123
2025-09-05 23:00:00,98.124,98.146,97.933,97.964
2025-09-06 03:00:00,97.963,98.065,97.43,97.6
2025-09-06 07:00:00,97.6,97.783,97.432,97.768
2025-09-06 11:00:00,97.767,97.793,97.714,97.736
2025-09-08 13:00:00,97.79,97.942,97.786,97.864
2025-09-08 17:00:00,97.864,97.896,97.807,97.84
2025-09-08 21:00:00,97.841,97.844,97.579,97.678
2025-09-09 01:00:00,97.678,97.757,97.565,97.595
2025-09-09 05:00:00,97.594,97.654,97.472,97.604
2025-09-09 09:00:00,97.604,97.647,97.418,97.448
2025-09-09 13:00:00,97.448,97.473,97.438,97.441
2025-09-09 15:00:00,97.381,97.423,97.324,97.387
2025-09-09 19:00:00,97.387,97.429,97.259,97.374
2025-09-09 23:00:00,97.372,97.517,97.253,97.383
2025-09-10 03:00:00,97.382,97.648,97.352,97.6
2025-09-10 07:00:00,97.6,97.801,97.597,97.788
2025-09-10 11:00:00,97.788,97.815,97.745,97.745
2025-09-10 15:00:00,97.831,97.908,97.769,97.77
2025-09-10 19:00:00,97.77,97.883,97.693,97.865
2025-09-10 23:00:00,97.862,97.932,97.696,97.807
2025-09-11 03:00:00,97.807,97.878,97.595,97.626
2025-09-11 07:00:00,97.626,97.806,97.612,97.78
2025-09-11 11:00:00,97.78,97.868,97.78,97.806
2025-09-11 15:00:00,97.786,97.864,97.772,97.846
2025-09-11 19:00:00,97.846,97.963,97.819,97.917
2025-09-11 23:00:00,97.917,98.036,97.881,97.99
2025-09-12 03:00:00,97.99,98.087,97.49,97.6
2025-09-12 07:00:00,97.6,97.627,97.473,97.531
2025-09-12 11:00:00,97.531,97.555,97.5,97.5
2025-09-12 15:00:00,97.518,97.646,97.518,97.625
2025-09-12 19:00:00,97.626,97.674,97.552,97.554
2025-09-12 23:00:00,97.556,97.785,97.491,97.622
2025-09-13 03:00:00,97.622,97.864,97.61,97.664
2025-09-13 07:00:00,97.665,97.793,97.546,97.55
2025-09-13 11:00:00,97.55,97.658,97.547,97.615
2025-09-15 13:00:00,97.626,97.688,97.607,97.644
2025-09-15 17:00:00,97.643,97.667,97.564,97.58
2025-09-15 21:00:00,97.58,97.702,97.492,97.547
2025-09-16 01:00:00,97.548,97.553,97.305,97.322
2025-09-16 05:00:00,97.321,97.46,97.273,97.38
2025-09-16 09:00:00,97.38,97.387,97.273,97.357
2025-09-16 13:00:00,97.356,97.356,97.319,97.344
2025-09-16 15:00:00,97.338,97.388,97.232,97.241
2025-09-16 19:00:00,97.241,97.255,97.108,97.136
2025-09-16 23:00:00,97.136,97.149,96.963,97.046
2025-09-17 03:00:00,97.046,97.143,96.724,96.732
2025-09-17 07:00:00,96.731,96.851,96.556,96.633
2025-09-17 11:00:00,96.634,96.698,96.622,96.656
2025-09-17 15:00:00,96.617,96.754,96.586,96.726
2025-09-17 19:00:00,96.726,96.753,96.69,96.719
2025-09-17 23:00:00,96.72,96.844,96.718,96.805
2025-09-18 03:00:00,96.805,96.838,96.668,96.742
2025-09-18 07:00:00,96.741,96.998,96.218,96.873
2025-09-18 11:00:00,96.874,97.072,96.719,97.015
2025-09-18 15:00:00,96.926,97.099,96.922,96.994
2025-09-18 19:00:00,96.994,97.311,96.971,97.219
2025-09-18 23:00:00,97.219,97.221,96.837,96.909
2025-09-19 03:00:00,96.909,97.604,96.902,97.426
2025-09-19 07:00:00,97.426,97.478,97.302,97.348
2025-09-19 11:00:00,97.348,97.401,97.324,97.363
2025-09-19 15:00:00,97.344,97.47,97.329,97.417
2025-09-19 19:00:00,97.417,97.549,97.27,97.512
2025-09-19 23:00:00,97.512,97.629,97.429,97.563
2025-09-20 03:00:00,97.564,97.809,97.505,97.574
2025-09-20 07:00:00,97.574,97.694,97.566,97.644
2025-09-20 11:00:00,97.644,97.692,97.621,97.647
2025-09-22 13:00:00,97.649,97.813,97.634,97.746
2025-09-22 17:00:00,97.746,97.823,97.702,97.79
2025-09-22 21:00:00,97.79,97.794,97.505,97.548
2025-09-23 01:00:00,97.548,97.566,97.392,97.422
2025-09-23 05:00:00,97.421,97.558,97.375,97.401
2025-09-23 09:00:00,97.401,97.416,97.305,97.306
2025-09-23 13:00:00,97.307,97.352,97.299,97.301
2025-09-23 15:00:00,97.318,97.355,97.199,97.319
2025-09-23 19:00:00,97.318,97.395,97.287,97.354
2025-09-23 23:00:00,97.356,97.456,97.229,97.326
2025-09-24 03:00:00,97.327,97.423,97.26,97.341
2025-09-24 07:00:00,97.341,97.412,97.206,97.264
2025-09-24 11:00:00,97.264,97.288,97.209,97.216
2025-09-24 15:00:00,97.239,97.362,97.221,97.356
2025-09-24 19:00:00,97.356,97.467,97.329,97.452
2025-09-24 23:00:00,97.452,97.716,97.413,97.714
2025-09-25 03:00:00,97.714,97.921,97.677,97.814
2025-09-25 07:00:00,97.814,97.913,97.798,97.873
2025-09-25 11:00:00,97.873,97.903,97.834,97.839
2025-09-25 15:00:00,97.819,97.846,97.752,97.774
2025-09-25 19:00:00,97.773,97.861,97.737,97.794
2025-09-25 23:00:00,97.794,97.914,97.761,97.81
2025-09-26 03:00:00,97.811,98.39,97.811,98.385
2025-09-26 07:00:00,98.385,98.605,98.339,98.553
2025-09-26 11:00:00,98.553,98.556,98.435,98.449
2025-09-26 15:00:00,98.495,98.53,98.369,98.388
2025-09-26 19:00:00,98.388,98.416,98.341,98.357
2025-09-26 23:00:00,98.358,98.511,98.308,98.496
2025-09-27 03:00:00,98.498,98.498,98.166,98.238
2025-09-27 07:00:00,98.24,98.279,98.134,98.152
2025-09-27 11:00:00,98.151,98.195,98.136,98.182
2025-09-29 13:00:00,98.165,98.181,98.002,98.013
2025-09-29 17:00:00,98.014,98.069,97.903,97.942
2025-09-29 21:00:00,97.943,98.015,97.867,97.922
2025-09-30 01:00:00,97.923,98.06,97.793,97.802
2025-09-30 05:00:00,97.802,97.971,97.774,97.92
2025-09-30 09:00:00,97.92,97.979,97.896,97.939
2025-09-30 13:00:00,97.939,97.955,97.932,97.936
2025-09-30 15:00:00,97.91,98.045,97.897,97.971
2025-09-30 19:00:00,97.971,97.983,97.774,97.809
2025-09-30 23:00:00,97.809,97.847,97.668,97.794
2025-10-01 03:00:00,97.794,97.965,97.689,97.704
2025-10-01 07:00:00,97.703,97.887,97.632,97.775
2025-10-01 11:00:00,97.775,97.838,97.768,97.792
2025-10-01 15:00:00,97.819,97.882,97.804,97.816
2025-10-01 19:00:00,97.817,97.849,97.508,97.553
2025-10-01 23:00:00,97.553,97.858,97.467,97.781
2025-10-02 03:00:00,97.781,97.801,97.462,97.618
2025-10-02 07:00:00,97.615,97.857,97.598,97.706
2025-10-02 11:00:00,97.706,97.776,97.691,97.704
2025-10-02 15:00:00,97.704,97.802,97.654,97.703
2025-10-02 19:00:00,97.703,97.765,97.638,97.667
2025-10-02 23:00:00,97.668,97.675,97.522,97.571
2025-10-03 03:00:00,97.572,97.986,97.558,97.936
2025-10-03 07:00:00,97.936,98.131,97.842,97.846
2025-10-03 11:00:00,97.846,97.902,97.807,97.855
2025-10-03 15:00:00,97.853,97.928,97.804,97.881
2025-10-03 19:00:00,97.882,97.95,97.842,97.906
2025-10-03 23:00:00,97.905,97.905,97.709,97.771
2025-10-04 03:00:00,97.771,97.826,97.6,97.718
2025-10-04 07:00:00,97.718,97.816,97.648,97.723
2025-10-04 11:00:00,97.723,97.739,97.684,97.712
2025-10-06 13:00:00,97.957,98.144,97.957,98.088
2025-10-06 17:00:00,98.088,98.134,98.001,98.112
2025-10-06 21:00:00,98.112,98.488,98.076,98.399
2025-10-07 01:00:00,98.399,98.499,98.232,98.242
2025-10-07 05:00:00,98.241,98.291,98.031,98.104
2025-10-07 09:00:00,98.104,98.131,98.07,98.104
2025-10-07 13:00:00,98.104,98.124,98.089,98.115
2025-10-07 15:00:00,98.094,98.218,98.093,98.19
2025-10-07 19:00:00,98.189,98.334,98.134,98.298
2025-10-07 23:00:00,98.298,98.47,98.294,98.394
2025-10-08 03:00:00,98.393,98.559,98.39,98.49
2025-10-08 07:00:00,98.49,98.59,98.366,98.578
2025-10-08 11:00:00,98.578,98.66,98.569,98.574
2025-10-08 15:00:00,98.61,98.907,98.591,98.866
2025-10-08 19:00:00,98.866,98.972,98.847,98.895
2025-10-08 23:00:00,98.895,98.989,98.765,98.799
2025-10-09 03:00:00,98.799,98.853,98.694,98.84
2025-10-09 07:00:00,98.84,99.06,98.84,98.915
2025-10-09 11:00:00,98.915,98.915,98.822,98.822
2025-10-09 15:00:00,98.843,98.859,98.7,98.724
2025-10-09 19:00:00,98.726,99.031,98.699,98.999
2025-10-09 23:00:00,98.999,99.102,98.853,98.928
2025-10-10 03:00:00,98.928,99.283,98.864,99.259
2025-10-10 07:00:00,99.259,99.563,99.254,99.538
2025-10-10 11:00:00,99.538,99.538,99.371,99.399
2025-10-10 15:00:00,99.393,99.429,99.325,99.348
2025-10-10 19:00:00,99.348,99.387,99.274,99.322
2025-10-10 23:00:00,99.323,99.407,99.208,99.361
2025-10-11 03:00:00,99.361,99.406,99.219,99.243
2025-10-11 07:00:00,99.244,99.244,98.839,98.978
2025-10-11 11:00:00,98.978,99.015,98.813,98.854
2025-10-13 13:00:00,98.943,99.129,98.936,98.938
2025-10-13 17:00:00,98.937,98.983,98.859,98.914
2025-10-13 21:00:00,98.914,99.217,98.834,99.18
2025-10-14 01:00:00,99.18,99.3,99.078,99.25
2025-10-14 05:00:00,99.252,99.346,99.193,99.227
2025-10-14 09:00:00,99.228,99.295,99.203,99.258
2025-10-14 13:00:00,99.259,99.269,99.233,99.247
2025-10-14 15:00:00,99.3,99.374,99.23,99.246
2025-10-14 19:00:00,99.246,99.331,99.07,99.287
2025-10-14 23:00:00,99.287,99.475,99.25,99.42
2025-10-15 03:00:00,99.421,99.472,99.134,99.146
2025-10-15 07:00:00,99.145,99.206,98.988,99.047
2025-10-15 11:00:00,99.047,99.101,99.001,99.033
2025-10-15 15:00:00,99.052,99.078,98.842,98.858
2025-10-15 19:00:00,98.859,98.912,98.743,98.778
2025-10-15 23:00:00,98.778,98.897,98.734,98.859
2025-10-16 03:00:00,98.86,98.994,98.813,98.852
2025-10-16 07:00:00,98.852,98.89,98.655,98.793
2025-10-16 11:00:00,98.792,98.794,98.665,98.666
2025-10-16 15:00:00,98.668,98.694,98.417,98.503
2025-10-16 19:00:00,98.504,98.653,98.494,98.63
2025-10-16 23:00:00,98.63,98.701,98.548,98.599
2025-10-17 03:00:00,98.599,98.683,98.43,98.436
2025-10-17 07:00:00,98.436,98.54,98.298,98.336
2025-10-17 11:00:00,98.337,98.375,98.305,98.338
2025-10-17 15:00:00,98.256,98.314,98.175,98.22
2025-10-17 19:00:00,98.221,98.225,98.03,98.138
2025-10-17 23:00:00,98.136,98.31,98.105,98.293
2025-10-18 03:00:00,98.292,98.554,98.246,98.498
2025-10-18 07:00:00,98.498,98.528,98.378,98.433
2025-10-18 11:00:00,98.432,98.551,98.409,98.541
2025-10-20 13:00:00,98.668,98.668,98.474,98.475
2025-10-20 17:00:00,98.474,98.551,98.393,98.416
2025-10-20 21:00:00,98.415,98.569,98.386,98.48
2025-10-21 01:00:00,98.479,98.628,98.444,98.545
2025-10-21 05:00:00,98.545,98.611,98.452,98.553
2025-10-21 09:00:00,98.553,98.646,98.538,98.625
2025-10-21 13:00:00,98.623,98.627,98.592,98.593
2025-10-21 15:00:00,98.614,98.725,98.507,98.717
2025-10-21 19:00:00,98.716,98.862,98.688,98.737
2025-10-21 23:00:00,98.737,98.957,98.707,98.875
2025-10-22 03:00:00,98.875,98.979,98.809,98.938
2025-10-22 07:00:00,98.938,98.956,98.782,98.934
2025-10-22 11:00:00,98.934,98.976,98.916,98.964
2025-10-22 15:00:00,98.967,98.983,98.866,98.879
2025-10-22 19:00:00,98.879,98.951,98.841,98.917
2025-10-22 23:00:00,98.917,99.098,98.898,99.087
2025-10-23 03:00:00,99.087,99.139,98.887,98.888
2025-10-23 07:00:00,98.889,98.913,98.786,98.897
2025-10-23 11:00:00,98.897,98.936,98.877,98.881
2025-10-23 15:00:00,98.915,99.065,98.915,99.054
2025-10-23 19:00:00,99.054,99.101,98.978,99.061
2025-10-23 23:00:00,99.061,99.137,98.977,99.123
2025-10-24 03:00:00,99.123,99.138,98.916,98.967
2025-10-24 07:00:00,98.966,99.044,98.933,98.936
2025-10-24 11:00:00,98.936,98.966,98.912,98.915
2025-10-24 15:00:00,98.94,99.043,98.893,99.04
2025-10-24 19:00:00,99.04,99.1,98.99,99.002
2025-10-24 23:00:00,98.999,99.074,98.902,99.031
2025-10-25 03:00:00,99.031,99.072,98.728,98.965
2025-10-25 07:00:00,98.965,99.006,98.899,98.952
2025-10-25 11:00:00,98.952,98.972,98.87,98.938
2025-10-27 17:00:00,98.844,98.99,98.84,98.967
2025-10-27 21:00:00,98.967,98.999,98.867,98.907
2025-10-28 01:00:00,98.908,98.919,98.729,98.819
2025-10-28 05:00:00,98.818,98.933,98.8,98.87
2025-10-28 09:00:00,98.87,98.904,98.77,98.819
2025-10-28 13:00:00,98.82,98.821,98.791,98.799
2025-10-28 15:00:00,98.746,98.797,98.638,98.716
2025-10-28 19:00:00,98.715,98.717,98.565,98.674
2025-10-28 23:00:00,98.674,98.773,98.628,98.637
2025-10-29 03:00:00,98.634,98.947,98.632,98.68
2025-10-29 07:00:00,98.679,98.73,98.622,98.667
2025-10-29 11:00:00,98.666,98.738,98.639,98.731
2025-10-29 15:00:00,98.737,98.799,98.624,98.754
2025-10-29 19:00:00,98.754,98.941,98.749,98.887
2025-10-29 23:00:00,98.888,99.009,98.803,98.813
2025-10-30 03:00:00,98.813,98.942,98.749,98.753
2025-10-30 07:00:00,98.753,99.319,98.639,99.22
2025-10-30 11:00:00,99.217,99.356,99.102,99.138
2025-10-30 15:00:00,99.136,99.198,98.997,99.012
2025-10-30 19:00:00,99.012,99.147,98.915,99.092
2025-10-30 23:00:00,99.092,99.262,99.074,99.259
2025-10-31 03:00:00,99.26,99.724,99.225,99.509
2025-10-31 07:00:00,99.509,99.587,99.456,99.526
2025-10-31 11:00:00,99.525,99.562,99.493,99.523
2025-10-31 15:00:00,99.494,99.517,99.416,99.502
2025-10-31 19:00:00,99.501,99.601,99.473,99.595
2025-10-31 23:00:00,99.595,99.663,99.497,99.549
2025-11-01 03:00:00,99.549,99.844,99.515,99.742
2025-11-01 07:00:00,99.742,99.843,99.687,99.804
2025-11-01 11:00:00,99.803,99.818,99.706,99.716
2025-11-03 14:00:00,99.754,99.839,99.731,99.805
2025-11-03 18:00:00,99.805,99.812,99.72,99.743
2025-11-03 22:00:00,99.743,99.923,99.708,99.904
2025-11-04 02:00:00,99.905,99.977,99.842,99.944
2025-11-04 06:00:00,99.944,99.988,99.738,99.82
2025-11-04 10:00:00,99.82,99.898,99.791,99.875
2025-11-04 14:00:00,99.874,99.882,99.868,99.881
2025-11-04 16:00:00,99.982,100.048,99.892,99.918
2025-11-04 20:00:00,99.918,99.955,99.743,99.806
2025-11-05 00:00:00,99.806,100.101,99.792,100.101
2025-11-05 04:00:00,100.101,100.215,100.029,100.081
2025-11-05 08:00:00,100.082,100.227,100.053,100.224
2025-11-05 12:00:00,100.225,100.255,100.183,100.198
2025-11-05 16:00:00,100.18,100.2,100.059,100.157
2025-11-05 20:00:00,100.158,100.207,100.115,100.172
2025-11-06 00:00:00,100.172,100.268,100.097,100.181
2025-11-06 04:00:00,100.181,100.36,100.146,100.273
2025-11-06 08:00:00,100.273,100.34,100.19,100.204
2025-11-06 12:00:00,100.204,100.204,100.148,100.163
2025-11-06 16:00:00,100.108,100.108,100.025,100.045
2025-11-06 20:00:00,100.045,100.079,99.989,100.028
2025-11-07 00:00:00,100.028,100.035,99.889,99.919
2025-11-07 04:00:00,99.92,99.981,99.735,99.797
2025-11-07 08:00:00,99.796,99.861,99.671,99.733
2025-11-07 12:00:00,99.732,99.739,99.69,99.695
2025-11-07 16:00:00,99.759,99.808,99.737,99.784
2025-11-07 20:00:00,99.784,99.865,99.784,99.831
2025-11-08 00:00:00,99.831,99.872,99.643,99.662
2025-11-08 04:00:00,99.662,99.691,99.398,99.535
2025-11-08 08:00:00,99.534,99.626,99.417,99.603
2025-11-08 12:00:00,99.603,99.614,99.535,99.556
2025-11-10 14:00:00,99.628,99.742,99.621,99.639
2025-11-10 18:00:00,99.638,99.697,99.58,99.615
2025-11-10 22:00:00,99.615,99.699,99.455,99.568
2025-11-11 02:00:00,99.567,99.677,99.481,99.549
2025-11-11 06:00:00,99.549,99.732,99.549,99.585
2025-11-11 10:00:00,99.584,99.64,99.552,99.625
2025-11-11 14:00:00,99.625,99.628,99.61,99.622
2025-11-11 16:00:00,99.66,99.738,99.645,99.659
2025-11-11 20:00:00,99.66,99.732,99.599,99.663
2025-11-12 00:00:00,99.662,99.718,99.538,99.563
2025-11-12 04:00:00,99.564,99.587,99.287,99.369
2025-11-12 08:00:00,99.369,99.448,99.336,99.443
2025-11-12 12:00:00,99.443,99.488,99.41,99.464
2025-11-12 16:00:00,99.455,99.551,99.455,99.53
2025-11-12 20:00:00,99.531,99.617,99.464,99.51
2025-11-13 00:00:00,99.508,99.657,99.474,99.555
2025-11-13 04:00:00,99.553,99.71,99.447,99.45
2025-11-13 08:00:00,99.452,99.505,99.418,99.495
2025-11-13 12:00:00,99.495,99.528,99.463,99.47
2025-11-13 16:00:00,99.516,99.591,99.464,99.494
2025-11-13 20:00:00,99.494,99.582,99.339,99.344
2025-11-14 00:00:00,99.344,99.373,99.152,99.359
2025-11-14 04:00:00,99.359,99.364,99.068,99.093
2025-11-14 08:00:00,99.093,99.159,98.991,99.156
2025-11-14 12:00:00,99.156,99.232,99.135,99.228
2025-11-14 16:00:00,99.255,99.273,99.111,99.182
2025-11-14 20:00:00,99.182,99.243,99.113,99.242
2025-11-15 00:00:00,99.242,99.404,99.158,99.328
2025-11-15 04:00:00,99.328,99.38,98.992,99.331
2025-11-15 08:00:00,99.33,99.38,99.252,99.299
2025-11-15 12:00:00,99.3,99.311,99.258,99.273
2025-11-17 14:00:00,99.266,99.388,99.245,99.379
2025-11-17 18:00:00,99.377,99.467,99.377,99.434
2025-11-17 22:00:00,99.433,99.477,99.291,99.395
2025-11-18 02:00:00,99.395,99.49,99.352,99.472
2025-11-18 06:00:00,99.472,99.561,99.43,99.478
2025-11-18 10:00:00,99.478,99.598,99.473,99.536
2025-11-18 14:00:00,99.536,99.543,99.521,99.531
2025-11-18 16:00:00,99.564,99.59,99.497,99.53
2025-11-18 20:00:00,99.53,99.557,99.43,99.518
2025-11-19 00:00:00,99.519,99.622,99.4,99.593
2025-11-19 04:00:00,99.594,99.606,99.396,99.589
2025-11-19 08:00:00,99.589,99.661,99.54,99.55
2025-11-19 12:00:00,99.55,99.61,99.538,99.596
2025-11-19 16:00:00,99.578,99.668,99.56,99.576
2025-11-19 20:00:00,99.576,99.634,99.494,99.606
2025-11-20 00:00:00,99.603,99.792,99.547,99.66
2025-11-20 04:00:00,99.66,100.039,99.628,99.988
2025-11-20 08:00:00,99.989,100.243,99.985,100.228
2025-11-20 12:00:00,100.228,100.233,100.098,100.115
2025-11-20 16:00:00,100.173,100.321,100.13,100.298
2025-11-20 20:00:00,100.298,100.312,100.236,100.241
2025-11-21 00:00:00,100.241,100.297,100.154,100.285
2025-11-21 04:00:00,100.285,100.36,100.028,100.202
2025-11-21 08:00:00,100.202,100.254,100.092,100.158
2025-11-21 12:00:00,100.159,100.264,100.154,100.214
2025-11-21 16:00:00,100.161,100.189,100.122,100.144
2025-11-21 20:00:00,100.144,100.145,100.033,100.087
2025-11-22 00:00:00,100.087,100.338,99.99,100.333
2025-11-22 04:00:00,100.333,100.395,100.132,100.304
2025-11-22 08:00:00,100.304,100.379,100.142,100.18
2025-11-22 12:00:00,100.18,100.216,100.134,100.196
2025-11-24 14:00:00,100.201,100.297,100.194,100.247
2025-11-24 18:00:00,100.247,100.247,100.111,100.15
2025-11-24 22:00:00,100.151,100.269,100.098,100.152
2025-11-25 02:00:00,100.152,100.152,100.011,100.098
2025-11-25 06:00:00,100.099,100.28,100.085,100.224
2025-11-25 10:00:00,100.223,100.226,100.132,100.203
2025-11-25 14:00:00,100.202,100.202,100.161,100.183
2025-11-25 16:00:00,100.211,100.224,100.11,100.22
2025-11-25 20:00:00,100.22,100.261,100.119,100.173
2025-11-26 00:00:00,100.172,100.19,100.021,100.156
2025-11-26 04:00:00,100.156,100.172,99.698,99.862
2025-11-26 08:00:00,99.861,99.95,99.654,99.664
2025-11-26 12:00:00,99.664,99.894,99.658,99.792
2025-11-26 16:00:00,99.841,99.874,99.614,99.624
2025-11-26 20:00:00,99.623,99.786,99.602,99.75
2025-11-27 00:00:00,99.75,99.864,99.727,99.802
2025-11-27 04:00:00,99.803,99.959,99.62,99.643
2025-11-27 08:00:00,99.643,99.66,99.555,99.595
2025-11-27 12:00:00,99.596,99.608,99.557,99.56
2025-11-27 16:00:00,99.503,99.51,99.406,99.491
2025-11-27 20:00:00,99.491,99.629,99.433,99.571
2025-11-28 00:00:00,99.571,99.709,99.547,99.634
2025-11-28 04:00:00,99.634,99.656,99.53,99.559
2025-11-28 08:00:00,99.558,99.596,99.517,99.564
2025-11-28 12:00:00,99.564,99.568,99.533,99.533
2025-11-28 16:00:00,99.568,99.652,99.538,99.6
2025-11-28 20:00:00,99.598,99.692,99.568,99.686
2025-11-29 00:00:00,99.684,99.816,99.672,99.709
2025-11-29 04:00:00,99.734,99.768,99.377,99.377
2025-11-29 08:00:00,99.377,99.523,99.376,99.444
2025-11-29 12:00:00,99.444,99.486,99.428,99.479
2025-12-01 14:00:00,99.48,99.491,99.317,99.394
2025-12-01 18:00:00,99.394,99.499,99.383,99.463
2025-12-01 22:00:00,99.462,99.513,99.279,99.286
2025-12-02 02:00:00,99.287,99.32,99.009,99.075
2025-12-02 06:00:00,99.075,99.331,99.074,99.311
2025-12-02 10:00:00,99.311,99.429,99.296,99.408
2025-12-02 14:00:00,99.407,99.418,99.398,99.407
2025-12-02 16:00:00,99.446,99.476,99.395,99.4
2025-12-02 20:00:00,99.4,99.465,99.379,99.413
2025-12-03 00:00:00,99.413,99.555,99.396,99.46
2025-12-03 04:00:00,99.46,99.567,99.379,99.45
2025-12-03 08:00:00,99.451,99.565,99.329,99.357
2025-12-03 12:00:00,99.357,99.368,99.315,99.319
2025-12-03 16:00:00,99.282,99.288,99.216,99.222
2025-12-03 20:00:00,99.222,99.239,99.102,99.195
2025-12-04 00:00:00,99.194,99.22,98.968,98.969
2025-12-04 04:00:00,98.969,99.047,98.885,98.949
2025-12-04 08:00:00,98.949,98.966,98.82,98.854
2025-12-04 12:00:00,98.854,98.918,98.848,98.868
2025-12-04 16:00:00,98.92,99.027,98.908,98.996
2025-12-04 20:00:00,98.996,99.02,98.936,98.94
2025-12-05 00:00:00,98.94,98.942,98.777,98.777
2025-12-05 04:00:00,98.777,98.99,98.765,98.795
2025-12-05 08:00:00,98.795,99.005,98.795,98.989
2025-12-05 12:00:00,98.99,99.082,98.99,99.069
2025-12-05 16:00:00,99.04,99.05,98.984,99.033
2025-12-05 20:00:00,99.034,99.034,98.807,98.889
2025-12-06 00:00:00,98.889,99.073,98.882,99.026
2025-12-06 04:00:00,99.026,99.046,98.882,98.967
2025-12-06 08:00:00,98.966,99.125,98.954,98.992
2025-12-06 12:00:00,98.992,99.017,98.962,98.986
2025-12-08 14:00:00,98.967,99.022,98.885,98.896
2025-12-08 18:00:00,98.896,98.926,98.875,98.896
2025-12-08 22:00:00,98.896,98.99,98.794,98.984
2025-12-09 02:00:00,98.985,99.015,98.923,98.995
2025-12-09 06:00:00,98.995,99.227,98.932,99.069
2025-12-09 10:00:00,99.069,99.125,99.048,99.107
2025-12-09 14:00:00,99.107,99.115,99.095,99.097
2025-12-09 16:00:00,99.052,99.122,99.016,99.04
2025-12-09 20:00:00,99.039,99.111,99.012,99.106
2025-12-10 00:00:00,99.105,99.147,98.954,99.064
2025-12-10 04:00:00,99.063,99.312,99.057,99.228
2025-12-10 08:00:00,99.227,99.307,99.129,99.22
2025-12-10 12:00:00,99.22,99.254,99.195,99.243
2025-12-10 16:00:00,99.215,99.256,99.208,99.217
2025-12-10 20:00:00,99.217,99.227,99.077,99.082
2025-12-11 00:00:00,99.082,99.214,99.018,99.153
2025-12-11 04:00:00,99.153,99.195,99.011,99.072
2025-12-11 08:00:00,99.073,99.11,98.767,98.786
2025-12-11 12:00:00,98.785,98.821,98.592,98.636
2025-12-11 16:00:00,98.555,98.68,98.537,98.667
2025-12-11 20:00:00,98.667,98.763,98.635,98.689
2025-12-12 00:00:00,98.689,98.723,98.49,98.513
2025-12-12 04:00:00,98.513,98.542,98.161,98.171
2025-12-12 08:00:00,98.173,98.348,98.134,98.346
2025-12-12 12:00:00,98.346,98.38,98.301,98.334
2025-12-12 16:00:00,98.316,98.397,98.296,98.381
2025-12-12 20:00:00,98.381,98.406,98.317,98.36
2025-12-13 00:00:00,98.36,98.5,98.329,98.457
2025-12-13 04:00:00,98.457,98.531,98.349,98.437
2025-12-13 08:00:00,98.436,98.514,98.323,98.399
2025-12-13 12:00:00,98.4,98.418,98.348,98.392
2025-12-15 14:00:00,98.401,98.477,98.353,98.355
2025-12-15 18:00:00,98.356,98.415,98.316,98.354
2025-12-15 22:00:00,98.355,98.418,98.293,98.294
2025-12-16 02:00:00,98.294,98.354,98.197,98.299
2025-12-16 06:00:00,98.299,98.35,98.136,98.344
2025-12-16 10:00:00,98.343,98.398,98.276,98.277
2025-12-16 14:00:00,98.277,98.306,98.249,98.253
2025-12-16 16:00:00,98.268,98.318,98.205,98.269
2025-12-16 20:00:00,98.267,98.32,98.243,98.269
2025-12-17 00:00:00,98.269,98.295,98.159,98.16
2025-12-17 04:00:00,98.159,98.194,97.869,98.107
2025-12-17 08:00:00,98.106,98.297,98.013,98.146
2025-12-17 12:00:00,98.145,98.243,98.101,98.211
2025-12-17 16:00:00,98.208,98.316,98.175,98.295
2025-12-17 20:00:00,98.294,98.632,98.291,98.585
2025-12-18 00:00:00,98.583,98.639,98.494,98.608
2025-12-18 04:00:00,98.607,98.609,98.243,98.279
2025-12-18 08:00:00,98.278,98.395,98.253,98.368
2025-12-18 12:00:00,98.368,98.41,98.352,98.394
2025-12-18 16:00:00,98.378,98.443,98.343,98.42
2025-12-18 20:00:00,98.42,98.442,98.348,98.438
2025-12-19 00:00:00,98.438,98.562,98.418,98.519
2025-12-19 04:00:00,98.519,98.546,98.173,98.404
2025-12-19 08:00:00,98.404,98.517,98.28,98.427
2025-12-19 12:00:00,98.428,98.47,98.409,98.418
2025-12-19 16:00:00,98.462,98.531,98.42,98.494
2025-12-19 20:00:00,98.494,98.689,98.474,98.668
2025-12-20 00:00:00,98.669,98.719,98.604,98.695
2025-12-20 04:00:00,98.695,98.749,98.5,98.706
2025-12-20 08:00:00,98.705,98.711,98.567,98.599
2025-12-20 12:00:00,98.599,98.743,98.58,98.718
2025-12-22 14:00:00,98.666,98.728,98.61,98.618
2025-12-22 18:00:00,98.618,98.652,98.582,98.62
2025-12-22 22:00:00,98.619,98.653,98.481,98.518
2025-12-23 02:00:00,98.518,98.518,98.323,98.36
2025-12-23 06:00:00,98.36,98.401,98.197,98.246
2025-12-23 10:00:00,98.246,98.332,98.246,98.262
2025-12-23 14:00:00,98.263,98.287,98.24,98.24
2025-12-23 16:00:00,98.197,98.197,98.064,98.071
2025-12-23 20:00:00,98.071,98.127,98.027,98.046
2025-12-24 00:00:00,98.046,98.066,97.854,97.905
2025-12-24 04:00:00,97.905,98.142,97.852,98.07
2025-12-24 08:00:00,98.07,98.101,97.938,97.942
2025-12-24 12:00:00,97.942,97.965,97.88,97.884
2025-12-24 16:00:00,97.888,97.914,97.749,97.911
2025-12-24 20:00:00,97.91,97.929,97.792,97.895
2025-12-25 00:00:00,97.896,97.964,97.796,97.867
2025-12-25 04:00:00,97.867,97.973,97.862,97.945
2025-12-25 08:00:00,97.945,98.012,97.926,97.941
2025-12-25 12:00:00,97.941,97.969,97.938,97.949
2025-12-26 16:00:00,97.915,97.972,97.895,97.946
2025-12-26 20:00:00,97.946,98.075,97.931,98.054
2025-12-27 00:00:00,98.055,98.1,97.99,98.023
2025-12-27 04:00:00,98.023,98.062,97.859,97.991
2025-12-27 08:00:00,97.991,98.134,97.975,98.022
2025-12-27 12:00:00,98.021,98.085,97.985,98.054
2025-12-29 14:00:00,98.049,98.049,97.931,97.945
2025-12-29 18:00:00,97.947,98.146,97.94,98.121
2025-12-29 22:00:00,98.122,98.133,97.915,98.019
2025-12-30 02:00:00,98.02,98.174,97.982,98.06
2025-12-30 06:00:00,98.06,98.177,97.916,98.158
2025-12-30 10:00:00,98.158,98.169,97.994,98.007
2025-12-30 14:00:00,98.007,98.047,98.001,98.014
2025-12-30 16:00:00,98.01,98.058,97.995,98.029
2025-12-30 20:00:00,98.029,98.052,97.946,98.015
2025-12-31 00:00:00,98.016,98.052,97.939,98.042
2025-12-31 04:00:00,98.043,98.269,98.04,98.14
2025-12-31 08:00:00,98.139,98.25,98.086,98.238
2025-12-31 12:00:00,98.238,98.257,98.208,98.217
2025-12-31 16:00:00,98.247,98.287,98.214,98.261
2025-12-31 20:00:00,98.261,98.363,98.261,98.317
2026-01-01 00:00:00,98.317,98.436,98.258,98.259
2026-01-01 04:00:00,98.259,98.499,98.176,98.299
2026-01-01 08:00:00,98.3,98.412,98.263,98.322
2026-01-01 12:00:00,98.322,98.323,98.224,98.282
2026-01-02 16:00:00,98.235,98.235,98.145,98.157
2026-01-02 20:00:00,98.157,98.374,98.157,98.345
2026-01-03 00:00:00,98.344,98.492,98.323,98.455
2026-01-03 04:00:00,98.455,98.481,98.197,98.209
2026-01-03 08:00:00,98.209,98.494,98.188,98.424
2026-01-03 12:00:00,98.424,98.477,98.405,98.433
2026-01-05 14:00:00,98.481,98.596,98.471,98.581
2026-01-05 18:00:00,98.581,98.796,98.572,98.703
2026-01-05 22:00:00,98.703,98.762,98.6,98.692
2026-01-06 02:00:00,98.692,98.861,98.577,98.729
2026-01-06 06:00:00,98.729,98.736,98.319,98.36
2026-01-06 10:00:00,98.36,98.37,98.251,98.322
2026-01-06 14:00:00,98.321,98.36,98.317,98.358
2026-01-06 16:00:00,98.411,98.425,98.199,98.227
2026-01-06 20:00:00,98.227,98.283,98.161,98.262
2026-01-07 00:00:00,98.262,98.449,98.182,98.436
2026-01-07 04:00:00,98.435,98.624,98.344,98.537
2026-01-07 08:00:00,98.536,98.626,98.502,98.58
2026-01-07 12:00:00,98.579,98.62,98.55,98.595
2026-01-07 16:00:00,98.579,98.602,98.508,98.522
2026-01-07 20:00:00,98.523,98.658,98.497,98.635
2026-01-08 00:00:00,98.635,98.69,98.542,98.579
2026-01-08 04:00:00,98.578,98.665,98.507,98.602
2026-01-08 08:00:00,98.602,98.706,98.578,98.684
2026-01-08 12:00:00,98.684,98.751,98.671,98.73
2026-01-08 16:00:00,98.736,98.779,98.679,98.706
2026-01-08 20:00:00,98.706,98.742,98.686,98.733
2026-01-09 00:00:00,98.733,98.827,98.723,98.753
2026-01-09 04:00:00,98.752,98.929,98.741,98.824
2026-01-09 08:00:00,98.824,98.984,98.816,98.934
2026-01-09 12:00:00,98.933,98.937,98.839,98.845
2026-01-09 16:00:00,98.912,98.993,98.9,98.927
2026-01-09 20:00:00,98.926,99.058,98.92,98.981
2026-01-10 00:00:00,98.981,99.091,98.962,99.023
2026-01-10 04:00:00,99.023,99.264,98.896,99.085
2026-01-10 08:00:00,99.086,99.189,99.06,99.133
2026-01-10 12:00:00,99.133,99.183,99.113,99.138
2026-01-12 14:00:00,99.165,99.246,98.851,98.97
2026-01-12 18:00:00,98.97,99.038,98.907,98.916
2026-01-12 22:00:00,98.916,98.953,98.705,98.812
2026-01-13 02:00:00,98.812,98.859,98.672,98.715
2026-01-13 06:00:00,98.715,98.909,98.712,98.88
2026-01-13 10:00:00,98.88,98.922,98.85,98.901
2026-01-13 14:00:00,98.9,98.9,98.874,98.892
2026-01-13 16:00:00,98.898,98.992,98.898,98.988
2026-01-13 20:00:00,98.988,99.032,98.922,98.98
2026-01-14 00:00:00,98.98,99.022,98.906,98.946
2026-01-14 04:00:00,98.946,99.148,98.853,99.083
2026-01-14 08:00:00,99.082,99.227,99.062,99.134
2026-01-14 12:00:00,99.134,99.188,99.123,99.174
2026-01-14 16:00:00,99.186,99.248,99.122,99.136
2026-01-14 20:00:00,99.136,99.193,99.099,99.145
2026-01-15 00:00:00,99.145,99.176,99.02,99.09
2026-01-15 04:00:00,99.089,99.107,98.942,98.945
2026-01-15 08:00:00,98.945,99.141,98.933,99.133
2026-01-15 12:00:00,99.133,99.134,99.051,99.058
2026-01-15 16:00:00,99.129,99.156,99.086,99.136
2026-01-15 20:00:00,99.137,99.232,99.129,99.192
2026-01-16 00:00:00,99.192,99.219,99.095,99.187
2026-01-16 04:00:00,99.186,99.492,99.16,99.378
2026-01-16 08:00:00,99.378,99.409,99.287,99.321
2026-01-16 12:00:00,99.321,99.395,99.308,99.355
2026-01-16 16:00:00,99.369,99.402,99.264,99.275
2026-01-16 20:00:00,99.274,99.367,99.266,99.294
2026-01-17 00:00:00,99.294,99.316,99.188,99.22
2026-01-17 04:00:00,99.22,99.483,99.163,99.406
2026-01-17 08:00:00,99.405,99.45,99.31,99.393
2026-01-17 12:00:00,99.393,99.395,99.349,99.375
2026-01-19 14:00:00,99.436,99.468,99.057,99.177
2026-01-19 18:00:00,99.176,99.243,99.085,99.161
2026-01-19 22:00:00,99.161,99.284,99.061,99.178
2026-01-20 02:00:00,99.177,99.214,99.094,99.121
2026-01-20 06:00:00,99.121,99.131,99.016,99.026
2026-01-20 10:00:00,99.026,99.067,99.006,99.046
2026-01-20 14:00:00,99.046,99.056,99.03,99.045
2026-01-20 16:00:00,99.138,99.139,98.935,98.952
2026-01-20 20:00:00,98.952,98.972,98.726,98.751
2026-01-21 00:00:00,98.751,98.758,98.405,98.441
2026-01-21 04:00:00,98.441,98.596,98.246,98.509
2026-01-21 08:00:00,98.51,98.649,98.394,98.641
2026-01-21 12:00:00,98.642,98.656,98.54,98.558
2026-01-21 16:00:00,98.605,98.639,98.454,98.582
2026-01-21 20:00:00,98.583,98.631,98.525,98.569
2026-01-22 00:00:00,98.572,98.712,98.561,98.612
2026-01-22 04:00:00,98.609,98.675,98.384,98.667
2026-01-22 08:00:00,98.667,98.868,98.6,98.761
2026-01-22 12:00:00,98.761,98.868,98.754,98.789
2026-01-22 16:00:00,98.787,98.811,98.729,98.772
2026-01-22 20:00:00,98.772,98.827,98.723,98.768
2026-01-23 00:00:00,98.768,98.827,98.666,98.693
2026-01-23 04:00:00,98.693,98.719,98.437,98.439
2026-01-23 08:00:00,98.439,98.47,98.312,98.359
2026-01-23 12:00:00,98.359,98.372,98.262,98.266
2026-01-23 16:00:00,98.333,98.392,98.297,98.384
2026-01-23 20:00:00,98.384,98.481,98.259,98.407
2026-01-24 00:00:00,98.406,98.452,98.296,98.342
2026-01-24 04:00:00,98.343,98.377,98.147,98.159
2026-01-24 08:00:00,98.159,98.245,97.557,97.599
2026-01-24 12:00:00,97.6,97.605,97.425,97.456
2026-01-26 14:00:00,97.025,97.333,96.949,97.16
2026-01-26 18:00:00,97.16,97.173,96.997,97.085
2026-01-26 22:00:00,97.085,97.287,97.023,97.056
2026-01-27 02:00:00,97.057,97.323,97.043,97.175
2026-01-27 06:00:00,97.175,97.199,96.806,97.015
2026-01-27 10:00:00,97.015,97.106,96.936,97.044
2026-01-27 14:00:00,97.042,97.074,97.037,97.057
2026-01-27 16:00:00,97.054,97.11,96.918,97.075
2026-01-27 20:00:00,97.075,97.214,97.058,97.192
2026-01-28 00:00:00,97.192,97.286,96.871,96.882
2026-01-28 04:00:00,96.882,96.896,96.252,96.423
2026-01-28 08:00:00,96.422,96.43,96.137,96.217
2026-01-28 12:00:00,96.217,96.247,95.551,95.816
2026-01-28 16:00:00,95.965,96.19,95.951,96.095
2026-01-28 20:00:00,96.096,96.208,95.859,96.106
2026-01-29 00:00:00,96.105,96.285,96.003,96.25
2026-01-29 04:00:00,96.25,96.563,96.121,96.426
2026-01-29 08:00:00,96.426,96.787,96.378,96.446
2026-01-29 12:00:00,96.447,96.512,96.336,96.336
2026-01-29 16:00:00,96.16,96.354,96.075,96.076
2026-01-29 20:00:00,96.077,96.231,96.016,96.184
2026-01-30 00:00:00,96.187,96.458,96.096,96.388
2026-01-30 04:00:00,96.388,96.656,96.157,96.453
2026-01-30 08:00:00,96.453,96.463,96.2,96.283
2026-01-30 12:00:00,96.284,96.328,96.151,96.164
2026-01-30 16:00:00,96.165,96.738,96.165,96.573
2026-01-30 20:00:00,96.574,96.628,96.417,96.463
2026-01-31 00:00:00,96.462,96.76,96.367,96.373
2026-01-31 04:00:00,96.374,96.869,96.32,96.762
2026-01-31 08:00:00,96.763,97.102,96.756,96.991
2026-01-31 12:00:00,96.991,97.149,96.987,97.147
2026-02-02 14:00:00,97.185,97.298,97.008,97.054
2026-02-02 18:00:00,97.055,97.271,97.028,97.201
2026-02-02 22:00:00,97.202,97.249,97.059,97.084
2026-02-03 02:00:00,97.084,97.445,97.03,97.421
2026-02-03 06:00:00,97.422,97.668,97.35,97.566
2026-02-03 10:00:00,97.565,97.733,97.557,97.608
2026-02-03 14:00:00,97.609,97.632,97.6,97.604
2026-02-03 16:00:00,97.519,97.538,97.432,97.456
2026-02-03 20:00:00,97.457,97.487,97.34,97.398
2026-02-04 00:00:00,97.399,97.689,97.385,97.652
2026-02-04 04:00:00,97.653,97.692,97.406,97.408
2026-02-04 08:00:00,97.408,97.484,97.298,97.437
2026-02-04 12:00:00,97.436,97.46,97.342,97.381
2026-02-04 16:00:00,97.429,97.463,97.334,97.388
2026-02-04 20:00:00,97.389,97.413,97.314,97.363
2026-02-05 00:00:00,97.363,97.596,97.309,97.545
2026-02-05 04:00:00,97.546,97.688,97.407,97.673
2026-02-05 08:00:00,97.673,97.73,97.544,97.616
2026-02-05 12:00:00,97.616,97.677,97.609,97.643
2026-02-05 16:00:00,97.673,97.812,97.629,97.767
2026-02-05 20:00:00,97.766,97.818,97.699,97.742
2026-02-06 00:00:00,97.743,97.915,97.673,97.78
2026-02-06 04:00:00,97.781,97.902,97.607,97.848
2026-02-06 08:00:00,97.848,97.898,97.746,97.824
2026-02-06 12:00:00,97.823,97.986,97.815,97.946
2026-02-06 16:00:00,97.973,97.973,97.834,97.863
2026-02-06 20:00:00,97.863,97.863,97.754,97.841
2026-02-07 00:00:00,97.84,97.876,97.786,97.833
2026-02-07 04:00:00,97.833,97.85,97.559,97.597
2026-02-07 08:00:00,97.596,97.684,97.587,97.633
2026-02-07 12:00:00,97.633,97.685,97.598,97.681
2026-02-09 14:00:00,97.7,97.761,97.481,97.572
2026-02-09 18:00:00,97.572,97.654,97.489,97.514
2026-02-09 22:00:00,97.515,97.516,97.291,97.368
2026-02-10 02:00:00,97.368,97.426,96.999,97.004
2026-02-10 06:00:00,97.004,97.033,96.837,96.93
2026-02-10 10:00:00,96.93,96.965,96.793,96.854
2026-02-10 14:00:00,96.855,96.89,96.855,96.87
2026-02-10 16:00:00,96.997,97.007,96.791,96.839
2026-02-10 20:00:00,96.838,96.944,96.825,96.897
2026-02-11 00:00:00,96.897,96.951,96.799,96.893
2026-02-11 04:00:00,96.893,96.958,96.609,96.694
2026-02-11 08:00:00,96.694,96.926,96.688,96.799
2026-02-11 12:00:00,96.798,96.893,96.789,96.893
2026-02-11 16:00:00,96.914,96.914,96.637,96.65
2026-02-11 20:00:00,96.65,96.668,96.494,96.575
2026-02-12 00:00:00,96.574,96.674,96.494,96.652
2026-02-12 04:00:00,96.652,97.272,96.643,97.037
2026-02-12 08:00:00,97.036,97.074,96.696,96.834
2026-02-12 12:00:00,96.833,96.946,96.825,96.908
2026-02-12 16:00:00,96.96,96.96,96.774,96.856
2026-02-12 20:00:00,96.856,97.074,96.825,96.882
2026-02-13 00:00:00,96.882,96.91,96.765,96.8
2026-02-13 04:00:00,96.8,96.985,96.754,96.774
2026-02-13 08:00:00,96.773,97.03,96.744,96.925
2026-02-13 12:00:00,96.925,96.973,96.894,96.921
2026-02-13 16:00:00,96.937,97.009,96.897,96.96
2026-02-13 20:00:00,96.959,97.156,96.948,97.053
2026-02-14 00:00:00,97.053,97.081,96.981,97.061
2026-02-14 04:00:00,97.061,97.09,96.85,97.087
2026-02-14 08:00:00,97.088,97.095,96.802,96.915
2026-02-14 12:00:00,96.916,96.936,96.835,96.882
2026-02-16 14:00:00,96.875,96.997,96.875,96.936
2026-02-16 18:00:00,96.935,96.987,96.917,96.962
2026-02-16 22:00:00,96.962,97.017,96.907,97.001
2026-02-17 02:00:00,97.002,97.097,96.982,97.051
2026-02-17 06:00:00,97.05,97.12,96.987,97.104
2026-02-17 10:00:00,97.104,97.104,97.057,97.088
2026-02-17 14:00:00,97.088,97.1,97.078,97.1
2026-02-17 16:00:00,97.124,97.147,97.083,97.128
2026-02-17 20:00:00,97.128,97.247,97.077,97.221
2026-02-18 00:00:00,97.221,97.278,97.072,97.235
2026-02-18 04:00:00,97.235,97.546,97.199,97.497
2026-02-18 08:00:00,97.497,97.5,97.136,97.155
2026-02-18 12:00:00,97.156,97.172,97.107,97.107
2026-02-18 16:00:00,97.142,97.247,97.118,97.244
2026-02-18 20:00:00,97.245,97.302,97.186,97.283
2026-02-19 00:00:00,97.285,97.328,97.229,97.258
2026-02-19 04:00:00,97.258,97.479,97.163,97.41
2026-02-19 08:00:00,97.409,97.732,97.37,97.703
2026-02-19 12:00:00,97.703,97.742,97.679,97.696
2026-02-19 16:00:00,97.732,97.757,97.662,97.728
2026-02-19 20:00:00,97.728,97.777,97.613,97.631
2026-02-20 00:00:00,97.631,97.793,97.572,97.767
2026-02-20 04:00:00,97.767,98.074,97.757,97.902
2026-02-20 08:00:00,97.902,97.962,97.822,97.925
2026-02-20 12:00:00,97.924,97.926,97.8,97.819
2026-02-20 16:00:00,97.898,98.002,97.842,97.965
2026-02-20 20:00:00,97.966,98.025,97.882,98.018
2026-02-21 00:00:00,98.018,98.078,97.87,97.886
2026-02-21 04:00:00,97.886,98.001,97.589,97.712
2026-02-21 08:00:00,97.712,97.903,97.632,97.796
2026-02-21 12:00:00,97.796,97.821,97.706,97.789
2026-02-23 14:00:00,97.698,97.705,97.355,97.426
2026-02-23 18:00:00,97.426,97.521,97.381,97.488
2026-02-23 22:00:00,97.486,97.643,97.374,97.634
2026-02-24 02:00:00,97.634,97.853,97.631,97.659
2026-02-24 06:00:00,97.658,97.702,97.532,97.634
2026-02-24 10:00:00,97.633,97.747,97.624,97.737
2026-02-24 14:00:00,97.736,97.736,97.696,97.696
2026-02-24 16:00:00,97.698,97.882,97.695,97.843
2026-02-24 20:00:00,97.842,97.949,97.789,97.916
2026-02-25 00:00:00,97.915,97.957,97.774,97.873
2026-02-25 04:00:00,97.873,97.986,97.837,97.892
2026-02-25 08:00:00,97.892,97.897,97.746,97.843
2026-02-25 12:00:00,97.843,97.9,97.804,97.882
2026-02-25 16:00:00,97.854,97.867,97.696,97.767
2026-02-25 20:00:00,97.767,97.795,97.643,97.725
2026-02-26 00:00:00,97.725,98.002,97.707,97.966
2026-02-26 04:00:00,97.965,97.97,97.735,97.739
2026-02-26 08:00:00,97.739,97.75,97.622,97.7
2026-02-26 12:00:00,97.7,97.716,97.636,97.643
2026-02-26 16:00:00,97.591,97.617,97.489,97.592
2026-02-26 20:00:00,97.592,97.655,97.535,97.602
2026-02-27 00:00:00,97.602,97.762,97.601,97.739
2026-02-27 04:00:00,97.739,97.887,97.61,97.752
2026-02-27 08:00:00,97.752,97.984,97.748,97.791
2026-02-27 12:00:00,97.791,97.82,97.746,97.781
2026-02-27 16:00:00,97.751,97.824,97.692,97.711
2026-02-27 20:00:00,97.712,97.798,97.631,97.676
2026-02-28 00:00:00,97.675,97.791,97.611,97.758
2026-02-28 04:00:00,97.758,97.851,97.621,97.71
2026-02-28 08:00:00,97.709,97.726,97.576,97.608
2026-02-28 12:00:00,97.608,97.685,97.561,97.646
2026-03-02 14:00:00,98.0,98.094,97.792,97.806
2026-03-02 18:00:00,97.806,98.034,97.768,98.033
2026-03-02 22:00:00,98.033,98.566,98.031,98.274
2026-03-03 02:00:00,98.274,98.557,98.152,98.534
2026-03-03 06:00:00,98.534,98.753,98.345,98.458
2026-03-03 10:00:00,98.46,98.651,98.368,98.551
2026-03-03 14:00:00,98.554,98.588,98.538,98.548
2026-03-03 20:00:00,98.628,98.889,98.597,98.88
2026-03-04 00:00:00,98.881,99.384,98.868,99.228
2026-03-04 04:00:00,99.227,99.683,99.072,99.366
2026-03-04 08:00:00,99.366,99.393,98.949,99.052
2026-03-04 12:00:00,99.052,99.08,98.956,99.073
2026-03-04 16:00:00,99.106,99.329,99.067,99.074
2026-03-04 20:00:00,99.074,99.241,98.902,98.993
2026-03-05 00:00:00,98.993,99.157,98.7,98.846
2026-03-05 04:00:00,98.845,98.984,98.723,98.807
2026-03-05 08:00:00,98.807,98.916,98.749,98.769
2026-03-05 12:00:00,98.768,98.849,98.74,98.775
2026-03-05 16:00:00,98.772,98.979,98.667,98.957
2026-03-05 20:00:00,98.957,99.161,98.931,99.026
2026-03-06 00:00:00,99.026,99.201,98.742,98.97
2026-03-06 04:00:00,98.971,99.32,98.878,99.214
2026-03-06 08:00:00,99.215,99.413,99.176,99.317
2026-03-06 12:00:00,99.317,99.335,99.013,99.061
2026-03-06 16:00:00,99.009,99.048,98.942,98.949
2026-03-06 20:00:00,98.949,99.106,98.943,98.971
2026-03-07 00:00:00,98.97,99.365,98.959,99.354
2026-03-07 04:00:00,99.354,99.435,99.052,99.147
2026-03-07 08:00:00,99.147,99.149,98.836,98.986
2026-03-07 12:00:00,98.986,99.03,98.854,98.855
2026-03-09 13:00:00,98.855,99.633,98.855,99.618
2026-03-09 17:00:00,99.617,99.695,99.511,99.544
2026-03-09 21:00:00,99.545,99.586,99.22,99.488
2026-03-10 01:00:00,99.487,99.503,99.187,99.346
2026-03-10 05:00:00,99.346,99.387,98.978,99.07
2026-03-10 09:00:00,99.07,99.184,98.716,98.729
2026-03-10 13:00:00,98.73,98.75,98.698,98.726
2026-03-10 15:00:00,98.797,98.902,98.722,98.889
2026-03-10 19:00:00,98.887,98.939,98.681,98.716
2026-03-10 23:00:00,98.716,98.823,98.492,98.688
2026-03-11 03:00:00,98.687,98.812,98.591,98.604
2026-03-11 07:00:00,98.607,98.891,98.497,98.826
2026-03-11 11:00:00,98.826,98.954,98.792,98.914
2026-03-11 15:00:00,98.937,98.967,98.791,98.821
2026-03-11 19:00:00,98.821,98.826,98.699,98.751
2026-03-11 23:00:00,98.753,99.078,98.702,98.934
2026-03-12 03:00:00,98.935,99.184,98.912,99.131
2026-03-12 07:00:00,99.129,99.299,99.111,99.231
2026-03-12 11:00:00,99.231,99.278,99.193,99.251
2026-03-12 15:00:00,99.453,99.516,99.325,99.471
2026-03-12 19:00:00,99.472,99.528,99.373,99.397
2026-03-12 23:00:00,99.397,99.442,99.286,99.322
2026-03-13 03:00:00,99.322,99.665,99.25,99.63
2026-03-13 07:00:00,99.632,99.741,99.563,99.739
2026-03-13 11:00:00,99.739,99.759,99.691,99.744
2026-03-13 15:00:00,99.692,99.747,99.586,99.72
2026-03-13 19:00:00,99.72,99.957,99.707,99.955
2026-03-13 23:00:00,99.954,100.299,99.951,100.148
2026-03-14 03:00:00,100.148,100.185,99.911,100.176
2026-03-14 07:00:00,100.176,100.394,100.156,100.362
2026-03-14 11:00:00,100.361,100.54,100.35,100.495
2026-03-16 13:00:00,100.427,100.48,100.188,100.192
2026-03-16 17:00:00,100.193,100.312,100.181,100.308
2026-03-16 21:00:00,100.307,100.459,100.245,100.251
2026-03-17 01:00:00,100.25,100.276,99.92,100.038
2026-03-17 05:00:00,100.039,100.039,99.799,99.902
2026-03-17 09:00:00,99.9,99.93,99.66,99.81
2026-03-17 13:00:00,99.81,99.824,99.785,99.823
2026-03-17 15:00:00,99.863,99.969,99.845,99.908
2026-03-17 19:00:00,99.908,100.115,99.846,100.002
2026-03-17 23:00:00,100.002,100.021,99.673,99.801
2026-03-18 03:00:00,99.8,99.823,99.523,99.601
2026-03-18 07:00:00,99.602,99.719,99.503,99.575
2026-03-18 11:00:00,99.574,99.605,99.547,99.563
2026-03-18 15:00:00,99.547,99.614,99.512,99.598
2026-03-18 19:00:00,99.599,99.607,99.465,99.524
2026-03-18 23:00:00,99.523,99.708,99.501,99.582
2026-03-19 03:00:00,99.582,99.981,99.47,99.787
2026-03-19 07:00:00,99.789,100.086,99.702,100.086
2026-03-19 11:00:00,100.087,100.314,100.055,100.234
2026-03-19 15:00:00,100.233,100.247,99.994,100.07
2026-03-19 19:00:00,100.068,100.225,100.056,100.188
2026-03-19 23:00:00,100.187,100.306,100.015,100.098
2026-03-20 03:00:00,100.099,100.18,99.609,99.7
2026-03-20 07:00:00,99.703,99.836,99.224,99.232
2026-03-20 11:00:00,99.23,99.255,98.975,99.16
2026-03-20 15:00:00,99.29,99.395,99.252,99.382
2026-03-20 19:00:00,99.383,99.476,99.382,99.439
2026-03-20 23:00:00,99.438,99.638,99.26,99.473
2026-03-21 03:00:00,99.472,99.793,99.308,99.727
2026-03-21 07:00:00,99.726,99.73,99.478,99.647
2026-03-21 11:00:00,99.646,99.668,99.499,99.503
2026-03-23 13:00:00,99.681,99.724,99.513,99.681
2026-03-23 17:00:00,99.681,99.716,99.547,99.646
2026-03-23 21:00:00,99.646,99.89,99.629,99.81
2026-03-24 01:00:00,99.81,100.148,99.114,99.13
2026-03-24 05:00:00,99.129,99.407,98.88,99.298
2026-03-24 09:00:00,99.298,99.33,98.931,99.137
2026-03-24 13:00:00,99.136,99.154,99.109,99.147
2026-03-24 15:00:00,99.143,99.407,99.139,99.362
2026-03-24 19:00:00,99.361,99.447,99.304,99.307
2026-03-24 23:00:00,99.307,99.407,99.099,99.293
2026-03-25 03:00:00,99.293,99.506,99.208,99.345
2026-03-25 07:00:00,99.345,99.622,99.277,99.434
2026-03-25 11:00:00,99.434,99.435,99.06,99.183
2026-03-25 15:00:00,99.198,99.299,99.071,99.28
2026-03-25 19:00:00,99.279,99.422,99.265,99.357
2026-03-25 23:00:00,99.357,99.429,99.178,99.281
2026-03-26 03:00:00,99.281,99.556,99.193,99.419
2026-03-26 07:00:00,99.419,99.644,99.392,99.599
2026-03-26 11:00:00,99.599,99.665,99.597,99.638
2026-03-26 15:00:00,99.629,99.7,99.6,99.674
2026-03-26 19:00:00,99.673,99.698,99.562,99.591
2026-03-26 23:00:00,99.592,99.754,99.592,99.682
2026-03-27 03:00:00,99.681,99.933,99.669,99.75
2026-03-27 07:00:00,99.749,99.96,99.728,99.9
2026-03-27 11:00:00,99.898,100.01,99.739,99.865
2026-03-27 15:00:00,99.871,99.961,99.807,99.845
2026-03-27 19:00:00,99.845,99.897,99.803,99.893
2026-03-27 23:00:00,99.894,100.07,99.894,100.065
2026-03-28 03:00:00,100.065,100.149,99.902,99.965
2026-03-28 07:00:00,99.965,100.206,99.837,100.151
2026-03-28 11:00:00,100.151,100.193,100.098,100.193
2026-03-30 13:00:00,100.217,100.342,100.136,100.172
2026-03-30 17:00:00,100.171,100.221,100.05,100.109
2026-03-30 21:00:00,100.11,100.299,100.053,100.266
2026-03-31 01:00:00,100.266,100.39,100.201,100.316
2026-03-31 05:00:00,100.316,100.614,100.278,100.493
2026-03-31 09:00:00,100.492,100.567,100.46,100.51
2026-03-31 13:00:00,100.503,100.532,100.464,100.491
2026-03-31 15:00:00,100.585,100.643,100.304,100.395
2026-03-31 19:00:00,100.396,100.507,100.392,100.452
2026-03-31 23:00:00,100.452,100.547,100.389,100.539
2026-04-01 03:00:00,100.541,100.55,99.973,100.181
2026-04-01 07:00:00,100.181,100.238,99.868,99.961
2026-04-01 11:00:00,99.961,100.014,99.808,99.857
2026-04-01 15:00:00,99.785,99.883,99.685,99.77
2026-04-01 19:00:00,99.771,99.852,99.527,99.534
2026-04-01 23:00:00,99.533,99.691,99.414,99.488
2026-04-02 03:00:00,99.488,99.528,99.312,99.335
2026-04-02 07:00:00,99.335,99.658,99.298,99.651
2026-04-02 11:00:00,99.651,99.668,99.545,99.552
2026-04-02 15:00:00,99.539,99.96,99.447,99.938
2026-04-02 19:00:00,99.939,100.172,99.923,100.04
2026-04-02 23:00:00,100.04,100.24,100.024,100.235
2026-04-03 03:00:00,100.234,100.263,99.855,99.917
2026-04-03 07:00:00,99.916,100.06,99.853,100.028
2026-04-03 11:00:00,100.029,100.06,99.975,100.017
2026-04-03 15:00:00,99.986,100.065,99.953,100.037
2026-04-03 19:00:00,100.037,100.077,99.992,100.003
2026-04-03 23:00:00,100.002,100.007,99.946,99.976
2026-04-04 03:00:00,99.976,100.166,99.965,100.164
2026-04-04 07:00:00,100.164,100.221,100.114,100.219
2026-04-04 11:00:00,100.219,100.223,100.115,100.186
2026-04-06 13:00:00,100.181,100.286,100.179,100.238
2026-04-06 17:00:00,100.237,100.273,100.099,100.126
2026-04-06 21:00:00,100.127,100.143,99.794,99.881
2026-04-07 01:00:00,99.88,99.994,99.842,99.885
2026-04-07 05:00:00,99.884,100.046,99.757,99.978
2026-04-07 09:00:00,99.979,100.069,99.92,99.998
2026-04-07 13:00:00,99.999,100.003,99.975,99.99
2026-04-07 15:00:00,100.012,100.156,99.987,100.115
2026-04-07 19:00:00,100.115,100.123,99.989,99.998
2026-04-07 23:00:00,99.997,100.061,99.769,99.985
2026-04-08 03:00:00,99.985,100.023,99.803,99.902
2026-04-08 07:00:00,99.902,99.96,99.782,99.858
2026-04-08 11:00:00,99.858,99.872,99.516,99.517
2026-04-08 15:00:00,98.951,99.06,98.84,98.961
2026-04-08 19:00:00,98.961,99.006,98.685,98.777
2026-04-08 23:00:00,98.776,98.968,98.736,98.823
2026-04-09 03:00:00,98.822,98.858,98.525,98.771
2026-04-09 07:00:00,98.77,99.134,98.764,99.133
2026-04-09 11:00:00,99.132,99.179,98.969,98.998
2026-04-09 15:00:00,99.057,99.157,99.023,99.036
2026-04-09 19:00:00,99.036,99.132,98.991,99.051
2026-04-09 23:00:00,99.049,99.116,98.967,99.038
2026-04-10 03:00:00,99.039,99.052,98.843,98.946
2026-04-10 07:00:00,98.946,99.011,98.625,98.819
2026-04-10 11:00:00,98.819,98.841,98.747,98.794
2026-04-10 15:00:00,98.869,98.932,98.848,98.889
2026-04-10 19:00:00,98.89,98.963,98.854,98.947
2026-04-10 23:00:00,98.947,99.007,98.749,98.765
2026-04-11 03:00:00,98.765,98.771,98.541,98.653
2026-04-11 07:00:00,98.652,98.777,98.564,98.65
2026-04-11 11:00:00,98.65,98.713,98.642,98.698
2026-04-13 13:00:00,99.046,99.183,99.019,99.019
2026-04-13 17:00:00,99.019,99.071,98.995,99.025
2026-04-13 21:00:00,99.024,99.064,98.895,98.976
2026-04-14 01:00:00,98.976,99.036,98.884,98.908
2026-04-14 05:00:00,98.907,98.918,98.595,98.602
2026-04-14 09:00:00,98.612,98.624,98.364,98.415
2026-04-14 13:00:00,98.414,98.437,98.37,98.374
2026-04-14 15:00:00,98.373,98.414,98.327,98.375
2026-04-14 19:00:00,98.375,98.394,98.252,98.253
2026-04-14 23:00:00,98.253,98.264,98.076,98.086
2026-04-15 03:00:00,98.085,98.102,97.969,97.99
2026-04-15 07:00:00,97.991,98.153,97.99,98.124
2026-04-15 11:00:00,98.124,98.144,98.093,98.106
2026-04-15 15:00:00,98.067,98.23,98.054,98.2
2026-04-15 19:00:00,98.2,98.221,98.081,98.192
2026-04-15 23:00:00,98.192,98.285,98.079,98.245
2026-04-16 03:00:00,98.245,98.284,98.055,98.092
2026-04-16 07:00:00,98.092,98.12,98.005,98.055
2026-04-16 11:00:00,98.055,98.097,98.026,98.051
2026-04-16 15:00:00,98.012,98.068,97.899,97.901
2026-04-16 19:00:00,97.901,98.092,97.832,98.005
2026-04-16 23:00:00,98.006,98.268,97.989,98.209
2026-04-17 03:00:00,98.21,98.291,98.139,98.269
2026-04-17 07:00:00,98.271,98.292,98.144,98.215
2026-04-17 11:00:00,98.215,98.233,98.166,98.18
2026-04-17 15:00:00,98.189,98.28,98.189,98.247
2026-04-17 19:00:00,98.247,98.291,98.194,98.273
2026-04-17 23:00:00,98.273,98.273,98.067,98.118
2026-04-18 03:00:00,98.118,98.137,97.632,97.824
2026-04-18 07:00:00,97.823,98.135,97.808,98.098
2026-04-18 11:00:00,98.098,98.239,98.065,98.227
2026-04-20 13:00:00,98.277,98.306,98.267,98.276
2026-04-20 17:00:00,98.276,98.368,98.261,98.293
2026-04-20 21:00:00,98.292,98.395,98.19,98.293
2026-04-21 01:00:00,98.292,98.317,98.155,98.23
2026-04-21 05:00:00,98.23,98.26,98.006,98.044
2026-04-21 09:00:00,98.042,98.107,98.012,98.051
2026-04-21 13:00:00,98.05,98.067,98.04,98.054
2026-04-21 15:00:00,98.063,98.136,98.063,98.12
2026-04-21 19:00:00,98.12,98.163,98.087,98.132
2026-04-21 23:00:00,98.134,98.309,98.116,98.257
2026-04-22 03:00:00,98.256,98.314,98.123,98.31
2026-04-22 07:00:00,98.311,98.567,98.243,98.394
2026-04-22 11:00:00,98.393,98.567,98.312,98.408
2026-04-22 15:00:00,98.402,98.403,98.31,98.389
2026-04-22 19:00:00,98.389,98.407,98.211,98.305
2026-04-22 23:00:00,98.306,98.362,98.245,98.301
2026-04-23 03:00:00,98.301,98.527,98.301,98.525
2026-04-23 07:00:00,98.525,98.598,98.49,98.59
2026-04-23 11:00:00,98.589,98.643,98.572,98.605
2026-04-23 15:00:00,98.616,98.737,98.552,98.689
2026-04-23 19:00:00,98.689,98.712,98.616,98.654
2026-04-23 23:00:00,98.653,98.801,98.594,98.788
2026-04-24 03:00:00,98.788,98.803,98.534,98.573
2026-04-24 07:00:00,98.573,98.939,98.541,98.77
2026-04-24 11:00:00,98.771,98.844,98.764,98.799
2026-04-24 15:00:00,98.821,98.87,98.784,98.864
2026-04-24 19:00:00,98.864,98.915,98.814,98.859
2026-04-24 23:00:00,98.857,98.879,98.679,98.68
2026-04-25 03:00:00,98.68,98.724,98.558,98.647
2026-04-25 07:00:00,98.647,98.677,98.517,98.533
2026-04-25 11:00:00,98.53,98.543,98.489,98.51
2026-04-27 13:00:00,99.332,99.343,98.555,98.559
2026-04-27 17:00:00,98.558,98.559,98.41,98.456
2026-04-27 21:00:00,98.456,98.545,98.262,98.286
2026-04-28 01:00:00,98.285,98.347,98.214,98.308
2026-04-28 05:00:00,98.307,98.449,98.242,98.445
2026-04-28 09:00:00,98.445,98.503,98.415,98.484
2026-04-28 13:00:00,98.484,98.496,98.469,98.496
2026-04-28 15:00:00,98.467,98.594,98.426,98.591
2026-04-28 19:00:00,98.591,98.719,98.482,98.717
2026-04-28 23:00:00,98.718,98.769,98.611,98.743
2026-04-29 03:00:00,98.744,98.874,98.668,98.733
2026-04-29 07:00:00,98.731,98.731,98.589,98.64
2026-04-29 11:00:00,98.641,98.675,98.593,98.595
2026-04-29 15:00:00,98.608,98.675,98.565,98.663
2026-04-29 19:00:00,98.663,98.754,98.638,98.722
2026-04-29 23:00:00,98.722,98.761,98.608,98.675
2026-04-30 03:00:00,98.672,98.898,98.664,98.75
2026-04-30 07:00:00,98.75,99.05,98.736,98.961
2026-04-30 11:00:00,98.961,99.001,98.9,98.975
2026-04-30 15:00:00,98.851,99.019,98.811,98.985
2026-04-30 19:00:00,98.984,99.093,98.954,98.985
2026-04-30 23:00:00,98.985,98.986,98.349,98.358
2026-05-01 03:00:00,98.357,98.533,98.116,98.164
2026-05-01 07:00:00,98.164,98.213,98.026,98.056
2026-05-01 11:00:00,98.056,98.109,98.009,98.091
2026-05-01 15:00:00,98.128,98.184,98.116,98.133
2026-05-01 19:00:00,98.132,98.24,97.9,98.0
2026-05-01 23:00:00,98.001,98.112,97.972,98.02
2026-05-02 03:00:00,98.019,98.021,97.72,97.863
2026-05-02 07:00:00,97.863,98.221,97.84,98.156
2026-05-02 11:00:00,98.157,98.244,98.151,98.211
2026-05-04 13:00:00,98.052,98.202,98.042,98.151
2026-05-04 17:00:00,98.151,98.215,97.97,98.127
2026-05-04 21:00:00,98.126,98.292,98.077,98.246
2026-05-05 01:00:00,98.246,98.481,98.209,98.326
2026-05-05 05:00:00,98.326,98.536,98.248,98.527
2026-05-05 09:00:00,98.527,98.531,98.361,98.472
2026-05-05 13:00:00,98.47,98.486,98.448,98.479
2026-05-05 15:00:00,98.466,98.551,98.447,98.497
2026-05-05 19:00:00,98.496,98.579,98.475,98.495
2026-05-05 23:00:00,98.494,98.546,98.403,98.481
2026-05-06 03:00:00,98.48,98.542,98.371,98.375
2026-05-06 07:00:00,98.374,98.469,98.311,98.444
2026-05-06 11:00:00,98.444,98.502,98.434,98.486
2026-05-06 15:00:00,98.308,98.342,98.233,98.309
2026-05-06 19:00:00,98.309,98.316,97.89,98.079
2026-05-06 23:00:00,98.078,98.159,97.625,97.678
2026-05-07 03:00:00,97.679,98.014,97.669,97.957
2026-05-07 07:00:00,97.959,98.083,97.955,98.023
2026-05-07 11:00:00,98.023,98.052,97.978,98.015
2026-05-07 15:00:00,98.029,98.056,97.903,97.976
2026-05-07 19:00:00,97.975,98.058,97.946,98.021
2026-05-07 23:00:00,98.022,98.022,97.823,97.89
2026-05-08 03:00:00,97.89,97.924,97.815,97.827
2026-05-08 07:00:00,97.827,98.163,97.816,98.067
2026-05-08 11:00:00,98.067,98.282,98.037,98.257
2026-05-08 15:00:00,98.245,98.277,98.195,98.248
2026-05-08 19:00:00,98.248,98.253,98.079,98.109
2026-05-08 23:00:00,98.109,98.134,97.893,97.975
2026-05-09 03:00:00,97.974,98.013,97.829,97.916
2026-05-09 07:00:00,97.917,97.97,97.868,97.9
2026-05-09 11:00:00,97.901,97.92,97.835,97.843
2026-05-11 13:00:00,98.036,98.077,97.974,97.995
2026-05-11 17:00:00,97.995,98.15,97.989,98.145
2026-05-11 21:00:00,98.145,98.153,97.915,97.986
2026-05-12 01:00:00,97.986,98.039,97.957,97.972
2026-05-12 05:00:00,97.97,97.97,97.85,97.939
2026-05-12 09:00:00,97.939,97.988,97.896,97.936
2026-05-12 13:00:00,97.935,97.947,97.905,97.905
2026-05-12 15:00:00,97.963,98.145,97.951,98.102
2026-05-12 19:00:00,98.104,98.21,98.03,98.209
2026-05-12 23:00:00,98.208,98.328,98.2,98.292
2026-05-13 03:00:00,98.294,98.413,98.223,98.338
2026-05-13 07:00:00,98.339,98.46,98.293,98.298
2026-05-13 11:00:00,98.298,98.319,98.24,98.289
2026-05-13 15:00:00,98.309,98.359,98.264,98.301
2026-05-13 19:00:00,98.302,98.435,98.295,98.423
2026-05-13 23:00:00,98.423,98.588,98.39,98.482
2026-05-14 03:00:00,98.483,98.598,98.446,98.518
2026-05-14 07:00:00,98.519,98.549,98.435,98.524
2026-05-14 11:00:00,98.524,98.524,98.45,98.453
2026-05-14 15:00:00,98.463,98.501,98.441,98.494
2026-05-14 19:00:00,98.493,98.523,98.416,98.445
2026-05-14 23:00:00,98.444,98.555,98.441,98.528
2026-05-15 03:00:00,98.528,98.738,98.525,98.738
2026-05-15 07:00:00,98.738,98.843,98.725,98.819
2026-05-15 11:00:00,98.817,98.907,98.804,98.87
2026-05-15 15:00:00,98.929,99.097,98.923,99.035
2026-05-15 19:00:00,99.035,99.202,99.022,99.162
2026-05-15 23:00:00,99.161,99.293,98.98,99.031
2026-05-16 03:00:00,99.032,99.294,99.027,99.213
2026-05-16 07:00:00,99.213,99.32,99.175,99.284
2026-05-16 11:00:00,99.284,99.311,99.267,99.27
2026-05-18 13:00:00,99.278,99.404,99.251,99.383
2026-05-18 17:00:00,99.383,99.409,99.289,99.325
2026-05-18 21:00:00,99.324,99.35,99.092,99.118
2026-05-19 01:00:00,99.117,99.247,98.98,99.029
2026-05-19 05:00:00,99.03,99.171,98.971,99.027
2026-05-19 09:00:00,99.027,99.194,98.946,98.983
2026-05-19 13:00:00,98.98,99.004,98.944,98.954
2026-05-19 15:00:00,98.965,99.116,98.965,99.09
2026-05-19 19:00:00,99.09,99.165,99.069,99.149
2026-05-19 23:00:00,99.147,99.311,99.121,99.224
2026-05-20 03:00:00,99.224,99.434,99.177,99.399
2026-05-20 07:00:00,99.399,99.42,99.235,99.327
2026-05-20 11:00:00,99.327,99.333,99.287,99.308
2026-05-20 15:00:00,99.271,99.412,99.271,99.362
2026-05-20 19:00:00,99.362,99.407,99.285,99.382
2026-05-20 23:00:00,99.383,99.471,99.33,99.344
2026-05-21 03:00:00,99.344,99.472,99.124,99.165
2026-05-21 07:00:00,99.165,99.22,98.966,99.092
2026-05-21 11:00:00,99.092,99.147,99.056,99.126
2026-05-21 15:00:00,99.123,99.219,99.064,99.206
2026-05-21 19:00:00,99.206,99.221,99.14,99.189
2026-05-21 23:00:00,99.188,99.356,99.077,99.281
2026-05-22 03:00:00,99.281,99.515,99.205,99.388
2026-05-22 07:00:00,99.388,99.475,99.093,99.257
2026-05-22 11:00:00,99.256,99.258,99.146,99.191
2026-05-22 15:00:00,99.199,99.271,99.191,99.246
2026-05-22 19:00:00,99.247,99.298,99.211,99.269
2026-05-22 23:00:00,99.267,99.358,99.211,99.346
2026-05-23 03:00:00,99.346,99.412,99.172,99.343
2026-05-23 07:00:00,99.343,99.359,99.186,99.239
2026-05-23 11:00:00,99.24,99.347,99.227,99.319
2026-05-25 13:00:00,99.115,99.122,98.957,99.039
2026-05-25 17:00:00,99.04,99.05,98.951,99.001
2026-05-25 21:00:00,99.0,99.106,98.976,98.982
2026-05-26 01:00:00,98.981,99.013,98.915,98.948
2026-05-26 05:00:00,98.95,99.02,98.938,98.989
2026-05-26 09:00:00,98.989,98.994,98.968,98.976
2026-05-26 13:00:00,98.975,99.013,98.974,99.009
2026-05-26 15:00:00,98.988,99.086,98.988,99.055
2026-05-26 19:00:00,99.057,99.12,99.03,99.09
2026-05-26 23:00:00,99.09,99.164,99.016,99.035
2026-05-27 03:00:00,99.035,99.213,99.015,99.179
2026-05-27 07:00:00,99.179,99.251,99.156,99.169
2026-05-27 11:00:00,99.169,99.185,99.133,99.141
2026-05-27 15:00:00,99.078,99.14,99.072,99.096
2026-05-27 19:00:00,99.096,99.124,99.04,99.066
2026-05-27 23:00:00,99.067,99.135,99.041,99.115
2026-05-28 03:00:00,99.116,99.245,98.969,99.242
2026-05-28 07:00:00,99.24,99.26,99.154,99.206
2026-05-28 11:00:00,99.206,99.232,99.185,99.219
2026-05-28 15:00:00,99.265,99.369,99.26,99.344
2026-05-28 19:00:00,99.344,99.544,99.328,99.344
2026-05-28 23:00:00,99.343,99.409,99.287,99.408
2026-05-29 03:00:00,99.409,99.409,99.001,99.061
2026-05-29 07:00:00,99.059,99.063,98.945,99.02
2026-05-29 11:00:00,99.02,99.037,98.987,98.993
2026-05-29 15:00:00,98.998,99.048,98.957,99.04
2026-05-29 19:00:00,99.039,99.108,98.975,98.98
2026-05-29 23:00:00,98.979,99.186,98.979,99.076
2026-05-30 03:00:00,99.075,99.093,98.825,98.852
2026-05-30 07:00:00,98.852,98.935,98.751,98.908
2026-05-30 11:00:00,98.908,98.943,98.864,98.942
2026-06-01 13:00:00,98.957,99.056,98.953,99.037
2026-06-01 17:00:00,99.036,99.081,99.023,99.029
2026-06-01 21:00:00,99.029,99.03,98.919,98.975
2026-06-02 01:00:00,98.976,99.088,98.954,99.054
2026-06-02 05:00:00,99.053,99.385,99.053,99.184
2026-06-02 09:00:00,99.184,99.224,99.131,99.196
2026-06-02 13:00:00,99.195,99.199,99.155,99.181
2026-06-02 15:00:00,99.166,99.226,99.163,99.21
2026-06-02 19:00:00,99.209,99.211,99.05,99.061
2026-06-02 23:00:00,99.061,99.156,99.049,99.125
2026-06-03 03:00:00,99.124,99.183,99.055,99.127
2026-06-03 07:00:00,99.125,99.329,99.103,99.219
2026-06-03 11:00:00,99.219,99.23,99.187,99.224
2026-06-03 15:00:00,99.29,99.306,99.191,99.237
2026-06-03 19:00:00,99.238,99.373,99.227,99.337
2026-06-03 23:00:00,99.336,99.402,99.249,99.331
2026-06-04 03:00:00,99.331,99.516,99.286,99.406
2026-06-04 07:00:00,99.404,99.552,99.4,99.529
2026-06-04 11:00:00,99.529,99.55,99.508,99.55
2026-06-04 15:00:00,99.463,99.478,99.42,99.439
2026-06-04 19:00:00,99.438,99.499,99.396,99.444
2026-06-04 23:00:00,99.444,99.533,99.283,99.302
2026-06-05 03:00:00,99.302,99.318,99.179,99.301
2026-06-05 07:00:00,99.301,99.423,99.296,99.413
2026-06-05 11:00:00,99.413,99.466,99.402,99.432
2026-06-05 15:00:00,99.432,99.459,99.399,99.419
2026-06-05 19:00:00,99.419,99.425,99.347,99.349
2026-06-05 23:00:00,99.349,99.352,99.163,99.197
2026-06-06 03:00:00,99.198,99.863,99.183,99.805
2026-06-06 07:00:00,99.805,100.105,99.796,100.069
2026-06-06 11:00:00,100.069,100.109,100.04,100.071
2026-06-08 13:00:00,100.145,100.174,100.0,100.0
2026-06-08 17:00:00,100.0,100.168,99.988,100.036
2026-06-08 21:00:00,100.034,100.159,99.966,100.151
2026-06-09 01:00:00,100.15,100.214,99.874,99.905
2026-06-09 05:00:00,99.905,100.011,99.819,99.969
2026-06-09 09:00:00,99.968,100.047,99.942,100.013
2026-06-09 13:00:00,100.009,100.009,99.966,100.0
2026-06-09 15:00:00,100.034,100.057,99.949,99.974
2026-06-09 19:00:00,99.973,99.994,99.828,99.908
2026-06-09 23:00:00,99.906,99.962,99.75,99.77
2026-06-10 03:00:00,99.769,99.835,99.679,99.817
2026-06-10 07:00:00,99.816,100.077,99.776,99.909
2026-06-10 11:00:00,99.909,100.008,99.906,99.995
2026-06-10 15:00:00,100.012,100.032,99.943,99.97
2026-06-10 19:00:00,99.967,99.968,99.849,99.923
2026-06-10 23:00:00,99.923,99.938,99.849,99.909
2026-06-11 03:00:00,99.909,100.016,99.715,99.892
2026-06-11 07:00:00,99.893,100.018,99.854,99.947
2026-06-11 11:00:00,99.947,100.085,99.945,100.082
2026-06-11 15:00:00,100.115,100.115,99.881,99.951
2026-06-11 19:00:00,99.951,100.012,99.92,100.003
2026-06-11 23:00:00,100.003,100.159,99.914,100.101
2026-06-12 03:00:00,100.101,100.249,100.033,100.225
2026-06-12 07:00:00,100.223,100.314,99.785,99.858
2026-06-12 11:00:00,99.857,99.858,99.586,99.675
2026-06-12 15:00:00,99.67,99.839,99.67,99.81
2026-06-12 19:00:00,99.809,99.881,99.741,99.784
2026-06-12 23:00:00,99.782,99.909,99.635,99.749
2026-06-13 03:00:00,99.748,99.869,99.711,99.745
2026-06-13 07:00:00,99.744,99.778,99.664,99.747
2026-06-13 11:00:00,99.747,99.812,99.719,99.807
2026-06-15 13:00:00,99.536,99.56,99.423,99.555
2026-06-15 17:00:00,99.556,99.604,99.449,99.454
2026-06-15 21:00:00,99.455,99.59,99.384,99.564
2026-06-16 01:00:00,99.564,99.567,99.456,99.48
2026-06-16 05:00:00,99.479,99.601,99.441,99.557
2026-06-16 09:00:00,99.558,99.714,99.554,99.673
2026-06-16 13:00:00,99.672,99.684,99.634,99.662
2026-06-16 15:00:00,99.642,99.721,99.619,99.679
2026-06-16 19:00:00,99.679,99.791,99.674,99.694
2026-06-16 23:00:00,99.693,99.708,99.528,99.533
2026-06-17 03:00:00,99.533,99.7,99.533,99.556
2026-06-17 07:00:00,99.556,99.612,99.461,99.54
2026-06-17 11:00:00,99.54,99.58,99.515,99.54
2026-06-17 15:00:00,99.52,99.556,99.491,99.539
2026-06-17 19:00:00,99.54,99.582,99.493,99.549
2026-06-17 23:00:00,99.548,99.631,99.504,99.624
2026-06-18 03:00:00,99.622,99.743,99.586,99.7
2026-06-18 07:00:00,99.701,100.112,99.634,100.089
2026-06-18 11:00:00,100.091,100.574,100.072,100.388
2026-06-18 15:00:00,100.338,100.359,100.239,100.265
2026-06-18 19:00:00,100.265,100.336,100.206,100.265
2026-06-18 23:00:00,100.265,100.749,100.246,100.74
2026-06-19 03:00:00,100.741,100.807,100.547,100.558
2026-06-19 07:00:00,100.558,100.851,100.546,100.849
2026-06-19 11:00:00,100.85,100.918,100.77,100.814
2026-06-19 15:00:00,100.813,100.875,100.755,100.849
2026-06-19 19:00:00,100.849,101.127,100.848,100.925
2026-06-19 23:00:00,100.923,100.938,100.753,100.779
2026-06-20 03:00:00,100.78,100.848,100.699,100.773
2026-06-20 07:00:00,100.772,100.831,100.697,100.727
2026-06-20 11:00:00,100.727,100.762,100.712,100.76
2026-06-22 13:00:00,100.839,100.885,100.81,100.816
2026-06-22 17:00:00,100.817,100.936,100.76,100.915
2026-06-22 21:00:00,100.914,101.017,100.852,100.944
2026-06-23 01:00:00,100.944,100.945,100.803,100.861
2026-06-23 05:00:00,100.861,101.056,100.817,100.992
2026-06-23 09:00:00,100.993,101.076,100.978,101.002
2026-06-23 13:00:00,101.002,101.008,100.988,100.996
2026-06-23 15:00:00,101.005,101.053,100.98,101.034
2026-06-23 19:00:00,101.033,101.107,100.999,101.076
2026-06-23 23:00:00,101.077,101.249,100.952,101.214
2026-06-24 03:00:00,101.215,101.39,101.193,101.351
2026-06-24 07:00:00,101.351,101.433,101.328,101.408
2026-06-24 11:00:00,101.408,101.408,101.353,101.39
2026-06-24 15:00:00,101.37,101.473,101.356,101.468
2026-06-24 19:00:00,101.469,101.552,101.41,101.542
2026-06-24 23:00:00,101.542,101.696,101.521,101.681
2026-06-25 03:00:00,101.682,101.8,101.605,101.701
2026-06-25 07:00:00,101.699,101.711,101.493,101.609
2026-06-25 11:00:00,101.609,101.645,101.546,101.584
2026-06-25 15:00:00,101.597,101.651,101.485,101.527
2026-06-25 19:00:00,101.526,101.613,101.471,101.605
2026-06-25 23:00:00,101.605,101.68,101.443,101.66
2026-06-26 03:00:00,101.659,101.746,101.339,101.403
2026-06-26 07:00:00,101.405,101.458,101.305,101.431
2026-06-26 11:00:00,101.431,101.463,101.38,101.441
2026-06-26 15:00:00,101.503,101.57,101.453,101.533
2026-06-26 19:00:00,101.533,101.538,101.342,101.402
2026-06-26 23:00:00,101.402,101.419,101.143,101.2
2026-06-27 03:00:00,101.199,101.314,101.045,101.31
2026-06-27 07:00:00,101.311,101.37,101.186,101.357
2026-06-27 11:00:00,101.357,101.392,101.307,101.366
2026-06-29 13:00:00,101.368,101.393,101.34,101.348
2026-06-29 17:00:00,101.348,101.394,101.296,101.381
2026-06-29 21:00:00,101.382,101.382,101.154,101.309
2026-06-30 01:00:00,101.308,101.315,101.189,101.255
2026-06-30 05:00:00,101.255,101.267,101.071,101.107
2026-06-30 09:00:00,101.106,101.139,101.079,101.121
2026-06-30 13:00:00,101.12,101.131,101.099,101.111
2026-06-30 15:00:00,101.122,101.301,101.122,101.283
2026-06-30 19:00:00,101.282,101.428,101.269,101.276
2026-06-30 23:00:00,101.275,101.432,101.228,101.302
2026-07-01 03:00:00,101.303,101.432,101.059,101.071
2026-07-01 07:00:00,101.071,101.247,101.049,101.187
2026-07-01 11:00:00,101.188,101.22,101.123,101.172
2026-07-01 15:00:00,101.218,101.332,101.218,101.32
2026-07-01 19:00:00,101.32,101.353,101.271,101.317
2026-07-01 23:00:00,101.316,101.43,101.306,101.337
2026-07-02 03:00:00,101.337,101.595,101.19,101.29
2026-07-02 07:00:00,101.289,101.428,101.269,101.392
2026-07-02 11:00:00,101.392,101.444,101.379,101.413
2026-07-02 15:00:00,101.402,101.43,101.316,101.367
2026-07-02 19:00:00,101.368,101.401,101.097,101.209
2026-07-02 23:00:00,101.208,101.25,100.922,101.052
2026-07-03 03:00:00,101.05,101.205,100.558,100.764
2026-07-03 07:00:00,100.764,100.9,100.706,100.857
2026-07-03 11:00:00,100.858,100.915,100.845,100.848
2026-07-03 15:00:00,100.913,100.992,100.768,100.807
2026-07-03 19:00:00,100.807,100.831,100.603,100.691
2026-07-03 23:00:00,100.69,100.818,100.655,100.775
2026-07-04 03:00:00,100.776,100.86,100.705,100.823
2026-07-04 07:00:00,100.823,100.878,100.811,100.845
2026-07-04 11:00:00,100.845,100.888,100.836,100.879
2026-07-06 13:00:00,100.857,100.918,100.826,100.87
2026-07-06 17:00:00,100.871,100.978,100.867,100.95
2026-07-06 21:00:00,100.95,101.107,100.947,101.069
2026-07-07 01:00:00,101.069,101.145,101.052,101.118
2026-07-07 05:00:00,101.119,101.137,100.958,100.967
2026-07-07 09:00:00,100.967,100.971,100.84,100.87
2026-07-07 13:00:00,100.869,100.873,100.843,100.855
2026-07-07 15:00:00,100.842,100.908,100.803,100.875
2026-07-07 19:00:00,100.875,100.976,100.838,100.951
2026-07-07 23:00:00,100.95,100.999,100.888,100.924
2026-07-08 03:00:00,100.925,101.007,100.853,100.922
2026-07-08 07:00:00,100.921,101.034,100.909,101.023
2026-07-08 11:00:00,101.024,101.148,101.02,101.122
2026-07-08 15:00:00,101.158,101.215,101.107,101.117
2026-07-08 19:00:00,101.116,101.124,100.987,101.016
2026-07-08 23:00:00,101.016,101.239,100.95,101.125
2026-07-09 03:00:00,101.125,101.256,101.078,101.141
2026-07-09 07:00:00,101.14,101.275,100.961,100.991
2026-07-09 11:00:00,100.991,101.076,100.946,101.066
2026-07-09 15:00:00,101.035,101.039,100.943,100.996
2026-07-09 19:00:00,100.997,101.011,100.786,100.844
2026-07-09 23:00:00,100.842,101.032,100.84,101.015
2026-07-10 03:00:00,101.014,101.036,100.841,100.936
2026-07-10 07:00:00,100.936,100.966,100.849,100.904
2026-07-10 11:00:00,100.904,100.97,100.897,100.937
2026-07-10 15:00:00,100.914,100.938,100.598,100.626
2026-07-10 19:00:00,100.625,100.816,100.614,100.767
2026-07-10 23:00:00,100.765,100.895,100.763,100.826
2026-07-11 03:00:00,100.827,100.991,100.766,100.914
2026-07-11 07:00:00,100.915,100.987,100.727,100.952
2026-07-11 11:00:00,100.952,100.997,100.945,100.965
2026-07-13 13:00:00,101.037,101.171,101.037,101.147
2026-07-13 17:00:00,101.147,101.221,101.063,101.073
2026-07-13 21:00:00,101.073,101.163,100.793,100.869
2026-07-14 01:00:00,100.87,100.983,100.853,100.899
2026-07-14 05:00:00,100.897,101.268,100.877,101.228
2026-07-14 09:00:00,101.227,101.327,101.213,101.299
2026-07-14 13:00:00,101.297,101.298,101.265,101.277
2026-07-14 15:00:00,101.281,101.322,101.183,101.206
2026-07-14 19:00:00,101.205,101.251,101.155,101.238
2026-07-14 23:00:00,101.238,101.253,101.051,101.154
2026-07-15 03:00:00,101.153,101.171,100.607,100.743
2026-07-15 07:00:00,100.742,100.984,100.683,100.919
2026-07-15 11:00:00,100.919,100.949,100.896,100.941
2026-07-15 15:00:00,100.915,100.915,100.762,100.777
2026-07-15 19:00:00,100.778,100.862,100.756,100.862
2026-07-15 23:00:00,100.861,101.02,100.827,100.976
2026-07-16 03:00:00,100.973,101.029,100.716,100.733
2026-07-16 07:00:00,100.733,100.765,100.353,100.485
2026-07-16 11:00:00,100.485,100.539,100.427,100.495
2026-07-16 15:00:00,100.473,100.561,100.437,100.527
2026-07-16 19:00:00,100.526,100.542,100.467,100.48
2026-07-16 23:00:00,100.48,100.582,100.44,100.578
2026-07-17 03:00:00,100.578,100.729,100.498,100.713
2026-07-17 07:00:00,100.713,100.831,100.671,100.763
2026-07-17 11:00:00,100.763,100.798,100.708,100.708
2026-07-17 15:00:00,100.708,100.784,100.692,100.778
2026-07-17 19:00:00,100.777,100.8,100.65,100.674
2026-07-17 23:00:00,100.675,100.859,100.647,100.848
2026-07-18 03:00:00,100.847,100.867,100.71,100.747
2026-07-18 07:00:00,100.748,100.795,100.704,100.765
2026-07-18 11:00:00,100.765,100.787,100.718,100.755
2026-07-20 13:00:00,100.806,100.866,100.778,100.779
2026-07-20 17:00:00,100.779,100.796,100.686,100.692
2026-07-20 21:00:00,100.693,100.766,100.65,100.735
2026-07-21 01:00:00,100.733,100.907,100.715,100.861
2026-07-21 05:00:00,100.86,101.027,100.855,100.985
2026-07-21 09:00:00,100.984,100.988,100.914,100.965
2026-07-21 13:00:00,100.965,100.999,100.952,100.999
2026-07-21 15:00:00,100.979,100.995,100.939,100.99
2026-07-21 19:00:00,100.988,101.005,100.888,100.904
2026-07-21 23:00:00,100.905,100.96,100.863,100.95
2026-07-22 03:00:00,100.95,101.16,100.942,101.138
2026-07-22 07:00:00,101.137,101.203,101.09,101.173
2026-07-22 11:00:00,101.172,101.21,101.16,101.192
2026-07-22 15:00:00,101.194,101.198,101.11,101.145
2026-07-22 19:00:00,101.144,101.164,101.088,101.112
2026-07-22 23:00:00,101.113,101.187,101.026,101.165
2026-07-23 03:00:00,101.164,101.176,101.02,101.122
2026-07-23 07:00:00,101.122,101.155,101.089,101.125
2026-07-23 11:00:00,101.124,101.146,101.11,101.141
2026-07-23 15:00:00,101.12,101.125,100.987,100.992
2026-07-23 19:00:00,100.992,101.031,100.938,101.024
2026-07-23 23:00:00,101.023,101.207,101.015,101.193
2026-07-24 03:00:00,101.193,101.532,101.178,101.477
2026-07-24 07:00:00,101.476,101.544,101.4,101.444
2026-07-24 11:00:00,101.444,101.469,101.42,101.437
2026-07-24 15:00:00,101.444,101.462,101.359,101.414
2026-07-24 19:00:00,101.416,101.458,101.364,101.366
2026-07-24 23:00:00,101.367,101.399,101.248,101.381
2026-07-25 03:00:00,101.382,101.53,101.346,101.401
2026-07-25 07:00:00,101.399,101.487,101.292,101.468
2026-07-25 11:00:00,101.467,101.497,101.455,101.465
2026-07-27 13:00:00,101.318,101.325,101.131,101.225
2026-07-27 17:00:00,101.224,101.227,101.116,101.21
2026-07-27 21:00:00,101.21,101.288,101.118,101.233
2026-07-28 01:00:00,101.232,101.438,101.226,101.389
2026-07-28 05:00:00,101.388,101.513,101.374,101.431
2026-07-28 09:00:00,101.43,101.541,101.43,101.533
2026-07-28 13:00:00,101.532,101.532,101.494,101.514
2026-07-28 15:00:00,101.521,101.552,101.447,101.46
2026-07-28 19:00:00,101.461,101.573,101.434,101.519
2026-07-28 23:00:00,101.518,101.64,101.482,101.593
2026-07-29 03:00:00,101.593,101.623,101.423,101.429
2026-07-29 07:00:00,101.428,101.44,101.258,101.417
2026-07-29 11:00:00,101.417,101.431,101.371,101.393
2026-07-29 15:00:00,101.424,101.448,101.331,101.345
2026-07-29 19:00:00,101.346,101.361,101.243,101.344
2026-07-29 23:00:00,101.345,101.429,101.285,101.413
2026-07-30 03:00:00,101.413,101.495,101.326,101.458
2026-07-30 07:00:00,101.458,101.495,100.886,100.886
2026-07-30 11:00:00,100.886,100.971,100.762,100.802
2026-07-30 15:00:00,100.82,100.931,100.777,100.924
2026-07-30 19:00:00,100.925,101.014,100.898,100.985
2026-07-30 23:00:00,100.984,101.072,100.604,100.689
2026-07-31 03:00:00,100.689,100.771,99.861,100.148
2026-07-31 07:00:00,100.151,100.205,99.857,99.864
2026-07-31 11:00:00,99.861,100.021,99.861,99.969
2026-07-31 15:00:00,100.023,100.207,100.023,100.176
2026-07-31 19:00:00,100.175,100.252,100.063,100.124
2026-07-31 23:00:00,100.124,100.207,99.909,100.198
2026-08-01 03:00:00,100.198,100.463,100.102,100.116
2026-08-01 07:00:00,100.117,100.161,99.806,99.914
2026-08-01 11:00:00,99.914,99.965,99.692,99.803
2026-08-03 13:00:00,99.69,99.783,99.418,99.596
2026-08-03 17:00:00,99.594,99.761,99.535,99.702
2026-08-03 21:00:00,99.7,99.844,99.655,99.835
2026-08-04 01:00:00,99.835,99.871,99.715,99.786
2026-08-04 05:00:00,99.787,99.984,99.715,99.959
2026-08-04 09:00:00,99.96,100.017,99.889,99.963
2026-08-04 13:00:00,99.962,99.998,99.947,99.991
2026-08-04 15:00:00,99.973,100.05,99.933,100.021
2026-08-04 19:00:00,100.02,100.058,99.955,100.027
2026-08-04 23:00:00,100.028,100.052,99.933,99.977
2026-08-05 03:00:00,99.977,99.997,99.828,99.903
2026-08-05 07:00:00,99.904,99.972,99.849,99.858
2026-08-05 11:00:00,99.858,99.896,99.849,99.882
2026-08-05 15:00:00,99.872,99.9,99.775,99.826
2026-08-05 19:00:00,99.825,99.871,99.767,99.772
2026-08-05 23:00:00,99.771,99.897,99.758,99.815
2026-08-06 03:00:00,99.815,99.815,99.628,99.658
2026-08-06 07:00:00,99.657,99.777,99.628,99.676
2026-08-06 11:00:00,99.676,99.725,99.668,99.69
2026-08-06 15:00:00,99.662,99.685,99.637,99.673
2026-08-06 19:00:00,99.674,99.768,99.674,99.755
2026-08-06 23:00:00,99.753,99.806,99.725,99.764
2026-08-07 03:00:00,99.765,99.877,99.721,99.842
2026-08-07 07:00:00,99.841,100.02,99.839,99.93
2026-08-07 11:00:00,99.929,99.986,99.914,99.965
2026-08-07 15:00:00,99.943,99.997,99.917,99.961
2026-08-07 19:00:00,99.961,99.974,99.926,99.949
2026-08-07 23:00:00,99.949,99.985,99.887,99.92
2026-08-08 03:00:00,99.92,99.928,99.403,99.645
2026-08-08 07:00:00,99.646,99.672,99.495,99.539
2026-08-08 11:00:00,99.538,99.623,99.493,99.604
2026-08-10 13:00:00,99.589,99.654,99.578,99.629
2026-08-10 17:00:00,99.628,99.728,99.621,99.711
2026-08-10 21:00:00,99.712,99.723,99.603,99.655
2026-08-11 01:00:00,99.655,99.778,99.634,99.776
2026-08-11 05:00:00,99.776,99.809,99.682,99.755
2026-08-11 09:00:00,99.755,99.829,99.75,99.815
2026-08-11 13:00:00,99.813,99.815,99.799,99.807
2026-08-11 15:00:00,99.803,99.833,99.725,99.822
2026-08-11 19:00:00,99.822,99.862,99.772,99.839
2026-08-11 23:00:00,99.838,99.898,99.819,99.85
2026-08-12 03:00:00,99.85,99.883,99.774,99.807
2026-08-12 07:00:00,99.806,99.876,99.792,99.828
2026-08-12 11:00:00,99.828,99.844,99.806,99.812
2026-08-12 15:00:00,99.808,99.882,99.791,99.854
2026-08-12 19:00:00,99.854,99.902,99.854,99.862
2026-08-12 23:00:00,99.859,99.883,99.709,99.858
2026-08-13 03:00:00,99.858,99.863,99.613,99.812
2026-08-13 07:00:00,99.813,100.021,99.804,100.014
2026-08-13 11:00:00,100.014,100.023,99.952,99.985
2026-08-13 15:00:00,99.96,100.021,99.917,100.004
2026-08-13 19:00:00,100.004,100.083,99.948,100.025
2026-08-13 23:00:00,100.026,100.04,99.872,99.902
2026-08-14 03:00:00,99.902,99.977,99.798,99.827
2026-08-14 07:00:00,99.826,99.985,99.817,99.964
2026-08-14 11:00:00,99.964,99.981,99.941,99.949
2026-08-14 15:00:00,99.926,99.936,99.874,99.915
2026-08-14 19:00:00,99.914,99.919,99.812,99.813
2026-08-14 23:00:00,99.812,99.819,99.699,99.716
2026-08-15 03:00:00,99.716,99.716,99.475,99.534
2026-08-15 07:00:00,99.534,99.688,99.498,99.667
2026-08-15 11:00:00,99.667,99.673,99.634,99.636
2026-08-17 13:00:00,99.66,99.668,99.521,99.522
2026-08-17 17:00:00,99.522,99.554,99.48,99.509
2026-08-17 21:00:00,99.508,99.521,99.294,99.416
2026-08-18 01:00:00,99.415,99.498,99.385,99.422
2026-08-18 05:00:00,99.421,99.547,99.396,99.499
2026-08-18 09:00:00,99.498,99.647,99.492,99.577
2026-08-18 13:00:00,99.576,99.587,99.548,99.581
2026-08-18 15:00:00,99.54,99.608,99.521,99.568
2026-08-18 19:00:00,99.569,99.693,99.567,99.66
2026-08-18 23:00:00,99.658,99.681,99.598,99.642
2026-08-19 03:00:00,99.643,99.673,99.532,99.599
2026-08-19 07:00:00,99.598,99.67,99.556,99.657
2026-08-19 11:00:00,99.658,99.685,99.613,99.644
2026-08-19 15:00:00,99.665,99.692,99.533,99.573
2026-08-19 19:00:00,99.572,99.593,99.448,99.484
2026-08-19 23:00:00,99.485,99.508,99.351,99.395
2026-08-20 03:00:00,99.396,99.455,98.77,98.905
2026-08-20 07:00:00,98.907,98.971,98.817,98.833
2026-08-20 11:00:00,98.832,98.863,98.767,98.768
2026-08-20 15:00:00,98.835,98.889,98.775,98.848
2026-08-20 19:00:00,98.846,98.896,98.737,98.738
2026-08-20 23:00:00,98.739,98.815,98.557,98.681
2026-08-21 03:00:00,98.68,98.89,98.673,98.805
2026-08-21 07:00:00,98.804,98.934,98.715,98.895
2026-08-21 11:00:00,98.894,98.914,98.84,98.841
2026-08-21 15:00:00,98.798,98.835,98.688,98.727
