timestamp,open,high,low,close
2023-07-07 23:00:00,103.093,103.183,102.382,102.42
2023-07-08 07:00:00,102.42,102.46,102.226,102.266
2023-07-10 07:00:00,102.288,102.391,102.266,102.351
2023-07-10 15:00:00,102.351,102.525,102.308,102.33
2023-07-10 23:00:00,102.329,102.564,102.057,102.07
2023-07-11 07:00:00,102.07,102.08,101.95,101.953
2023-07-11 15:00:00,101.941,101.964,101.676,101.694
2023-07-11 23:00:00,101.696,101.97,101.666,101.853
2023-07-12 07:00:00,101.854,101.885,101.651,101.656
2023-07-12 15:00:00,101.594,101.609,101.342,101.463
2023-07-12 23:00:00,101.463,101.534,100.591,100.602
2023-07-13 07:00:00,100.604,100.697,100.511,100.557
2023-07-13 15:00:00,100.521,100.61,100.406,100.407
2023-07-13 23:00:00,100.409,100.507,99.941,99.941
2023-07-14 07:00:00,99.94,100.028,99.741,99.756
2023-07-14 15:00:00,99.75,99.966,99.578,99.934
2023-07-14 23:00:00,99.935,100.015,99.667,99.793
2023-07-15 07:00:00,99.792,99.996,99.777,99.96
2023-07-17 07:00:00,99.96,99.99,99.923,99.938
2023-07-17 15:00:00,99.937,100.027,99.753,99.845
2023-07-17 23:00:00,99.843,100.181,99.786,99.917
2023-07-18 07:00:00,99.917,99.931,99.823,99.883
2023-07-18 15:00:00,99.889,99.941,99.676,99.733
2023-07-18 23:00:00,99.733,100.034,99.589,99.848
2023-07-19 07:00:00,99.848,100.105,99.782,99.923
2023-07-19 15:00:00,99.979,100.303,99.925,100.158
2023-07-19 23:00:00,100.157,100.535,100.04,100.394
2023-07-20 07:00:00,100.393,100.457,100.265,100.285
2023-07-20 15:00:00,100.276,100.276,100.018,100.223
2023-07-20 23:00:00,100.223,100.834,100.14,100.764
2023-07-21 07:00:00,100.765,100.969,100.732,100.792
2023-07-21 15:00:00,100.781,100.827,100.723,100.742
2023-07-21 23:00:00,100.743,101.188,100.732,101.15
2023-07-22 07:00:00,101.149,101.151,101.023,101.085
2023-07-24 07:00:00,101.085,101.11,101.015,101.041
2023-07-24 15:00:00,101.041,101.41,100.889,101.375
2023-07-24 23:00:00,101.375,101.381,101.046,101.246
2023-07-25 07:00:00,101.249,101.425,101.221,101.382
2023-07-25 15:00:00,101.423,101.426,101.204,101.238
2023-07-25 23:00:00,101.238,101.648,101.186,101.422
2023-07-26 07:00:00,101.421,101.444,101.253,101.273
2023-07-26 15:00:00,101.321,101.437,101.141,101.205
2023-07-26 23:00:00,101.205,101.269,101.055,101.215
2023-07-27 07:00:00,101.215,101.309,100.863,101.026
2023-07-27 15:00:00,101.105,101.109,100.689,100.885
2023-07-27 23:00:00,100.884,101.84,100.551,101.779
2023-07-28 07:00:00,101.778,101.818,101.489,101.695
2023-07-28 15:00:00,101.687,101.894,101.648,101.809
2023-07-28 23:00:00,101.809,102.042,101.357,101.462
2023-07-29 07:00:00,101.462,101.709,101.46,101.701
2023-07-31 07:00:00,101.701,101.701,101.582,101.628
2023-07-31 15:00:00,101.628,101.851,101.614,101.698
2023-07-31 23:00:00,101.702,101.823,101.531,101.756
2023-08-01 07:00:00,101.756,101.905,101.716,101.862
2023-08-01 15:00:00,101.873,102.062,101.851,101.966
2023-08-01 23:00:00,101.966,102.433,101.966,102.256
2023-08-02 07:00:00,102.257,102.407,101.942,101.96
2023-08-02 15:00:00,101.961,102.261,101.959,102.132
2023-08-02 23:00:00,102.132,102.779,102.101,102.726
2023-08-03 07:00:00,102.725,102.758,102.458,102.596
2023-08-03 15:00:00,102.586,102.82,102.52,102.793
2023-08-03 23:00:00,102.794,102.843,102.46,102.593
2023-08-04 07:00:00,102.593,102.596,102.365,102.468
2023-08-04 15:00:00,102.454,102.511,102.363,102.498
2023-08-04 23:00:00,102.499,102.619,101.817,101.907
2023-08-05 07:00:00,101.906,102.058,101.742,102.009
2023-08-07 07:00:00,102.009,102.071,101.967,101.974
2023-08-07 15:00:00,101.974,102.335,101.974,102.303
2023-08-07 23:00:00,102.303,102.384,101.968,102.108
2023-08-08 07:00:00,102.106,102.14,102.023,102.077
2023-08-08 15:00:00,102.067,102.374,102.065,102.222
2023-08-08 23:00:00,102.221,102.796,102.217,102.647
2023-08-09 07:00:00,102.647,102.691,102.503,102.543
2023-08-09 15:00:00,102.549,102.565,102.325,102.371
2023-08-09 23:00:00,102.373,102.581,102.294,102.447
2023-08-10 07:00:00,102.447,102.519,102.364,102.477
2023-08-10 15:00:00,102.481,102.558,102.35,102.379
2023-08-10 23:00:00,102.379,102.386,101.784,102.252
2023-08-11 07:00:00,102.253,102.654,102.248,102.625
2023-08-11 15:00:00,102.617,102.661,102.453,102.549
2023-08-11 23:00:00,102.549,102.834,102.419,102.66
2023-08-12 07:00:00,102.66,102.91,102.635,102.853
2023-08-14 07:00:00,102.853,102.972,102.83,102.948
2023-08-14 15:00:00,102.947,103.022,102.771,102.874
2023-08-14 23:00:00,102.874,103.458,102.806,102.977
2023-08-15 07:00:00,102.979,103.198,102.961,103.168
2023-08-15 15:00:00,103.15,103.204,103.026,103.049
2023-08-15 23:00:00,103.051,103.274,102.817,102.875
2023-08-16 07:00:00,102.875,103.253,102.858,103.205
2023-08-16 15:00:00,103.211,103.275,103.023,103.078
2023-08-16 23:00:00,103.077,103.281,102.944,103.19
2023-08-17 07:00:00,103.189,103.525,103.143,103.424
2023-08-17 15:00:00,103.475,103.598,103.379,103.402
2023-08-17 23:00:00,103.401,103.551,103.061,103.302
2023-08-18 07:00:00,103.301,103.579,103.298,103.423
2023-08-18 15:00:00,103.401,103.424,103.225,103.422
2023-08-18 23:00:00,103.422,103.68,103.352,103.428
2023-08-19 07:00:00,103.428,103.465,103.305,103.433
2023-08-21 07:00:00,103.433,103.433,103.311,103.349
2023-08-21 15:00:00,103.349,103.468,103.304,103.372
2023-08-21 23:00:00,103.371,103.502,103.139,103.305
2023-08-22 07:00:00,103.305,103.356,103.274,103.324
2023-08-22 15:00:00,103.326,103.368,103.097,103.135
2023-08-22 23:00:00,103.136,103.716,103.013,103.573
2023-08-23 07:00:00,103.573,103.631,103.514,103.608
2023-08-23 15:00:00,103.58,103.595,103.437,103.466
2023-08-23 23:00:00,103.467,103.981,103.386,103.552
2023-08-24 07:00:00,103.552,103.554,103.303,103.361
2023-08-24 15:00:00,103.356,103.459,103.273,103.456
2023-08-24 23:00:00,103.456,103.936,103.433,103.725
2023-08-25 07:00:00,103.725,104.027,103.717,103.994
2023-08-25 15:00:00,104.095,104.272,104.042,104.242
2023-08-25 23:00:00,104.242,104.447,103.741,104.407
2023-08-26 07:00:00,104.407,104.42,104.026,104.187
2023-08-28 07:00:00,104.187,104.211,104.101,104.125
2023-08-28 15:00:00,104.126,104.18,103.977,104.164
2023-08-28 23:00:00,104.164,104.171,104.016,104.076
2023-08-29 07:00:00,104.076,104.11,103.971,103.979
2023-08-29 15:00:00,103.92,104.045,103.829,104.042
2023-08-29 23:00:00,104.042,104.355,103.762,103.927
2023-08-30 07:00:00,103.927,103.943,103.365,103.453
2023-08-30 15:00:00,103.444,103.686,103.444,103.605
2023-08-30 23:00:00,103.605,103.698,102.936,103.073
2023-08-31 07:00:00,103.073,103.224,103.022,103.146
2023-08-31 15:00:00,103.102,103.27,103.009,103.27
2023-08-31 23:00:00,103.27,103.74,103.234,103.583
2023-09-01 07:00:00,103.583,103.734,103.536,103.63
2023-09-01 15:00:00,103.616,103.776,103.513,103.619
2023-09-01 23:00:00,103.618,104.036,103.272,104.004
2023-09-02 07:00:00,104.002,104.291,104.002,104.264
2023-09-04 07:00:00,104.264,104.273,104.207,104.223
2023-09-04 15:00:00,104.222,104.262,104.032,104.099
2023-09-04 23:00:00,104.099,104.202,104.025,104.128
2023-09-05 07:00:00,104.129,104.133,104.102,104.103
2023-09-05 15:00:00,104.127,104.489,104.107,104.437
2023-09-05 23:00:00,104.436,104.896,104.396,104.888
2023-09-06 07:00:00,104.89,104.907,104.681,104.778
2023-09-06 15:00:00,104.749,104.875,104.593,104.7
2023-09-06 23:00:00,104.7,105.024,104.616,104.977
2023-09-07 07:00:00,104.977,105.016,104.824,104.833
2023-09-07 15:00:00,104.862,104.93,104.804,104.914
2023-09-07 23:00:00,104.915,105.157,104.891,104.984
2023-09-08 07:00:00,104.984,105.072,104.943,105.047
2023-09-08 15:00:00,105.063,105.072,104.76,104.893
2023-09-08 23:00:00,104.893,105.066,104.663,104.915
2023-09-09 07:00:00,104.914,105.096,104.906,105.056
2023-09-11 07:00:00,105.056,105.056,104.794,104.852
2023-09-11 15:00:00,104.852,104.888,104.524,104.643
2023-09-11 23:00:00,104.642,104.764,104.42,104.501
2023-09-12 07:00:00,104.501,104.583,104.49,104.523
2023-09-12 15:00:00,104.556,104.688,104.46,104.669
2023-09-12 23:00:00,104.668,104.918,104.647,104.863
2023-09-13 07:00:00,104.863,104.863,104.498,104.544
2023-09-13 15:00:00,104.577,104.771,104.514,104.738
2023-09-13 23:00:00,104.739,104.966,104.551,104.708
2023-09-14 07:00:00,104.707,104.805,104.606,104.757
2023-09-14 15:00:00,104.737,104.764,104.561,104.639
2023-09-14 23:00:00,104.64,105.307,104.637,105.174
2023-09-15 07:00:00,105.175,105.435,105.095,105.348
2023-09-15 15:00:00,105.384,105.413,105.176,105.225
2023-09-15 23:00:00,105.226,105.406,105.081,105.287
2023-09-16 07:00:00,105.287,105.358,105.166,105.331
2023-09-18 07:00:00,105.296,105.311,105.223,105.223
2023-09-18 15:00:00,105.223,105.357,105.162,105.285
2023-09-18 23:00:00,105.285,105.361,105.022,105.07
2023-09-19 07:00:00,105.07,105.204,105.026,105.074
2023-09-19 15:00:00,105.081,105.206,105.036,105.185
2023-09-19 23:00:00,105.185,105.194,104.815,105.032
2023-09-20 07:00:00,105.031,105.17,105.024,105.132
2023-09-20 15:00:00,105.109,105.239,105.084,105.187
2023-09-20 23:00:00,105.187,105.255,104.757,104.819
2023-09-21 07:00:00,104.819,105.441,104.665,105.332
2023-09-21 15:00:00,105.437,105.687,105.422,105.455
2023-09-21 23:00:00,105.455,105.738,105.282,105.391
2023-09-22 07:00:00,105.39,105.43,105.278,105.376
2023-09-22 15:00:00,105.384,105.55,105.381,105.468
2023-09-22 23:00:00,105.468,105.782,105.318,105.441
2023-09-23 07:00:00,105.441,105.65,105.425,105.582
2023-09-25 07:00:00,105.572,105.585,105.521,105.522
2023-09-25 15:00:00,105.522,105.761,105.517,105.755
2023-09-25 23:00:00,105.754,106.097,105.578,105.98
2023-09-26 07:00:00,105.98,106.008,105.901,105.951
2023-09-26 15:00:00,105.941,106.19,105.936,106.19
2023-09-26 23:00:00,106.19,106.204,105.864,106.054
2023-09-27 07:00:00,106.054,106.261,106.053,106.167
2023-09-27 15:00:00,106.216,106.321,106.165,106.213
2023-09-27 23:00:00,106.213,106.643,106.176,106.642
2023-09-28 07:00:00,106.643,106.839,106.516,106.669
2023-09-28 15:00:00,106.676,106.755,106.576,106.724
2023-09-28 23:00:00,106.72,106.721,106.144,106.192
2023-09-29 07:00:00,106.191,106.291,106.021,106.127
2023-09-29 15:00:00,106.149,106.223,105.839,105.864
2023-09-29 23:00:00,105.863,106.154,105.658,106.002
2023-09-30 07:00:00,106.002,106.244,105.988,106.174
2023-10-02 07:00:00,106.174,106.291,106.174,106.269
2023-10-02 15:00:00,106.269,106.324,106.044,106.294
2023-10-02 23:00:00,106.294,106.936,106.29,106.93
2023-10-03 07:00:00,106.931,107.034,106.803,107.03
2023-10-03 15:00:00,107.026,107.21,106.99,107.064
2023-10-03 23:00:00,107.064,107.348,106.908,107.028
2023-10-04 07:00:00,107.028,107.249,106.966,107.078
2023-10-04 15:00:00,107.059,107.217,107.009,107.162
2023-10-04 23:00:00,107.162,107.243,106.509,106.918
2023-10-05 07:00:00,106.919,106.945,106.616,106.774
2023-10-05 15:00:00,106.768,106.813,106.503,106.738
2023-10-05 23:00:00,106.738,106.857,106.513,106.536
2023-10-06 07:00:00,106.533,106.622,106.322,106.34
2023-10-06 15:00:00,106.364,106.555,106.355,106.525
2023-10-06 23:00:00,106.525,106.974,106.255,106.516
2023-10-07 07:00:00,106.516,106.53,105.952,106.101
2023-10-09 07:00:00,106.101,106.331,106.101,106.157
2023-10-09 15:00:00,106.157,106.6,106.153,106.435
2023-10-09 23:00:00,106.435,106.562,106.212,106.362
2023-10-10 07:00:00,106.362,106.365,106.024,106.063
2023-10-10 15:00:00,106.033,106.215,105.912,106.174
2023-10-10 23:00:00,106.175,106.248,105.772,105.884
2023-10-11 07:00:00,105.884,105.89,105.661,105.773
2023-10-11 15:00:00,105.732,105.844,105.659,105.761
2023-10-11 23:00:00,105.761,105.944,105.559,105.676
2023-10-12 07:00:00,105.676,106.014,105.672,105.725
2023-10-12 15:00:00,105.674,105.712,105.535,105.57
2023-10-12 23:00:00,105.57,106.376,105.57,106.326
2023-10-13 07:00:00,106.325,106.602,106.278,106.57
2023-10-13 15:00:00,106.524,106.528,106.37,106.49
2023-10-13 23:00:00,106.489,106.755,106.29,106.724
2023-10-14 07:00:00,106.724,106.787,106.616,106.672
2023-10-16 07:00:00,106.579,106.627,106.543,106.6
2023-10-16 15:00:00,106.599,106.599,106.41,106.422
2023-10-16 23:00:00,106.423,106.53,106.287,106.307
2023-10-17 07:00:00,106.306,106.337,106.184,106.211
2023-10-17 15:00:00,106.256,106.451,106.208,106.427
2023-10-17 23:00:00,106.427,106.525,106.086,106.19
2023-10-18 07:00:00,106.19,106.298,106.023,106.199
2023-10-18 15:00:00,106.218,106.326,106.013,106.144
2023-10-18 23:00:00,106.145,106.578,106.085,106.519
2023-10-19 07:00:00,106.519,106.636,106.377,106.552
2023-10-19 15:00:00,106.539,106.659,106.509,106.548
2023-10-19 23:00:00,106.548,106.67,106.241,106.364
2023-10-20 07:00:00,106.363,106.445,105.975,106.251
2023-10-20 15:00:00,106.255,106.418,106.214,106.336
2023-10-20 23:00:00,106.336,106.4,106.108,106.196
2023-10-21 07:00:00,106.196,106.259,106.07,106.163
2023-10-23 07:00:00,106.163,106.228,106.146,106.203
2023-10-23 15:00:00,106.203,106.334,106.062,106.129
2023-10-23 23:00:00,106.13,106.254,105.627,105.627
2023-10-24 07:00:00,105.627,105.668,105.517,105.591
2023-10-24 15:00:00,105.614,105.62,105.398,105.406
2023-10-24 23:00:00,105.405,106.253,105.36,106.175
2023-10-25 07:00:00,106.175,106.319,106.171,106.27
2023-10-25 15:00:00,106.245,106.273,106.139,106.27
2023-10-25 23:00:00,106.272,106.521,106.26,106.349
2023-10-26 07:00:00,106.349,106.57,106.254,106.561
2023-10-26 15:00:00,106.582,106.883,106.529,106.808
2023-10-26 23:00:00,106.809,106.881,106.587,106.714
2023-10-27 07:00:00,106.715,106.894,106.58,106.597
2023-10-27 15:00:00,106.585,106.677,106.51,106.638
2023-10-27 23:00:00,106.638,106.801,106.324,106.451
2023-10-28 07:00:00,106.451,106.626,106.329,106.581
2023-10-30 07:00:00,106.581,106.662,106.548,106.609
2023-10-30 15:00:00,106.609,106.704,106.503,106.617
2023-10-30 23:00:00,106.617,106.617,106.063,106.221
2023-10-31 07:00:00,106.22,106.275,106.088,106.138
2023-10-31 15:00:00,106.164,106.453,106.148,106.318
2023-10-31 23:00:00,106.317,106.558,105.906,106.51
2023-11-01 07:00:00,106.51,106.859,106.476,106.698
2023-11-01 15:00:00,106.67,106.777,106.651,106.686
2023-11-01 23:00:00,106.686,107.09,106.613,106.782
2023-11-02 07:00:00,106.783,107.113,106.625,106.631
2023-11-02 15:00:00,106.504,106.511,106.315,106.356
2023-11-02 23:00:00,106.356,106.469,105.812,106.077
2023-11-03 07:00:00,106.078,106.295,106.052,106.149
2023-11-03 15:00:00,106.202,106.224,106.044,106.066
2023-11-03 23:00:00,106.066,106.166,105.12,105.229
2023-11-04 07:00:00,105.228,105.251,104.941,105.069
2023-11-06 07:00:00,105.069,105.152,105.059,105.096
2023-11-06 15:00:00,105.096,105.104,104.848,104.951
2023-11-06 23:00:00,104.951,105.16,104.867,105.099
2023-11-07 07:00:00,105.1,105.293,105.091,105.259
2023-11-07 15:00:00,105.27,105.541,105.269,105.509
2023-11-07 23:00:00,105.509,105.775,105.395,105.599
2023-11-08 07:00:00,105.598,105.754,105.451,105.513
2023-11-08 15:00:00,105.539,105.749,105.514,105.701
2023-11-08 23:00:00,105.701,105.872,105.519,105.539
2023-11-09 07:00:00,105.539,105.608,105.449,105.541
2023-11-09 15:00:00,105.534,105.597,105.469,105.55
2023-11-09 23:00:00,105.55,105.748,105.377,105.443
2023-11-10 07:00:00,105.444,105.966,105.429,105.913
2023-11-10 15:00:00,105.929,105.994,105.846,105.929
2023-11-10 23:00:00,105.928,106.006,105.743,105.954
2023-11-11 07:00:00,105.953,106.003,105.782,105.801
2023-11-13 07:00:00,105.801,105.847,105.756,105.792
2023-11-13 15:00:00,105.792,105.856,105.68,105.778
2023-11-13 23:00:00,105.778,105.956,105.587,105.676
2023-11-14 07:00:00,105.677,105.723,105.6,105.66
2023-11-14 15:00:00,105.647,105.732,105.584,105.608
2023-11-14 23:00:00,105.608,105.7,104.389,104.442
2023-11-15 07:00:00,104.442,104.449,103.987,104.061
2023-11-15 15:00:00,104.216,104.224,104.048,104.151
2023-11-15 23:00:00,104.152,104.511,103.981,104.192
2023-11-16 07:00:00,104.192,104.435,104.163,104.379
2023-11-16 15:00:00,104.358,104.557,104.336,104.482
2023-11-16 23:00:00,104.483,104.537,104.007,104.155
2023-11-17 07:00:00,104.155,104.438,104.107,104.372
2023-11-17 15:00:00,104.397,104.506,104.317,104.47
2023-11-17 23:00:00,104.47,104.55,103.974,104.011
2023-11-18 07:00:00,104.012,104.141,103.814,103.815
2023-11-20 07:00:00,103.815,103.972,103.802,103.832
2023-11-20 15:00:00,103.832,103.84,103.467,103.469
2023-11-20 23:00:00,103.469,103.694,103.388,103.509
2023-11-21 07:00:00,103.509,103.517,103.379,103.446
2023-11-21 15:00:00,103.466,103.466,103.18,103.294
2023-11-21 23:00:00,103.294,103.407,103.178,103.387
2023-11-22 07:00:00,103.387,103.709,103.311,103.556
2023-11-22 15:00:00,103.548,103.8,103.48,103.65
2023-11-22 23:00:00,103.651,104.213,103.593,104.115
2023-11-23 07:00:00,104.115,104.149,103.868,103.886
2023-11-23 15:00:00,103.855,103.863,103.582,103.617
2023-11-23 23:00:00,103.617,103.883,103.535,103.721
2023-11-24 07:00:00,103.722,103.782,103.719,103.745
2023-11-24 15:00:00,103.748,103.843,103.674,103.736
2023-11-24 23:00:00,103.736,103.77,103.361,103.391
2023-11-25 07:00:00,103.391,103.494,103.356,103.415
2023-11-27 07:00:00,103.415,103.531,103.325,103.351
2023-11-27 15:00:00,103.352,103.447,103.229,103.349
2023-11-27 23:00:00,103.349,103.465,103.21,103.403
2023-11-28 07:00:00,103.404,103.419,103.188,103.195
2023-11-28 15:00:00,103.125,103.322,103.074,103.311
2023-11-28 23:00:00,103.311,103.312,102.741,102.892
2023-11-29 07:00:00,102.892,102.918,102.61,102.716
2023-11-29 15:00:00,102.654,102.801,102.467,102.779
2023-11-29 23:00:00,102.78,103.009,102.675,102.846
2023-11-30 07:00:00,102.847,102.971,102.648,102.822
2023-11-30 15:00:00,102.827,103.044,102.719,102.946
2023-11-30 23:00:00,102.945,103.581,102.884,103.29
2023-12-01 07:00:00,103.287,103.59,103.234,103.468
2023-12-01 15:00:00,103.355,103.448,103.269,103.448
2023-12-01 23:00:00,103.447,103.719,103.266,103.643
2023-12-02 07:00:00,103.643,103.722,103.115,103.193
2023-12-04 07:00:00,103.193,103.339,103.064,103.285
2023-12-04 15:00:00,103.286,103.516,103.196,103.311
2023-12-04 23:00:00,103.311,103.852,103.274,103.709
2023-12-05 07:00:00,103.709,103.822,103.624,103.639
2023-12-05 15:00:00,103.555,103.663,103.546,103.604
2023-12-05 23:00:00,103.764,103.913,103.571,103.85
2023-12-06 07:00:00,103.85,104.092,103.804,103.973
2023-12-06 15:00:00,103.991,104.04,103.889,103.927
2023-12-06 23:00:00,103.93,104.103,103.867,103.956
2023-12-07 07:00:00,103.956,104.233,103.872,104.168
2023-12-07 15:00:00,104.114,104.2,103.872,103.895
2023-12-07 23:00:00,103.895,104.018,103.668,103.721
2023-12-08 07:00:00,103.722,103.73,103.272,103.61
2023-12-08 15:00:00,103.637,103.805,103.435,103.752
2023-12-08 23:00:00,103.752,104.263,103.637,103.906
2023-12-09 07:00:00,103.905,104.165,103.879,103.983
2023-12-11 07:00:00,103.983,104.018,103.932,104.018
2023-12-11 15:00:00,104.018,104.207,103.99,104.078
2023-12-11 23:00:00,104.076,104.262,103.989,104.254
2023-12-12 07:00:00,104.254,104.262,104.029,104.087
2023-12-12 15:00:00,104.033,104.048,103.825,103.891
2023-12-12 23:00:00,103.891,104.096,103.487,103.912
2023-12-13 07:00:00,103.912,103.948,103.782,103.8
2023-12-13 15:00:00,103.822,103.997,103.797,103.956
2023-12-13 23:00:00,103.956,104.031,103.675,103.815
2023-12-14 07:00:00,103.815,103.953,102.777,102.906
2023-12-14 15:00:00,102.775,102.803,102.43,102.789
2023-12-14 23:00:00,102.789,102.79,101.899,101.915
2023-12-15 07:00:00,101.915,102.04,101.77,101.959
2023-12-15 15:00:00,102.097,102.117,101.839,101.931
2023-12-15 23:00:00,101.931,102.578,101.881,102.391
2023-12-16 07:00:00,102.391,102.643,102.359,102.594
2023-12-18 07:00:00,102.594,102.634,102.545,102.593
2023-12-18 15:00:00,102.593,102.594,102.377,102.473
2023-12-18 23:00:00,102.474,102.62,102.406,102.486
2023-12-19 07:00:00,102.486,102.599,102.483,102.508
2023-12-19 15:00:00,102.47,102.629,102.425,102.589
2023-12-19 23:00:00,102.589,102.613,102.066,102.082
2023-12-20 07:00:00,102.082,102.206,102.065,102.139
2023-12-20 15:00:00,102.192,102.343,102.156,102.239
2023-12-20 23:00:00,102.237,102.474,102.169,102.192
2023-12-21 07:00:00,102.191,102.544,102.179,102.402
2023-12-21 15:00:00,102.394,102.394,102.258,102.357
2023-12-21 23:00:00,102.358,102.449,101.812,101.933
2023-12-22 07:00:00,101.932,102.03,101.735,101.758
2023-12-22 15:00:00,101.763,101.895,101.755,101.805
2023-12-22 23:00:00,101.806,101.817,101.429,101.703
2023-12-23 07:00:00,101.703,101.812,101.614,101.709
2023-12-26 15:00:00,101.654,101.668,101.569,101.639
2023-12-26 23:00:00,101.639,101.771,101.548,101.628
2023-12-27 07:00:00,101.629,101.635,101.442,101.443
2023-12-27 15:00:00,101.548,101.574,101.444,101.512
2023-12-27 23:00:00,101.513,101.526,100.96,100.983
2023-12-28 07:00:00,100.983,101.033,100.832,100.92
2023-12-28 15:00:00,100.867,100.872,100.671,100.737
2023-12-28 23:00:00,100.737,101.107,100.617,100.83
2023-12-29 07:00:00,100.831,101.297,100.831,101.21
2023-12-29 15:00:00,101.196,101.224,101.094,101.201
2023-12-29 23:00:00,101.2,101.422,101.066,101.252
2023-12-30 07:00:00,101.252,101.389,101.104,101.379
2024-01-02 15:00:00,101.417,101.588,101.34,101.57
2024-01-02 23:00:00,101.57,102.203,101.37,102.181
2024-01-03 07:00:00,102.182,102.252,102.053,102.236
2024-01-03 15:00:00,102.15,102.214,102.075,102.141
2024-01-03 23:00:00,102.141,102.711,102.106,102.646
2024-01-04 07:00:00,102.647,102.726,102.418,102.431
2024-01-04 15:00:00,102.457,102.52,102.263,102.323
2024-01-04 23:00:00,102.323,102.527,102.145,102.361
2024-01-05 07:00:00,102.362,102.461,102.285,102.423
2024-01-05 15:00:00,102.395,102.645,102.35,102.618
2024-01-05 23:00:00,102.619,103.101,101.908,102.094
2024-01-06 07:00:00,102.094,102.498,102.071,102.435
2024-01-08 07:00:00,102.435,102.51,102.32,102.365
2024-01-08 15:00:00,102.365,102.62,102.333,102.467
2024-01-08 23:00:00,102.467,102.515,102.075,102.194
2024-01-09 07:00:00,102.193,102.327,102.183,102.281
2024-01-09 15:00:00,102.223,102.335,102.108,102.243
2024-01-09 23:00:00,102.243,102.592,102.243,102.591
2024-01-10 07:00:00,102.59,102.657,102.433,102.5
2024-01-10 15:00:00,102.482,102.641,102.47,102.593
2024-01-10 23:00:00,102.593,102.616,102.354,102.376
2024-01-11 07:00:00,102.377,102.506,102.342,102.354
2024-01-11 15:00:00,102.297,102.303,102.175,102.249
2024-01-11 23:00:00,102.248,102.764,102.158,102.623
2024-01-12 07:00:00,102.622,102.713,102.277,102.324
2024-01-12 15:00:00,102.298,102.384,102.186,102.337
2024-01-12 23:00:00,102.336,102.587,102.087,102.289
2024-01-13 07:00:00,102.289,102.485,102.239,102.439
2024-01-15 07:00:00,102.439,102.557,102.42,102.428
2024-01-15 15:00:00,102.428,102.595,102.313,102.565
2024-01-15 23:00:00,102.565,102.674,102.506,102.609
2024-01-16 07:00:00,102.609,102.613,102.572,102.608
2024-01-16 15:00:00,102.742,102.999,102.742,102.919
2024-01-16 23:00:00,102.919,103.33,102.878,103.17
2024-01-17 07:00:00,103.17,103.425,103.106,103.313
2024-01-17 15:00:00,103.363,103.581,103.262,103.447
2024-01-17 23:00:00,103.443,103.692,103.285,103.651
2024-01-18 07:00:00,103.651,103.653,103.364,103.373
2024-01-18 15:00:00,103.369,103.37,103.147,103.277
2024-01-18 23:00:00,103.276,103.629,103.209,103.592
2024-01-19 07:00:00,103.591,103.609,103.381,103.384
2024-01-19 15:00:00,103.372,103.493,103.312,103.41
2024-01-19 23:00:00,103.41,103.546,103.291,103.372
2024-01-20 07:00:00,103.371,103.417,103.236,103.239
2024-01-22 07:00:00,103.239,103.294,103.147,103.172
2024-01-22 15:00:00,103.172,103.325,103.114,103.22
2024-01-22 23:00:00,103.22,103.308,103.136,103.214
2024-01-23 07:00:00,103.214,103.371,103.214,103.359
2024-01-23 15:00:00,103.353,103.384,102.982,103.093
2024-01-23 23:00:00,103.093,103.8,103.072,103.736
2024-01-24 07:00:00,103.737,103.817,103.529,103.529
2024-01-24 15:00:00,103.506,103.548,103.295,103.346
2024-01-24 23:00:00,103.346,103.366,102.77,103.054
2024-01-25 07:00:00,103.053,103.325,103.024,103.254
2024-01-25 15:00:00,103.354,103.403,103.216,103.239
2024-01-25 23:00:00,103.239,103.601,103.12,103.587
2024-01-26 07:00:00,103.587,103.684,103.465,103.501
2024-01-26 15:00:00,103.515,103.729,103.446,103.675
2024-01-26 23:00:00,103.675,103.693,103.146,103.37
2024-01-27 07:00:00,103.369,103.483,103.327,103.474
2024-01-29 07:00:00,103.474,103.569,103.474,103.518
2024-01-29 15:00:00,103.518,103.593,103.415,103.58
2024-01-29 23:00:00,103.58,103.824,103.513,103.679
2024-01-30 07:00:00,103.678,103.708,103.403,103.459
2024-01-30 15:00:00,103.437,103.604,103.366,103.506
2024-01-30 23:00:00,103.506,103.614,103.31,103.546
2024-01-31 07:00:00,103.546,103.565,103.379,103.413
2024-01-31 15:00:00,103.419,103.683,103.394,103.615
2024-01-31 23:00:00,103.616,103.656,102.942,103.071
2024-02-01 07:00:00,103.071,103.741,103.021,103.536
2024-02-01 15:00:00,103.512,103.811,103.438,103.714
2024-02-01 23:00:00,103.712,103.8,103.383,103.421
2024-02-02 07:00:00,103.421,103.421,103.02,103.034
2024-02-02 15:00:00,102.993,103.07,102.971,103.024
2024-02-02 23:00:00,103.023,103.984,102.901,103.832
2024-02-03 07:00:00,103.831,104.043,103.821,103.962
2024-02-05 07:00:00,103.962,104.187,103.962,104.054
2024-02-05 15:00:00,104.054,104.261,103.986,104.253
2024-02-05 23:00:00,104.251,104.604,104.224,104.456
2024-02-06 07:00:00,104.456,104.508,104.39,104.455
2024-02-06 15:00:00,104.436,104.442,104.242,104.34
2024-02-06 23:00:00,104.34,104.589,104.281,104.322
2024-02-07 07:00:00,104.322,104.359,104.137,104.138
2024-02-07 15:00:00,104.15,104.165,104.018,104.018
2024-02-07 23:00:00,104.018,104.144,103.941,104.11
2024-02-08 07:00:00,104.11,104.142,104.031,104.037
2024-02-08 15:00:00,104.027,104.087,103.955,104.056
2024-02-08 23:00:00,104.056,104.434,104.021,104.273
2024-02-09 07:00:00,104.273,104.275,104.078,104.147
2024-02-09 15:00:00,104.144,104.211,104.108,104.125
2024-02-09 23:00:00,104.125,104.261,103.954,104.077
2024-02-10 07:00:00,104.077,104.144,104.044,104.08
2024-02-12 07:00:00,104.08,104.085,103.962,104.002
2024-02-12 15:00:00,104.002,104.18,103.895,104.166
2024-02-12 23:00:00,104.167,104.279,104.049,104.049
2024-02-13 07:00:00,104.05,104.18,104.023,104.132
2024-02-13 15:00:00,104.175,104.252,104.11,104.166
2024-02-13 23:00:00,104.166,104.883,103.967,104.783
2024-02-14 07:00:00,104.783,104.963,104.734,104.852
2024-02-14 15:00:00,104.835,104.898,104.739,104.855
2024-02-14 23:00:00,104.854,104.976,104.756,104.793
2024-02-15 07:00:00,104.793,104.804,104.657,104.691
2024-02-15 15:00:00,104.66,104.714,104.591,104.673
2024-02-15 23:00:00,104.672,104.687,104.182,104.384
2024-02-16 07:00:00,104.384,104.458,104.244,104.247
2024-02-16 15:00:00,104.298,104.444,104.298,104.393
2024-02-16 23:00:00,104.393,104.672,104.248,104.337
2024-02-17 07:00:00,104.337,104.401,104.168,104.275
2024-02-19 07:00:00,104.275,104.279,104.143,104.216
2024-02-19 15:00:00,104.216,104.259,104.14,104.243
2024-02-19 23:00:00,104.244,104.373,104.195,104.291
2024-02-20 07:00:00,104.291,104.292,104.232,104.283
2024-02-20 15:00:00,104.316,104.412,104.316,104.363
2024-02-20 23:00:00,104.363,104.372,103.796,103.902
2024-02-21 07:00:00,103.901,104.099,103.887,104.058
2024-02-21 15:00:00,104.037,104.091,103.951,104.043
2024-02-21 23:00:00,104.042,104.213,103.979,104.109
2024-02-22 07:00:00,104.109,104.169,103.943,103.97
2024-02-22 15:00:00,103.914,103.997,103.677,103.681
2024-02-22 23:00:00,103.681,104.129,103.434,104.076
2024-02-23 07:00:00,104.076,104.079,103.926,103.927
2024-02-23 15:00:00,103.946,103.985,103.868,103.892
2024-02-23 23:00:00,103.892,104.052,103.769,103.949
2024-02-24 07:00:00,103.95,104.008,103.868,103.961
2024-02-26 07:00:00,103.961,104.016,103.932,103.997
2024-02-26 15:00:00,103.997,104.018,103.851,103.858
2024-02-26 23:00:00,103.858,103.891,103.71,103.839
2024-02-27 07:00:00,103.839,103.882,103.761,103.78
2024-02-27 15:00:00,103.779,103.812,103.656,103.698
2024-02-27 23:00:00,103.698,103.923,103.609,103.789
2024-02-28 07:00:00,103.789,103.861,103.711,103.814
2024-02-28 15:00:00,103.843,104.078,103.807,104.022
2024-02-28 23:00:00,104.022,104.242,103.944,103.98
2024-02-29 07:00:00,103.981,103.994,103.872,103.915
2024-02-29 15:00:00,103.92,103.961,103.828,103.901
2024-02-29 23:00:00,103.9,104.031,103.656,103.943
2024-03-01 07:00:00,103.944,104.201,103.926,104.148
2024-03-01 15:00:00,104.126,104.144,104.043,104.135
2024-03-01 23:00:00,104.136,104.292,103.869,103.91
2024-03-02 07:00:00,103.909,104.015,103.842,103.885
2024-03-04 07:00:00,103.885,103.902,103.784,103.881
2024-03-04 15:00:00,103.881,103.904,103.763,103.823
2024-03-04 23:00:00,103.822,103.963,103.728,103.806
2024-03-05 07:00:00,103.806,103.846,103.787,103.822
2024-03-05 15:00:00,103.849,103.949,103.826,103.923
2024-03-05 23:00:00,103.923,103.94,103.58,103.641
2024-03-06 07:00:00,103.641,103.832,103.635,103.769
2024-03-06 15:00:00,103.814,103.893,103.651,103.697
2024-03-06 23:00:00,103.696,103.727,103.284,103.314
2024-03-07 07:00:00,103.314,103.411,103.201,103.354
2024-03-07 15:00:00,103.312,103.352,103.184,103.247
2024-03-07 23:00:00,103.247,103.327,102.958,102.984
2024-03-08 07:00:00,102.983,103.017,102.794,102.798
2024-03-08 15:00:00,102.732,102.88,102.722,102.866
2024-03-08 23:00:00,102.866,102.898,102.358,102.558
2024-03-09 07:00:00,102.56,102.794,102.557,102.741
2024-03-11 07:00:00,102.741,102.768,102.644,102.68
2024-03-11 15:00:00,102.681,102.76,102.636,102.693
2024-03-11 23:00:00,102.693,102.933,102.663,102.842
2024-03-12 07:00:00,102.842,102.924,102.81,102.85
2024-03-12 15:00:00,102.818,102.85,102.776,102.809
2024-03-12 23:00:00,102.81,103.177,102.724,103.045
2024-03-13 07:00:00,103.046,103.11,102.923,102.926
2024-03-13 15:00:00,102.925,102.96,102.868,102.935
2024-03-13 23:00:00,102.935,103.021,102.814,102.831
2024-03-14 07:00:00,102.831,102.867,102.666,102.785
2024-03-14 15:00:00,102.764,102.9,102.736,102.89
2024-03-14 23:00:00,102.89,103.255,102.796,103.235
2024-03-15 07:00:00,103.234,103.396,103.218,103.355
2024-03-15 15:00:00,103.387,103.487,103.377,103.406
2024-03-15 23:00:00,103.406,103.481,103.301,103.41
2024-03-16 07:00:00,103.41,103.494,103.407,103.446
2024-03-18 07:00:00,103.446,103.499,103.416,103.489
2024-03-18 15:00:00,103.489,103.514,103.368,103.401
2024-03-18 23:00:00,103.401,103.624,103.335,103.593
2024-03-19 07:00:00,103.593,103.649,103.556,103.582
2024-03-19 15:00:00,103.587,103.826,103.576,103.786
2024-03-19 23:00:00,103.786,104.059,103.766,103.837
2024-03-20 07:00:00,103.838,103.924,103.792,103.821
2024-03-20 15:00:00,103.841,103.925,103.827,103.869
2024-03-20 23:00:00,103.868,104.149,103.834,104.039
2024-03-21 07:00:00,104.039,104.044,103.379,103.382
2024-03-21 15:00:00,103.244,103.296,103.172,103.249
2024-03-21 23:00:00,103.249,103.907,103.193,103.837
2024-03-22 07:00:00,103.838,104.054,103.837,104.005
2024-03-22 15:00:00,103.992,104.254,103.922,104.222
2024-03-22 23:00:00,104.222,104.445,104.19,104.338
2024-03-23 07:00:00,104.338,104.496,104.311,104.43
2024-03-25 07:00:00,104.43,104.475,104.371,104.461
2024-03-25 15:00:00,104.46,104.463,104.275,104.379
2024-03-25 23:00:00,104.379,104.41,104.144,104.23
2024-03-26 07:00:00,104.23,104.255,104.204,104.229
2024-03-26 15:00:00,104.22,104.243,104.103,104.114
2024-03-26 23:00:00,104.114,104.242,104.012,104.212
2024-03-27 07:00:00,104.212,104.336,104.183,104.298
2024-03-27 15:00:00,104.295,104.42,104.292,104.329
2024-03-27 23:00:00,104.329,104.457,104.216,104.393
2024-03-28 07:00:00,104.393,104.4,104.285,104.372
2024-03-28 15:00:00,104.435,104.472,104.305,104.378
2024-03-28 23:00:00,104.378,104.727,104.313,104.437
2024-03-29 07:00:00,104.437,104.576,104.387,104.532
2024-04-01 07:00:00,104.487,104.541,104.423,104.49
2024-04-01 15:00:00,104.49,104.563,104.46,104.506
2024-04-01 23:00:00,104.507,105.075,104.497,105.017
2024-04-02 07:00:00,105.017,105.02,104.955,104.965
2024-04-02 15:00:00,105.004,105.1,104.99,105.064
2024-04-02 23:00:00,105.064,105.079,104.682,104.792
2024-04-03 07:00:00,104.792,104.841,104.736,104.753
2024-04-03 15:00:00,104.772,104.809,104.705,104.792
2024-04-03 23:00:00,104.792,104.843,104.356,104.371
2024-04-04 07:00:00,104.372,104.396,104.227,104.227
2024-04-04 15:00:00,104.226,104.263,104.156,104.221
2024-04-04 23:00:00,104.221,104.227,103.915,104.003
2024-04-05 07:00:00,104.005,104.261,103.997,104.207
2024-04-05 15:00:00,104.209,104.352,104.135,104.294
2024-04-05 23:00:00,104.294,104.693,104.169,104.415
2024-04-06 07:00:00,104.414,104.44,104.224,104.287
2024-04-08 07:00:00,104.292,104.43,104.29,104.403
2024-04-08 15:00:00,104.403,104.426,104.252,104.417
2024-04-08 23:00:00,104.417,104.437,104.14,104.208
2024-04-09 07:00:00,104.208,104.211,104.098,104.121
2024-04-09 15:00:00,104.12,104.194,104.104,104.187
2024-04-09 23:00:00,104.187,104.203,103.88,104.117
2024-04-10 07:00:00,104.118,104.196,104.092,104.111
2024-04-10 15:00:00,104.097,104.166,104.091,104.114
2024-04-10 23:00:00,104.114,105.107,104.024,105.062
2024-04-11 07:00:00,105.062,105.3,105.053,105.191
2024-04-11 15:00:00,105.184,105.318,105.115,105.303
2024-04-11 23:00:00,105.303,105.527,105.03,105.489
2024-04-12 07:00:00,105.488,105.523,105.192,105.259
2024-04-12 15:00:00,105.276,105.644,105.237,105.629
2024-04-12 23:00:00,105.629,106.109,105.597,106.046
2024-04-13 07:00:00,106.046,106.058,105.916,106.013
2024-04-15 07:00:00,106.013,106.032,105.922,105.994
2024-04-15 15:00:00,105.993,106.07,105.856,105.913
2024-04-15 23:00:00,105.913,106.229,105.839,106.12
2024-04-16 07:00:00,106.12,106.245,106.086,106.182
2024-04-16 15:00:00,106.174,106.437,106.174,106.369
2024-04-16 23:00:00,106.367,106.367,106.069,106.254
2024-04-17 07:00:00,106.256,106.517,106.182,106.372
2024-04-17 15:00:00,106.328,106.438,106.144,106.162
2024-04-17 23:00:00,106.163,106.277,106.066,106.239
2024-04-18 07:00:00,106.239,106.261,105.872,105.919
2024-04-18 15:00:00,105.93,106.002,105.741,105.804
2024-04-18 23:00:00,105.804,106.129,105.77,106.08
2024-04-19 07:00:00,106.08,106.182,105.97,106.157
2024-04-19 15:00:00,106.193,106.348,106.097,106.125
2024-04-19 23:00:00,106.125,106.162,105.849,105.944
2024-04-20 07:00:00,105.946,106.221,105.927,106.118
2024-04-22 07:00:00,106.118,106.136,106.035,106.129
2024-04-22 15:00:00,106.129,106.181,105.981,106.112
2024-04-22 23:00:00,106.112,106.395,106.072,106.174
2024-04-23 07:00:00,106.174,106.177,106.06,106.12
2024-04-23 15:00:00,106.124,106.241,106.052,106.186
2024-04-23 23:00:00,106.188,106.206,105.614,105.736
2024-04-24 07:00:00,105.736,105.808,105.639,105.685
2024-04-24 15:00:00,105.694,105.79,105.592,105.775
2024-04-24 23:00:00,105.773,105.948,105.763,105.885
2024-04-25 07:00:00,105.884,105.95,105.746,105.823
2024-04-25 15:00:00,105.821,105.844,105.609,105.65
2024-04-25 23:00:00,105.65,105.997,105.508,105.745
2024-04-26 07:00:00,105.745,105.784,105.525,105.571
2024-04-26 15:00:00,105.576,105.708,105.548,105.598
2024-04-26 23:00:00,105.598,106.141,105.414,106.117
2024-04-27 07:00:00,106.117,106.188,105.926,106.093
2024-04-29 07:00:00,106.093,106.093,105.922,105.938
2024-04-29 15:00:00,105.937,106.082,105.462,105.75
2024-04-29 23:00:00,105.75,105.923,105.47,105.568
2024-04-30 07:00:00,105.567,105.67,105.543,105.634
2024-04-30 15:00:00,105.672,105.963,105.672,105.861
2024-04-30 23:00:00,105.861,106.086,105.667,106.051
2024-05-01 07:00:00,106.054,106.345,106.008,106.305
2024-05-01 15:00:00,106.315,106.49,106.309,106.477
2024-05-01 23:00:00,106.477,106.478,106.141,106.194
2024-05-02 07:00:00,106.193,106.285,105.435,105.631
2024-05-02 15:00:00,105.731,105.851,105.566,105.67
2024-05-02 23:00:00,105.669,105.897,105.557,105.749
2024-05-03 07:00:00,105.748,105.762,105.298,105.344
2024-05-03 15:00:00,105.312,105.372,105.184,105.307
2024-05-03 23:00:00,105.307,105.348,104.522,105.036
2024-05-04 07:00:00,105.037,105.1,104.915,105.076
2024-05-06 07:00:00,105.076,105.202,105.046,105.084
2024-05-06 15:00:00,105.084,105.197,105.03,105.076
2024-05-06 23:00:00,105.076,105.104,104.867,105.061
2024-05-07 07:00:00,105.061,105.126,105.031,105.087
2024-05-07 15:00:00,105.144,105.288,105.033,105.204
2024-05-07 23:00:00,105.205,105.305,105.045,105.118
2024-05-08 07:00:00,105.118,105.446,105.08,105.379
2024-05-08 15:00:00,105.424,105.578,105.389,105.537
2024-05-08 23:00:00,105.537,105.644,105.477,105.511
2024-05-09 07:00:00,105.512,105.573,105.434,105.5
2024-05-09 15:00:00,105.523,105.648,105.492,105.635
2024-05-09 23:00:00,105.635,105.742,105.251,105.301
2024-05-10 07:00:00,105.301,105.373,105.199,105.201
2024-05-10 15:00:00,105.205,105.334,105.204,105.274
2024-05-10 23:00:00,105.274,105.402,105.141,105.385
2024-05-11 07:00:00,105.384,105.402,105.242,105.314
2024-05-13 07:00:00,105.307,105.355,105.289,105.347
2024-05-13 15:00:00,105.346,105.369,105.239,105.246
2024-05-13 23:00:00,105.247,105.297,105.055,105.195
2024-05-14 07:00:00,105.194,105.249,105.187,105.214
2024-05-14 15:00:00,105.204,105.299,105.189,105.264
2024-05-14 23:00:00,105.264,105.458,104.958,104.974
2024-05-15 07:00:00,104.974,105.073,104.974,105.021
2024-05-15 15:00:00,105.047,105.063,104.908,104.912
2024-05-15 23:00:00,104.911,104.924,104.413,104.578
2024-05-16 07:00:00,104.578,104.588,104.283,104.283
2024-05-16 15:00:00,104.206,104.325,104.08,104.32
2024-05-16 23:00:00,104.32,104.626,104.263,104.469
2024-05-17 07:00:00,104.468,104.522,104.413,104.492
2024-05-17 15:00:00,104.5,104.665,104.49,104.569
2024-05-17 23:00:00,104.569,104.798,104.41,104.421
2024-05-18 07:00:00,104.42,104.505,104.392,104.497
2024-05-20 07:00:00,104.497,104.522,104.452,104.473
2024-05-20 15:00:00,104.473,104.506,104.394,104.45
2024-05-20 23:00:00,104.45,104.649,104.45,104.533
2024-05-21 07:00:00,104.533,104.624,104.492,104.624
2024-05-21 15:00:00,104.596,104.703,104.564,104.593
2024-05-21 23:00:00,104.592,104.769,104.477,104.565
2024-05-22 07:00:00,104.565,104.707,104.558,104.622
2024-05-22 15:00:00,104.617,104.673,104.557,104.58
2024-05-22 23:00:00,104.58,104.931,104.57,104.823
2024-05-23 07:00:00,104.823,104.969,104.696,104.909
2024-05-23 15:00:00,104.902,104.937,104.838,104.876
2024-05-23 23:00:00,104.875,104.959,104.625,104.94
2024-05-24 07:00:00,104.941,105.113,104.888,105.047
2024-05-24 15:00:00,105.035,105.119,105.025,105.062
2024-05-24 23:00:00,105.062,105.062,104.73,104.748
2024-05-25 07:00:00,104.748,104.751,104.638,104.748
2024-05-27 07:00:00,104.748,104.748,104.7,104.72
2024-05-27 15:00:00,104.72,104.748,104.677,104.714
2024-05-27 23:00:00,104.714,104.755,104.566,104.584
2024-05-28 07:00:00,104.584,104.613,104.575,104.583
2024-05-28 15:00:00,104.577,104.579,104.411,104.464
2024-05-28 23:00:00,104.464,104.574,104.335,104.452
2024-05-29 07:00:00,104.452,104.642,104.421,104.611
2024-05-29 15:00:00,104.643,104.745,104.623,104.651
2024-05-29 23:00:00,104.651,105.033,104.589,105.009
2024-05-30 07:00:00,105.009,105.143,104.991,105.118
2024-05-30 15:00:00,105.128,105.184,105.084,105.097
2024-05-30 23:00:00,105.097,105.109,104.632,104.669
2024-05-31 07:00:00,104.67,104.797,104.635,104.742
2024-05-31 15:00:00,104.764,104.897,104.729,104.813
2024-05-31 23:00:00,104.813,104.899,104.361,104.571
2024-06-01 07:00:00,104.575,104.72,104.563,104.625
2024-06-03 07:00:00,104.625,104.631,104.516,104.525
2024-06-03 15:00:00,104.525,104.732,104.507,104.7
2024-06-03 23:00:00,104.7,104.767,104.147,104.212
2024-06-04 07:00:00,104.212,104.249,104.044,104.044
2024-06-04 15:00:00,104.054,104.141,103.993,104.116
2024-06-04 23:00:00,104.117,104.333,104.102,104.147
2024-06-05 07:00:00,104.147,104.185,104.038,104.147
2024-06-05 15:00:00,104.17,104.281,104.125,104.261
2024-06-05 23:00:00,104.263,104.451,104.14,104.413
2024-06-06 07:00:00,104.412,104.46,104.252,104.291
2024-06-06 15:00:00,104.253,104.261,104.049,104.182
2024-06-06 23:00:00,104.181,104.374,104.096,104.284
2024-06-07 07:00:00,104.285,104.288,104.087,104.092
2024-06-07 15:00:00,104.094,104.163,104.043,104.066
2024-06-07 23:00:00,104.063,104.879,103.999,104.861
2024-06-08 07:00:00,104.86,104.946,104.83,104.935
2024-06-10 07:00:00,104.935,105.135,104.935,105.082
2024-06-10 15:00:00,105.082,105.306,105.058,105.241
2024-06-10 23:00:00,105.241,105.385,105.151,105.199
2024-06-11 07:00:00,105.198,105.232,105.102,105.102
2024-06-11 15:00:00,105.149,105.172,105.095,105.137
2024-06-11 23:00:00,105.137,105.459,105.129,105.447
2024-06-12 07:00:00,105.447,105.452,105.18,105.254
2024-06-12 15:00:00,105.275,105.323,105.22,105.278
2024-06-12 23:00:00,105.277,105.316,104.271,104.293
2024-06-13 07:00:00,104.293,104.767,104.257,104.683
2024-06-13 15:00:00,104.693,104.854,104.672,104.841
2024-06-13 23:00:00,104.841,105.097,104.642,105.03
2024-06-14 07:00:00,105.029,105.284,105.02,105.239
2024-06-14 15:00:00,105.231,105.479,105.179,105.421
2024-06-14 23:00:00,105.419,105.805,105.401,105.663
2024-06-15 07:00:00,105.663,105.687,105.492,105.518
2024-06-17 07:00:00,105.509,105.556,105.488,105.529
2024-06-17 15:00:00,105.53,105.647,105.515,105.557
2024-06-17 23:00:00,105.558,105.616,105.408,105.424
2024-06-18 07:00:00,105.425,105.428,105.306,105.33
2024-06-18 15:00:00,105.297,105.458,105.259,105.367
2024-06-18 23:00:00,105.368,105.564,105.125,105.319
2024-06-19 07:00:00,105.319,105.342,105.228,105.253
2024-06-19 15:00:00,105.258,105.309,105.23,105.284
2024-06-19 23:00:00,105.284,105.337,105.153,105.184
2024-06-20 07:00:00,105.183,105.257,105.175,105.226
2024-06-20 15:00:00,105.204,105.351,105.203,105.337
2024-06-20 23:00:00,105.337,105.529,105.308,105.484
2024-06-21 07:00:00,105.483,105.665,105.476,105.656
2024-06-21 15:00:00,105.64,105.664,105.536,105.619
2024-06-21 23:00:00,105.62,105.915,105.62,105.904
2024-06-22 07:00:00,105.904,105.91,105.779,105.832
2024-06-24 07:00:00,105.832,105.9,105.804,105.839
2024-06-24 15:00:00,105.839,105.893,105.634,105.672
2024-06-24 23:00:00,105.671,105.675,105.374,105.546
2024-06-25 07:00:00,105.547,105.594,105.452,105.485
2024-06-25 15:00:00,105.513,105.514,105.371,105.475
2024-06-25 23:00:00,105.475,105.782,105.449,105.726
2024-06-26 07:00:00,105.726,105.727,105.588,105.62
2024-06-26 15:00:00,105.657,105.788,105.609,105.781
2024-06-26 23:00:00,105.781,106.13,105.768,106.028
2024-06-27 07:00:00,106.029,106.101,105.957,106.05
2024-06-27 15:00:00,106.065,106.082,105.865,105.921
2024-06-27 23:00:00,105.921,106.038,105.708,105.831
2024-06-28 07:00:00,105.83,105.944,105.829,105.927
2024-06-28 15:00:00,105.923,106.126,105.873,106.003
2024-06-28 23:00:00,106.002,106.049,105.784,105.825
2024-06-29 07:00:00,105.825,105.918,105.745,105.849
2024-07-01 07:00:00,105.849,105.849,105.631,105.665
2024-07-01 15:00:00,105.664,105.684,105.425,105.508
2024-07-01 23:00:00,105.508,105.982,105.508,105.877
2024-07-02 07:00:00,105.876,105.945,105.797,105.829
2024-07-02 15:00:00,105.847,105.953,105.831,105.953
2024-07-02 23:00:00,105.953,106.054,105.711,105.738
2024-07-03 07:00:00,105.738,105.839,105.661,105.672
2024-07-03 15:00:00,105.668,105.804,105.631,105.72
2024-07-03 23:00:00,105.72,105.721,105.049,105.179
2024-07-04 07:00:00,105.178,105.416,105.143,105.337
2024-07-04 15:00:00,105.323,105.357,105.232,105.283
2024-07-04 23:00:00,105.283,105.315,105.13,105.144
2024-07-05 07:00:00,105.144,105.152,105.102,105.127
2024-07-05 15:00:00,105.165,105.169,104.974,105.028
2024-07-05 23:00:00,105.028,105.139,104.825,105.011
2024-07-06 07:00:00,105.01,105.041,104.844,104.875
2024-07-08 07:00:00,104.875,105.007,104.875,104.985
2024-07-08 15:00:00,104.985,105.034,104.851,104.911
2024-07-08 23:00:00,104.911,105.002,104.801,104.938
2024-07-09 07:00:00,104.938,105.034,104.929,105.013
2024-07-09 15:00:00,104.99,105.098,104.955,105.015
2024-07-09 23:00:00,105.014,105.15,104.97,105.121
2024-07-10 07:00:00,105.122,105.208,105.09,105.123
2024-07-10 15:00:00,105.122,105.174,105.067,105.076
2024-07-10 23:00:00,105.076,105.166,104.996,105.062
2024-07-11 07:00:00,105.062,105.108,104.981,104.984
2024-07-11 15:00:00,104.987,104.994,104.915,104.984
2024-07-11 23:00:00,104.983,104.995,104.077,104.322
2024-07-12 07:00:00,104.323,104.523,104.301,104.502
2024-07-12 15:00:00,104.518,104.546,104.33,104.518
2024-07-12 23:00:00,104.518,104.544,104.045,104.051
2024-07-13 07:00:00,104.051,104.141,104.041,104.084
2024-07-15 07:00:00,104.084,104.319,104.084,104.265
2024-07-15 15:00:00,104.264,104.292,104.08,104.081
2024-07-15 23:00:00,104.082,104.193,104.03,104.135
2024-07-16 07:00:00,104.134,104.273,104.133,104.255
2024-07-16 15:00:00,104.246,104.4,104.242,104.363
2024-07-16 23:00:00,104.363,104.51,104.197,104.439
2024-07-17 07:00:00,104.438,104.438,104.21,104.243
2024-07-17 15:00:00,104.221,104.294,104.14,104.191
2024-07-17 23:00:00,104.191,104.212,103.65,103.814
2024-07-18 07:00:00,103.814,103.877,103.723,103.744
2024-07-18 15:00:00,103.697,103.841,103.653,103.784
2024-07-18 23:00:00,103.784,104.025,103.735,103.958
2024-07-19 07:00:00,103.958,104.228,103.952,104.179
2024-07-19 15:00:00,104.16,104.341,104.13,104.273
2024-07-19 23:00:00,104.275,104.399,104.205,104.3
2024-07-20 07:00:00,104.3,104.42,104.286,104.365
2024-07-22 07:00:00,104.365,104.365,104.181,104.26
2024-07-22 15:00:00,104.26,104.358,104.218,104.26
2024-07-22 23:00:00,104.259,104.424,104.191,104.341
2024-07-23 07:00:00,104.34,104.34,104.283,104.283
2024-07-23 15:00:00,104.308,104.349,104.204,104.325
2024-07-23 23:00:00,104.324,104.535,104.257,104.525
2024-07-24 07:00:00,104.525,104.526,104.417,104.468
2024-07-24 15:00:00,104.477,104.542,104.366,104.442
2024-07-24 23:00:00,104.442,104.555,104.122,104.19
2024-07-25 07:00:00,104.19,104.416,104.161,104.328
2024-07-25 15:00:00,104.375,104.397,104.193,104.334
2024-07-25 23:00:00,104.334,104.455,104.08,104.277
2024-07-26 07:00:00,104.277,104.417,104.177,104.4
2024-07-26 15:00:00,104.355,104.367,104.249,104.314
2024-07-26 23:00:00,104.315,104.45,104.207,104.311
2024-07-27 07:00:00,104.311,104.361,104.237,104.328
2024-07-29 07:00:00,104.328,104.403,104.207,104.235
2024-07-29 15:00:00,104.234,104.527,104.138,104.519
2024-07-29 23:00:00,104.519,104.752,104.414,104.575
2024-07-30 07:00:00,104.575,104.592,104.536,104.569
2024-07-30 15:00:00,104.558,104.705,104.553,104.666
2024-07-30 23:00:00,104.667,104.799,104.539,104.729
2024-07-31 07:00:00,104.729,104.734,104.449,104.452
2024-07-31 15:00:00,104.426,104.531,104.281,104.34
2024-07-31 23:00:00,104.339,104.443,103.926,104.156
2024-08-01 07:00:00,104.155,104.369,103.983,104.016
2024-08-01 15:00:00,104.073,104.227,103.863,104.167
2024-08-01 23:00:00,104.167,104.429,104.093,104.311
2024-08-02 07:00:00,104.31,104.447,104.299,104.342
2024-08-02 15:00:00,104.307,104.426,104.193,104.261
2024-08-02 23:00:00,104.262,104.331,103.125,103.158
2024-08-03 07:00:00,103.159,103.355,103.128,103.221
2024-08-05 07:00:00,103.221,103.277,103.033,103.106
2024-08-05 15:00:00,103.104,103.131,102.414,102.61
2024-08-05 23:00:00,102.608,102.791,102.16,102.715
2024-08-06 07:00:00,102.715,102.841,102.636,102.674
2024-08-06 15:00:00,102.78,103.008,102.7,102.966
2024-08-06 23:00:00,102.966,103.225,102.887,102.908
2024-08-07 07:00:00,102.908,103.06,102.888,102.93
2024-08-07 15:00:00,102.954,103.368,102.916,103.188
2024-08-07 23:00:00,103.187,103.305,103.078,103.137
2024-08-08 07:00:00,103.136,103.241,103.115,103.186
2024-08-08 15:00:00,103.092,103.148,102.947,102.956
2024-08-08 23:00:00,102.956,103.546,102.916,103.331
2024-08-09 07:00:00,103.332,103.337,103.201,103.235
2024-08-09 15:00:00,103.265,103.302,103.117,103.123
2024-08-09 23:00:00,103.123,103.253,103.028,103.093
2024-08-10 07:00:00,103.093,103.171,103.049,103.154
2024-08-12 07:00:00,103.154,103.236,103.149,103.17
2024-08-12 15:00:00,103.17,103.243,103.125,103.211
2024-08-12 23:00:00,103.211,103.31,103.094,103.212
2024-08-13 07:00:00,103.212,103.212,103.095,103.128
2024-08-13 15:00:00,103.093,103.179,103.074,103.149
2024-08-13 23:00:00,103.148,103.272,102.86,102.903
2024-08-14 07:00:00,102.902,102.964,102.55,102.603
2024-08-14 15:00:00,102.61,102.72,102.556,102.641
2024-08-14 23:00:00,102.641,102.671,102.27,102.362
2024-08-15 07:00:00,102.36,102.62,102.356,102.569
2024-08-15 15:00:00,102.626,102.686,102.538,102.545
2024-08-15 23:00:00,102.545,103.227,102.536,102.929
2024-08-16 07:00:00,102.929,103.07,102.859,103.042
2024-08-16 15:00:00,103.035,103.051,102.876,102.939
2024-08-16 23:00:00,102.939,102.968,102.631,102.754
2024-08-17 07:00:00,102.754,102.77,102.393,102.403
2024-08-19 07:00:00,102.403,102.484,102.38,102.408
2024-08-19 15:00:00,102.408,102.426,102.001,102.171
2024-08-19 23:00:00,102.172,102.272,101.899,101.941
2024-08-20 07:00:00,101.941,101.971,101.85,101.85
2024-08-20 15:00:00,101.878,102.009,101.769,101.912
2024-08-20 23:00:00,101.913,101.96,101.477,101.534
2024-08-21 07:00:00,101.534,101.655,101.361,101.38
2024-08-21 15:00:00,101.347,101.545,101.31,101.52
2024-08-21 23:00:00,101.519,101.634,101.345,101.399
2024-08-22 07:00:00,101.399,101.4,100.923,101.137
2024-08-22 15:00:00,101.133,101.271,101.093,101.183
2024-08-22 23:00:00,101.182,101.625,101.091,101.468
2024-08-23 07:00:00,101.468,101.606,101.446,101.517
2024-08-23 15:00:00,101.461,101.502,101.259,101.286
2024-08-23 23:00:00,101.287,101.554,100.809,100.89
2024-08-24 07:00:00,100.893,100.948,100.602,100.678
2024-08-26 07:00:00,100.678,100.719,100.536,100.604
2024-08-26 15:00:00,100.605,100.763,100.534,100.709
2024-08-26 23:00:00,100.709,100.923,100.703,100.796
2024-08-27 07:00:00,100.796,100.908,100.749,100.859
2024-08-27 15:00:00,100.816,100.93,100.804,100.893
2024-08-27 23:00:00,100.893,100.908,100.699,100.732
2024-08-28 07:00:00,100.732,100.786,100.514,100.552
2024-08-28 15:00:00,100.553,100.955,100.553,100.866
2024-08-28 23:00:00,100.865,101.161,100.771,100.955
2024-08-29 07:00:00,100.955,101.177,100.946,101.037
2024-08-29 15:00:00,100.996,101.032,100.885,100.97
2024-08-29 23:00:00,100.969,101.578,100.958,101.478
2024-08-30 07:00:00,101.478,101.5,101.276,101.372
2024-08-30 15:00:00,101.379,101.417,101.32,101.329
2024-08-30 23:00:00,101.329,101.648,101.245,101.516
2024-08-31 07:00:00,101.516,101.783,101.496,101.733
2024-09-02 07:00:00,101.733,101.799,101.666,101.69
2024-09-02 15:00:00,101.688,101.758,101.569,101.655
2024-09-02 23:00:00,101.655,101.75,101.611,101.679
2024-09-03 07:00:00,101.679,101.68,101.639,101.644
2024-09-03 15:00:00,101.664,101.773,101.639,101.676
2024-09-03 23:00:00,101.674,101.866,101.561,101.786
2024-09-04 07:00:00,101.787,101.917,101.739,101.774
2024-09-04 15:00:00,101.686,101.735,101.591,101.628
2024-09-04 23:00:00,101.629,101.778,101.238,101.276
2024-09-05 07:00:00,101.277,101.459,101.261,101.268
2024-09-05 15:00:00,101.282,101.351,101.203,101.244
2024-09-05 23:00:00,101.244,101.372,100.964,101.336
2024-09-06 07:00:00,101.335,101.343,101.024,101.056
2024-09-06 15:00:00,101.058,101.058,100.865,100.866
2024-09-06 23:00:00,100.867,101.395,100.583,101.052
2024-09-07 07:00:00,101.054,101.334,100.759,101.187
2024-09-09 07:00:00,101.187,101.253,101.14,101.246
2024-09-09 15:00:00,101.247,101.588,101.174,101.584
2024-09-09 23:00:00,101.584,101.696,101.487,101.501
2024-09-10 07:00:00,101.501,101.65,101.456,101.605
2024-09-10 15:00:00,101.635,101.722,101.564,101.564
2024-09-10 23:00:00,101.563,101.767,101.543,101.733
2024-09-11 07:00:00,101.734,101.742,101.601,101.659
2024-09-11 15:00:00,101.659,101.683,101.267,101.391
2024-09-11 23:00:00,101.39,101.82,101.346,101.699
2024-09-12 07:00:00,101.698,101.746,101.634,101.72
2024-09-12 15:00:00,101.775,101.838,101.676,101.789
2024-09-12 23:00:00,101.787,101.839,101.513,101.567
2024-09-13 07:00:00,101.568,101.627,101.225,101.234
2024-09-13 15:00:00,101.199,101.199,101.006,101.118
2024-09-13 23:00:00,101.119,101.195,100.883,100.973
2024-09-14 07:00:00,100.973,101.135,100.952,101.114
2024-09-16 07:00:00,101.035,101.052,100.951,100.972
2024-09-16 15:00:00,100.972,100.993,100.631,100.66
2024-09-16 23:00:00,100.66,100.823,100.587,100.712
2024-09-17 07:00:00,100.712,100.805,100.659,100.708
2024-09-17 15:00:00,100.757,100.765,100.654,100.741
2024-09-17 23:00:00,100.741,100.938,100.567,100.855
2024-09-18 07:00:00,100.854,101.028,100.842,101.01
2024-09-18 15:00:00,100.936,100.936,100.806,100.869
2024-09-18 23:00:00,100.869,100.96,100.698,100.903
2024-09-19 07:00:00,100.903,101.146,100.215,100.931
2024-09-19 15:00:00,101.008,101.474,100.718,100.718
2024-09-19 23:00:00,100.716,101.061,100.518,100.887
2024-09-20 07:00:00,100.887,100.91,100.581,100.634
2024-09-20 15:00:00,100.685,100.704,100.407,100.549
2024-09-20 23:00:00,100.548,100.99,100.493,100.946
2024-09-21 07:00:00,100.946,101.015,100.627,100.738
2024-09-23 07:00:00,100.738,100.825,100.715,100.789
2024-09-23 15:00:00,100.789,101.229,100.736,101.159
2024-09-23 23:00:00,101.158,101.16,100.751,100.81
2024-09-24 07:00:00,100.81,100.948,100.762,100.909
2024-09-24 15:00:00,100.969,101.049,100.883,100.973
2024-09-24 23:00:00,100.974,101.011,100.525,100.619
2024-09-25 07:00:00,100.62,100.674,100.34,100.35
2024-09-25 15:00:00,100.278,100.371,100.224,100.359
2024-09-25 23:00:00,100.358,100.628,100.271,100.595
2024-09-26 07:00:00,100.594,100.991,100.567,100.92
2024-09-26 15:00:00,100.931,100.952,100.894,100.923
2024-09-26 23:00:00,100.922,100.97,100.82,100.892
2024-09-27 07:00:00,100.892,100.912,100.482,100.568
2024-09-27 15:00:00,100.589,100.884,100.459,100.593
2024-09-27 23:00:00,100.592,100.76,100.157,100.348
2024-09-28 07:00:00,100.349,100.548,100.349,100.418
2024-09-30 07:00:00,100.418,100.458,100.38,100.418
2024-09-30 15:00:00,100.418,100.483,100.179,100.206
2024-09-30 23:00:00,100.206,100.708,100.2,100.584
2024-10-01 07:00:00,100.586,100.924,100.497,100.758
2024-10-01 15:00:00,100.74,100.865,100.697,100.835
2024-10-01 23:00:00,100.835,101.248,100.809,101.167
2024-10-02 07:00:00,101.166,101.391,101.157,101.21
2024-10-02 15:00:00,101.238,101.312,101.176,101.247
2024-10-02 23:00:00,101.247,101.681,101.156,101.677
2024-10-03 07:00:00,101.676,101.69,101.513,101.602
2024-10-03 15:00:00,101.638,101.883,101.627,101.828
2024-10-03 23:00:00,101.828,102.099,101.781,102.035
2024-10-04 07:00:00,102.035,102.058,101.879,101.942
2024-10-04 15:00:00,101.908,101.938,101.813,101.855
2024-10-04 23:00:00,101.856,102.649,101.819,102.512
2024-10-05 07:00:00,102.511,102.687,102.468,102.487
2024-10-07 07:00:00,102.487,102.602,102.468,102.497
2024-10-07 15:00:00,102.497,102.581,102.424,102.524
2024-10-07 23:00:00,102.524,102.62,102.389,102.406
2024-10-08 07:00:00,102.405,102.559,102.368,102.485
2024-10-08 15:00:00,102.459,102.491,102.36,102.438
2024-10-08 23:00:00,102.437,102.59,102.292,102.565
2024-10-09 07:00:00,102.564,102.639,102.459,102.474
2024-10-09 15:00:00,102.485,102.632,102.459,102.625
2024-10-09 23:00:00,102.626,102.872,102.589,102.816
2024-10-10 07:00:00,102.816,102.935,102.741,102.878
2024-10-10 15:00:00,102.879,102.924,102.839,102.889
2024-10-10 23:00:00,102.888,103.104,102.72,102.984
2024-10-11 07:00:00,102.984,103.178,102.848,102.879
2024-10-11 15:00:00,102.878,102.947,102.835,102.883
2024-10-11 23:00:00,102.883,102.993,102.769,102.892
2024-10-12 07:00:00,102.893,102.943,102.811,102.915
2024-10-14 07:00:00,102.915,103.105,102.915,103.04
2024-10-14 15:00:00,103.041,103.077,102.966,103.035
2024-10-14 23:00:00,103.036,103.275,102.97,103.265
2024-10-15 07:00:00,103.265,103.358,103.191,103.214
2024-10-15 15:00:00,103.209,103.345,103.163,103.266
2024-10-15 23:00:00,103.266,103.311,103.031,103.13
2024-10-16 07:00:00,103.129,103.332,103.104,103.227
2024-10-16 15:00:00,103.258,103.394,103.172,103.38
2024-10-16 23:00:00,103.38,103.476,103.193,103.414
2024-10-17 07:00:00,103.414,103.608,103.403,103.522
2024-10-17 15:00:00,103.556,103.629,103.473,103.625
2024-10-17 23:00:00,103.625,103.874,103.444,103.77
2024-10-18 07:00:00,103.77,103.837,103.669,103.766
2024-10-18 15:00:00,103.809,103.809,103.588,103.625
2024-10-18 23:00:00,103.624,103.697,103.494,103.554
2024-10-19 07:00:00,103.554,103.594,103.456,103.464
2024-10-21 07:00:00,103.464,103.489,103.443,103.48
2024-10-21 15:00:00,103.48,103.655,103.421,103.608
2024-10-21 23:00:00,103.608,103.955,103.552,103.934
2024-10-22 07:00:00,103.935,104.016,103.907,103.963
2024-10-22 15:00:00,103.971,103.989,103.854,103.89
2024-10-22 23:00:00,103.89,104.086,103.816,104.016
2024-10-23 07:00:00,104.015,104.127,103.973,104.065
2024-10-23 15:00:00,104.091,104.264,104.09,104.26
2024-10-23 23:00:00,104.261,104.57,104.261,104.481
2024-10-24 07:00:00,104.481,104.545,104.369,104.423
2024-10-24 15:00:00,104.426,104.455,104.281,104.321
2024-10-24 23:00:00,104.321,104.4,104.113,104.22
2024-10-25 07:00:00,104.221,104.243,104.012,104.018
2024-10-25 15:00:00,104.045,104.135,104.02,104.118
2024-10-25 23:00:00,104.118,104.13,103.935,104.031
2024-10-26 07:00:00,104.03,104.34,103.992,104.317
2024-10-28 07:00:00,104.317,104.458,104.317,104.457
2024-10-28 15:00:00,104.458,104.573,104.235,104.245
2024-10-28 23:00:00,104.245,104.311,104.116,104.286
2024-10-29 07:00:00,104.287,104.337,104.254,104.304
2024-10-29 15:00:00,104.312,104.351,104.231,104.29
2024-10-29 23:00:00,104.291,104.636,104.214,104.386
2024-10-30 07:00:00,104.386,104.544,104.258,104.283
2024-10-30 15:00:00,104.25,104.322,104.186,104.229
2024-10-30 23:00:00,104.229,104.436,103.982,104.125
2024-10-31 07:00:00,104.123,104.189,103.976,104.097
2024-10-31 15:00:00,104.085,104.218,103.985,104.02
2024-10-31 23:00:00,104.019,104.193,103.82,104.059
2024-11-01 07:00:00,104.058,104.19,103.878,103.891
2024-11-01 15:00:00,103.862,104.044,103.845,103.998
2024-11-01 23:00:00,103.999,104.171,103.679,104.106
2024-11-02 07:00:00,104.107,104.349,104.093,104.317
2024-11-04 07:00:00,104.317,104.317,103.744,103.772
2024-11-04 15:00:00,103.771,103.837,103.63,103.737
2024-11-04 23:00:00,103.737,103.884,103.576,103.8
2024-11-05 07:00:00,103.8,103.919,103.794,103.881
2024-11-05 15:00:00,103.913,103.956,103.784,103.807
2024-11-05 23:00:00,103.807,103.846,103.575,103.668
2024-11-06 07:00:00,103.668,103.676,103.373,103.451
2024-11-06 15:00:00,103.7,105.311,103.7,105.067
2024-11-06 23:00:00,105.068,105.441,104.699,105.055
2024-11-07 07:00:00,105.055,105.171,104.903,105.119
2024-11-07 15:00:00,105.155,105.252,104.697,104.868
2024-11-07 23:00:00,104.868,104.916,104.187,104.287
2024-11-08 07:00:00,104.287,104.655,104.262,104.36
2024-11-08 15:00:00,104.447,104.566,104.427,104.497
2024-11-08 23:00:00,104.498,104.803,104.344,104.728
2024-11-09 07:00:00,104.728,105.208,104.711,104.951
2024-11-11 07:00:00,104.951,105.062,104.934,105.009
2024-11-11 15:00:00,105.008,105.422,104.969,105.313
2024-11-11 23:00:00,105.313,105.705,105.269,105.56
2024-11-12 07:00:00,105.56,105.582,105.483,105.519
2024-11-12 15:00:00,105.492,105.824,105.487,105.735
2024-11-12 23:00:00,105.736,106.048,105.715,105.999
2024-11-13 07:00:00,105.998,106.178,105.899,105.963
2024-11-13 15:00:00,106.017,106.136,105.887,106.136
2024-11-13 23:00:00,106.136,106.499,105.718,106.239
2024-11-14 07:00:00,106.24,106.537,106.222,106.483
2024-11-14 15:00:00,106.497,106.775,106.465,106.622
2024-11-14 23:00:00,106.622,107.064,106.444,106.468
2024-11-15 07:00:00,106.468,107.015,106.382,106.867
2024-11-15 15:00:00,106.902,106.96,106.576,106.643
2024-11-15 23:00:00,106.643,106.903,106.331,106.752
2024-11-16 07:00:00,106.752,106.862,106.514,106.672
2024-11-18 07:00:00,106.672,106.751,106.549,106.657
2024-11-18 15:00:00,106.656,106.78,106.502,106.543
2024-11-18 23:00:00,106.544,106.813,106.259,106.275
2024-11-19 07:00:00,106.275,106.31,106.131,106.234
2024-11-19 15:00:00,106.259,106.369,106.121,106.337
2024-11-19 23:00:00,106.338,106.632,106.111,106.203
2024-11-20 07:00:00,106.204,106.386,106.15,106.152
2024-11-20 15:00:00,106.12,106.393,106.113,106.384
2024-11-20 23:00:00,106.384,106.851,106.381,106.82
2024-11-21 07:00:00,106.82,106.918,106.631,106.635
2024-11-21 15:00:00,106.594,106.675,106.474,106.638
2024-11-21 23:00:00,106.637,106.762,106.461,106.757
2024-11-22 07:00:00,106.758,107.156,106.736,107.032
2024-11-22 15:00:00,107.056,107.209,106.987,107.013
2024-11-22 23:00:00,107.012,108.071,106.924,107.565
2024-11-23 07:00:00,107.563,107.71,107.438,107.49
2024-11-25 07:00:00,107.49,107.49,106.812,106.914
2024-11-25 15:00:00,106.912,107.247,106.8,106.939
2024-11-25 23:00:00,106.939,107.143,106.583,106.99
2024-11-26 07:00:00,106.99,106.994,106.769,106.832
2024-11-26 15:00:00,107.485,107.504,106.958,107.154
2024-11-26 23:00:00,107.158,107.167,106.494,106.995
2024-11-27 07:00:00,106.995,107.192,106.858,106.875
2024-11-27 15:00:00,106.824,106.924,106.615,106.679
2024-11-27 23:00:00,106.678,106.688,105.95,106.023
2024-11-28 07:00:00,106.025,106.162,105.856,106.023
2024-11-28 15:00:00,106.16,106.375,106.102,106.307
2024-11-28 23:00:00,106.307,106.416,106.137,106.176
2024-11-29 07:00:00,106.175,106.217,106.133,106.15
2024-11-29 15:00:00,105.948,106.025,105.615,105.796
2024-11-29 23:00:00,105.796,106.101,105.785,105.96
2024-11-30 07:00:00,105.96,106.128,105.691,105.782
2024-12-02 07:00:00,105.782,106.237,105.782,106.226
2024-12-02 15:00:00,106.226,106.447,106.142,106.309
2024-12-02 23:00:00,106.309,106.731,106.12,106.49
2024-12-03 07:00:00,106.49,106.515,106.235,106.382
2024-12-03 15:00:00,106.476,106.602,106.329,106.438
2024-12-03 23:00:00,106.438,106.442,106.093,106.256
2024-12-04 07:00:00,106.256,106.384,106.087,106.342
2024-12-04 15:00:00,106.432,106.537,106.205,106.402
2024-12-04 23:00:00,106.402,106.72,106.134,106.231
2024-12-05 07:00:00,106.231,106.399,106.09,106.354
2024-12-05 15:00:00,106.344,106.371,106.079,106.097
2024-12-05 23:00:00,106.096,106.247,105.727,105.849
2024-12-06 07:00:00,105.848,105.987,105.699,105.725
2024-12-06 15:00:00,105.79,105.901,105.737,105.742
2024-12-06 23:00:00,105.741,106.1,105.42,105.954
2024-12-07 07:00:00,105.954,106.159,105.855,105.97
2024-12-09 07:00:00,105.97,106.067,105.946,106.058
2024-12-09 15:00:00,106.058,106.214,105.903,105.974
2024-12-09 23:00:00,105.975,106.07,105.798,106.042
2024-12-10 07:00:00,106.042,106.214,106.034,106.172
2024-12-10 15:00:00,106.182,106.265,106.04,106.257
2024-12-10 23:00:00,106.257,106.637,106.233,106.592
2024-12-11 07:00:00,106.592,106.621,106.35,106.379
2024-12-11 15:00:00,106.367,106.684,106.268,106.668
2024-12-11 23:00:00,106.667,106.806,106.318,106.682
2024-12-12 07:00:00,106.682,106.791,106.491,106.62
2024-12-12 15:00:00,106.565,106.602,106.354,106.504
2024-12-12 23:00:00,106.504,106.962,106.476,106.877
2024-12-13 07:00:00,106.878,107.041,106.542,107.006
2024-12-13 15:00:00,106.97,107.186,106.944,107.132
2024-12-13 23:00:00,107.131,107.153,106.719,107.041
2024-12-14 07:00:00,107.042,107.058,106.913,106.945
2024-12-16 07:00:00,106.945,106.978,106.81,106.841
2024-12-16 15:00:00,106.841,106.928,106.759,106.901
2024-12-16 23:00:00,106.901,107.167,106.763,106.845
2024-12-17 07:00:00,106.845,106.898,106.748,106.861
2024-12-17 15:00:00,106.815,106.986,106.698,106.952
2024-12-17 23:00:00,106.951,107.084,106.831,106.911
2024-12-18 07:00:00,106.911,107.01,106.756,106.939
2024-12-18 15:00:00,106.931,106.99,106.823,106.956
2024-12-18 23:00:00,106.956,107.162,106.884,107.137
2024-12-19 07:00:00,107.138,108.269,106.965,108.202
2024-12-19 15:00:00,108.103,108.125,107.968,108.038
2024-12-19 23:00:00,108.039,108.282,107.821,108.255
2024-12-20 07:00:00,108.255,108.485,108.197,108.425
2024-12-20 15:00:00,108.481,108.541,108.206,108.218
2024-12-20 23:00:00,108.218,108.269,107.892,108.047
2024-12-21 07:00:00,108.048,108.058,107.587,107.815
2024-12-23 07:00:00,107.815,107.839,107.723,107.747
2024-12-23 15:00:00,107.747,107.989,107.683,107.983
2024-12-23 23:00:00,107.983,108.281,107.979,108.156
2024-12-24 07:00:00,108.156,108.159,108.015,108.081
2024-12-24 15:00:00,108.158,108.208,108.057,108.196
2024-12-24 23:00:00,108.196,108.229,108.044,108.226
2024-12-25 07:00:00,108.226,108.3,107.922,108.123
2024-12-26 15:00:00,108.173,108.245,108.108,108.193
2024-12-26 23:00:00,108.192,108.302,108.145,108.215
2024-12-27 07:00:00,108.215,108.233,108.028,108.079
2024-12-27 15:00:00,108.082,108.202,108.063,108.085
2024-12-27 23:00:00,108.086,108.171,107.866,108.007
2024-12-28 07:00:00,108.008,108.125,107.92,108.006
2024-12-30 07:00:00,108.006,108.011,107.94,107.994
2024-12-30 15:00:00,107.994,108.137,107.904,107.943
2024-12-30 23:00:00,107.942,108.377,107.739,108.157
2024-12-31 07:00:00,108.157,108.157,108.026,108.076
2024-12-31 15:00:00,108.091,108.093,107.911,107.932
2024-12-31 23:00:00,107.932,108.458,107.866,108.438
2025-01-01 07:00:00,108.438,108.583,108.392,108.481
2025-01-02 15:00:00,108.526,108.563,108.267,108.368
2025-01-02 23:00:00,108.368,109.18,108.322,109.167
2025-01-03 07:00:00,109.168,109.533,109.157,109.254
2025-01-03 15:00:00,109.204,109.223,109.054,109.081
2025-01-03 23:00:00,109.081,109.205,108.922,109.077
2025-01-04 07:00:00,109.077,109.108,108.896,108.922
2025-01-06 07:00:00,108.922,109.069,108.875,108.884
2025-01-06 15:00:00,108.885,108.922,108.438,108.546
2025-01-06 23:00:00,108.547,108.754,107.75,108.264
2025-01-07 07:00:00,108.264,108.368,108.218,108.279
2025-01-07 15:00:00,108.339,108.427,107.954,108.015
2025-01-07 23:00:00,108.015,108.585,107.848,108.437
2025-01-08 07:00:00,108.437,108.704,108.356,108.681
2025-01-08 15:00:00,108.622,108.795,108.552,108.777
2025-01-08 23:00:00,108.777,109.378,108.728,109.148
2025-01-09 07:00:00,109.147,109.209,108.952,109.008
2025-01-09 15:00:00,109.085,109.319,108.94,109.304
2025-01-09 23:00:00,109.304,109.375,108.991,109.17
2025-01-10 07:00:00,109.171,109.238,109.131,109.162
2025-01-10 15:00:00,109.231,109.379,109.14,109.238
2025-01-10 23:00:00,109.238,109.966,109.077,109.566
2025-01-11 07:00:00,109.565,109.792,109.562,109.64
2025-01-13 07:00:00,109.64,109.732,109.596,109.651
2025-01-13 15:00:00,109.651,110.176,109.631,110.054
2025-01-13 23:00:00,110.054,110.109,109.775,109.829
2025-01-14 07:00:00,109.829,109.958,109.346,109.504
2025-01-14 15:00:00,109.57,109.677,109.414,109.524
2025-01-14 23:00:00,109.524,109.756,109.29,109.29
2025-01-15 07:00:00,109.29,109.464,109.178,109.19
2025-01-15 15:00:00,109.232,109.296,109.04,109.063
2025-01-15 23:00:00,109.063,109.203,108.602,108.961
2025-01-16 07:00:00,108.962,109.382,108.962,109.08
2025-01-16 15:00:00,109.073,109.194,108.973,109.068
2025-01-16 23:00:00,109.068,109.384,108.95,108.977
2025-01-17 07:00:00,108.977,109.104,108.827,108.956
2025-01-17 15:00:00,108.927,109.249,108.895,109.185
2025-01-17 23:00:00,109.184,109.401,108.834,109.108
2025-01-18 07:00:00,109.108,109.423,109.108,109.405
2025-01-20 07:00:00,109.405,109.468,109.178,109.196
2025-01-20 15:00:00,109.196,109.238,108.982,109.165
2025-01-20 23:00:00,109.166,109.166,107.952,108.369
2025-01-21 07:00:00,108.369,108.391,107.917,108.069
2025-01-21 15:00:00,107.983,108.748,107.965,108.524
2025-01-21 23:00:00,108.524,108.794,108.134,108.229
2025-01-22 07:00:00,108.226,108.243,107.92,108.077
2025-01-22 15:00:00,107.986,108.236,107.967,108.162
2025-01-22 23:00:00,108.162,108.212,107.749,108.178
2025-01-23 07:00:00,108.178,108.277,108.135,108.277
2025-01-23 15:00:00,108.247,108.416,108.186,108.34
2025-01-23 23:00:00,108.341,108.425,108.167,108.298
2025-01-24 07:00:00,108.298,108.51,107.922,108.115
2025-01-24 15:00:00,108.091,108.192,107.559,107.72
2025-01-24 23:00:00,107.72,107.759,107.256,107.279
2025-01-25 07:00:00,107.281,107.515,107.218,107.465
2025-01-27 07:00:00,107.465,107.697,107.465,107.685
2025-01-27 15:00:00,107.685,107.81,107.353,107.383
2025-01-27 23:00:00,107.383,107.406,106.969,107.372
2025-01-28 07:00:00,107.373,107.453,107.319,107.427
2025-01-28 15:00:00,107.711,107.987,107.686,107.935
2025-01-28 23:00:00,107.935,108.054,107.789,107.977
2025-01-29 07:00:00,107.976,108.001,107.846,107.915
2025-01-29 15:00:00,107.891,108.002,107.749,107.99
2025-01-29 23:00:00,107.99,108.295,107.866,107.967
2025-01-30 07:00:00,107.966,108.249,107.882,107.943
2025-01-30 15:00:00,107.857,107.979,107.814,107.858
2025-01-30 23:00:00,107.859,108.107,107.5,107.766
2025-01-31 07:00:00,107.766,108.243,107.734,108.184
2025-01-31 15:00:00,108.158,108.239,107.981,108.045
2025-01-31 23:00:00,108.045,108.44,108.03,108.158
2025-02-01 07:00:00,108.159,108.565,107.785,108.501
2025-02-03 07:00:00,108.501,109.798,108.501,109.635
2025-02-03 15:00:00,109.634,109.881,109.399,109.576
2025-02-03 23:00:00,109.575,109.58,108.572,108.995
2025-02-04 07:00:00,108.996,109.086,108.337,108.425
2025-02-04 15:00:00,108.675,109.038,108.627,108.732
2025-02-04 23:00:00,108.731,108.76,107.978,108.033
2025-02-05 07:00:00,108.033,108.124,107.919,108.001
2025-02-05 15:00:00,108.053,108.053,107.643,107.709
2025-02-05 23:00:00,107.709,107.774,107.296,107.411
2025-02-06 07:00:00,107.41,107.667,107.391,107.624
2025-02-06 15:00:00,107.618,107.843,107.535,107.831
2025-02-06 23:00:00,107.831,108.097,107.811,107.844
2025-02-07 07:00:00,107.845,107.883,107.579,107.705
2025-02-07 15:00:00,107.699,107.826,107.684,107.703
2025-02-07 23:00:00,107.703,108.112,107.516,107.903
2025-02-08 07:00:00,107.902,108.318,107.866,108.096
2025-02-10 07:00:00,108.096,108.418,108.096,108.385
2025-02-10 15:00:00,108.385,108.44,108.132,108.199
2025-02-10 23:00:00,108.198,108.345,108.091,108.268
2025-02-11 07:00:00,108.268,108.349,108.245,108.332
2025-02-11 15:00:00,108.336,108.463,108.312,108.389
2025-02-11 23:00:00,108.39,108.418,108.088,108.123
2025-02-12 07:00:00,108.122,108.127,107.782,107.922
2025-02-12 15:00:00,108.009,108.095,107.913,107.942
2025-02-12 23:00:00,107.942,108.523,107.864,108.064
2025-02-13 07:00:00,108.064,108.292,107.627,107.967
2025-02-13 15:00:00,107.917,107.996,107.502,107.61
2025-02-13 23:00:00,107.609,107.947,107.344,107.369
2025-02-14 07:00:00,107.37,107.841,107.033,107.067
2025-02-14 15:00:00,107.12,107.182,106.962,107.036
2025-02-14 23:00:00,107.037,107.085,106.566,106.632
2025-02-15 07:00:00,106.632,106.814,106.613,106.793
2025-02-17 07:00:00,106.793,106.848,106.629,106.641
2025-02-17 15:00:00,106.642,106.899,106.625,106.862
2025-02-17 23:00:00,106.862,106.872,106.717,106.728
2025-02-18 07:00:00,106.729,106.775,106.712,106.742
2025-02-18 15:00:00,106.815,107.052,106.805,106.933
2025-02-18 23:00:00,106.933,107.067,106.859,106.864
2025-02-19 07:00:00,106.866,107.123,106.846,107.022
2025-02-19 15:00:00,107.031,107.088,106.879,106.964
2025-02-19 23:00:00,106.964,107.242,106.94,107.162
2025-02-20 07:00:00,107.161,107.381,107.112,107.162
2025-02-20 15:00:00,107.117,107.153,106.946,106.983
2025-02-20 23:00:00,106.983,106.998,106.555,106.566
2025-02-21 07:00:00,106.565,106.662,106.334,106.334
2025-02-21 15:00:00,106.464,106.571,106.382,106.51
2025-02-21 23:00:00,106.51,106.746,106.434,106.689
2025-02-22 07:00:00,106.689,106.715,106.551,106.641
2025-02-24 07:00:00,106.641,106.641,106.185,106.204
2025-02-24 15:00:00,106.204,106.621,106.126,106.592
2025-02-24 23:00:00,106.592,106.745,106.503,106.592
2025-02-25 07:00:00,106.592,106.727,106.464,106.701
2025-02-25 15:00:00,106.768,106.789,106.576,106.669
2025-02-25 23:00:00,106.669,106.723,106.189,106.39
2025-02-26 07:00:00,106.39,106.519,106.232,106.284
2025-02-26 15:00:00,106.174,106.557,106.174,106.496
2025-02-26 23:00:00,106.498,106.654,106.352,106.39
2025-02-27 07:00:00,106.39,106.563,106.159,106.471
2025-02-27 15:00:00,106.527,106.713,106.521,106.591
2025-02-27 23:00:00,106.592,107.195,106.523,107.162
2025-02-28 07:00:00,107.161,107.35,107.115,107.293
2025-02-28 15:00:00,107.251,107.451,107.184,107.388
2025-02-28 23:00:00,107.388,107.411,107.209,107.352
2025-03-01 07:00:00,107.351,107.661,107.263,107.564
2025-03-03 07:00:00,107.564,107.564,107.176,107.204
2025-03-03 15:00:00,107.204,107.397,107.099,107.107
2025-03-03 23:00:00,107.108,107.111,106.469,106.542
2025-03-04 07:00:00,106.542,106.799,106.497,106.555
2025-03-04 15:00:00,106.562,106.652,106.401,106.504
2025-03-04 23:00:00,106.505,106.55,105.878,106.197
2025-03-05 07:00:00,106.196,106.275,105.526,105.531
2025-03-05 15:00:00,105.618,105.773,105.204,105.207
2025-03-05 23:00:00,105.203,105.304,104.397,104.537
2025-03-06 07:00:00,104.537,104.557,104.259,104.272
2025-03-06 15:00:00,104.324,104.392,104.018,104.183
2025-03-06 23:00:00,104.183,104.265,103.761,104.028
2025-03-07 07:00:00,104.025,104.32,103.872,104.136
2025-03-07 15:00:00,104.11,104.238,103.783,103.871
2025-03-07 23:00:00,103.871,103.896,103.458,103.614
2025-03-08 07:00:00,103.618,103.978,103.602,103.905
2025-03-10 07:00:00,103.905,103.905,103.59,103.615
2025-03-10 15:00:00,103.615,104.029,103.559,104.003
2025-03-10 23:00:00,104.005,104.011,103.567,103.934
2025-03-11 07:00:00,103.93,104.064,103.829,103.903
2025-03-11 15:00:00,103.836,103.923,103.656,103.764
2025-03-11 23:00:00,103.765,103.769,103.329,103.427
2025-03-12 07:00:00,103.428,103.471,103.221,103.417
2025-03-12 15:00:00,103.422,103.668,103.421,103.659
2025-03-12 23:00:00,103.66,103.783,103.355,103.488
2025-03-13 07:00:00,103.488,103.633,103.352,103.57
2025-03-13 15:00:00,103.605,103.672,103.508,103.655
2025-03-13 23:00:00,103.655,104.08,103.571,103.729
2025-03-14 07:00:00,103.73,103.878,103.658,103.834
2025-03-14 15:00:00,103.835,104.046,103.801,104.024
2025-03-14 23:00:00,104.025,104.091,103.571,103.745
2025-03-15 07:00:00,103.745,103.805,103.652,103.735
2025-03-17 07:00:00,103.735,103.775,103.678,103.743
2025-03-17 15:00:00,103.744,103.812,103.649,103.709
2025-03-17 23:00:00,103.709,103.74,103.298,103.362
2025-03-18 07:00:00,103.363,103.446,103.343,103.407
2025-03-18 15:00:00,103.443,103.614,103.428,103.482
2025-03-18 23:00:00,103.481,103.675,103.232,103.495
2025-03-19 07:00:00,103.496,103.618,103.197,103.244
2025-03-19 15:00:00,103.272,103.486,103.253,103.461
2025-03-19 23:00:00,103.462,103.746,103.439,103.736
2025-03-20 07:00:00,103.736,103.906,103.394,103.461
2025-03-20 15:00:00,103.431,103.534,103.321,103.503
2025-03-20 23:00:00,103.503,104.13,103.499,103.975
2025-03-21 07:00:00,103.976,104.034,103.772,103.798
2025-03-21 15:00:00,103.779,104.147,103.757,104.037
2025-03-21 23:00:00,104.036,104.085,103.759,104.02
2025-03-22 07:00:00,104.021,104.223,103.983,104.147
2025-03-24 07:00:00,104.147,104.147,103.982,104.022
2025-03-24 15:00:00,104.022,104.188,103.865,103.953
2025-03-24 23:00:00,103.953,104.444,103.842,104.374
2025-03-25 07:00:00,104.375,104.424,104.211,104.311
2025-03-25 15:00:00,104.327,104.372,104.239,104.349
2025-03-25 23:00:00,104.349,104.467,103.944,104.067
2025-03-26 07:00:00,104.067,104.23,104.014,104.213
2025-03-26 15:00:00,104.245,104.379,104.198,104.293
2025-03-26 23:00:00,104.293,104.465,104.184,104.307
2025-03-27 07:00:00,104.307,104.683,104.275,104.666
2025-03-27 15:00:00,104.652,104.653,104.253,104.38
2025-03-27 23:00:00,104.38,104.539,104.243,104.359
2025-03-28 07:00:00,104.357,104.374,104.07,104.28
2025-03-28 15:00:00,104.276,104.364,104.233,104.333
2025-03-28 23:00:00,104.333,104.498,103.972,104.06
2025-03-29 07:00:00,104.059,104.137,103.896,104.011
2025-03-31 07:00:00,104.011,104.11,103.851,103.853
2025-03-31 15:00:00,103.854,104.065,103.752,103.955
2025-03-31 23:00:00,103.955,104.392,103.928,104.213
2025-04-01 07:00:00,104.213,104.283,104.151,104.183
2025-04-01 15:00:00,104.18,104.283,104.028,104.216
2025-04-01 23:00:00,104.217,104.369,104.019,104.093
2025-04-02 07:00:00,104.094,104.274,104.069,104.2
2025-04-02 15:00:00,104.203,104.292,104.158,104.231
2025-04-02 23:00:00,104.231,104.314,103.735,103.758
2025-04-03 07:00:00,103.757,104.027,103.366,103.689
2025-04-03 15:00:00,103.148,103.379,102.404,102.404
2025-04-03 23:00:00,102.404,102.772,101.267,101.399
2025-04-04 07:00:00,101.399,102.208,101.396,101.939
2025-04-04 15:00:00,101.989,102.073,101.54,102.025
2025-04-04 23:00:00,102.024,102.705,101.788,102.593
2025-04-05 07:00:00,102.593,103.182,102.406,102.893
2025-04-07 07:00:00,103.069,103.069,102.464,102.779
2025-04-07 15:00:00,102.776,103.192,102.182,102.693
2025-04-07 23:00:00,102.693,103.517,102.664,103.353
2025-04-08 07:00:00,103.354,103.54,103.095,103.468
2025-04-08 15:00:00,103.431,103.441,102.779,102.865
2025-04-08 23:00:00,102.867,103.44,102.847,103.33
2025-04-09 07:00:00,103.331,103.415,102.753,102.909
2025-04-09 15:00:00,102.751,102.826,101.916,102.053
2025-04-09 23:00:00,102.052,102.613,101.837,102.315
2025-04-10 07:00:00,102.314,103.333,102.127,102.907
2025-04-10 15:00:00,102.991,103.027,102.535,102.682
2025-04-10 23:00:00,102.681,102.764,101.092,101.093
2025-04-11 07:00:00,101.094,101.296,100.7,100.913
2025-04-11 15:00:00,100.784,100.784,99.705,100.373
2025-04-11 23:00:00,100.374,100.381,99.014,99.98
2025-04-12 07:00:00,99.979,100.385,99.76,99.783
2025-04-14 07:00:00,100.02,100.065,99.671,99.7
2025-04-14 15:00:00,99.7,99.801,99.208,99.462
2025-04-14 23:00:00,99.463,100.163,99.327,99.867
2025-04-15 07:00:00,99.869,99.873,99.554,99.64
2025-04-15 15:00:00,99.809,99.975,99.559,99.82
2025-04-15 23:00:00,99.816,100.092,99.479,99.778
2025-04-16 07:00:00,99.778,100.276,99.776,100.101
2025-04-16 15:00:00,100.062,100.104,99.398,99.587
2025-04-16 23:00:00,99.588,99.725,99.354,99.431
2025-04-17 07:00:00,99.431,99.615,99.174,99.279
2025-04-17 15:00:00,99.234,99.746,99.222,99.617
2025-04-17 23:00:00,99.62,99.707,99.27,99.554
2025-04-18 07:00:00,99.554,99.617,99.355,99.404
2025-04-21 07:00:00,99.078,99.208,98.539,98.661
2025-04-21 15:00:00,98.661,98.672,97.983,98.012
2025-04-21 23:00:00,98.012,98.512,97.921,98.368
2025-04-22 07:00:00,98.368,98.479,98.248,98.321
2025-04-22 15:00:00,98.299,98.564,98.013,98.368
2025-04-22 23:00:00,98.367,98.663,98.296,98.526
2025-04-23 07:00:00,98.526,99.645,98.469,99.642
2025-04-23 15:00:00,99.478,99.612,99.037,99.181
2025-04-23 23:00:00,99.181,99.671,98.863,99.545
2025-04-24 07:00:00,99.548,99.939,99.352,99.781
2025-04-24 15:00:00,99.745,99.841,99.549,99.571
2025-04-24 23:00:00,99.57,99.577,99.244,99.401
2025-04-25 07:00:00,99.401,99.594,99.223,99.286
2025-04-25 15:00:00,99.414,99.885,99.402,99.686
2025-04-25 23:00:00,99.686,99.798,99.511,99.608
2025-04-26 07:00:00,99.608,99.672,99.447,99.587
2025-04-28 07:00:00,99.61,99.754,99.583,99.599
2025-04-28 15:00:00,99.597,99.838,99.457,99.699
2025-04-28 23:00:00,99.699,99.704,98.988,99.058
2025-04-29 07:00:00,99.058,99.129,98.901,98.942
2025-04-29 15:00:00,99.037,99.317,98.948,99.202
2025-04-29 23:00:00,99.203,99.372,99.007,99.269
2025-04-30 07:00:00,99.269,99.291,98.985,99.187
2025-04-30 15:00:00,99.171,99.418,99.143,99.21
2025-04-30 23:00:00,99.21,99.56,99.21,99.365
2025-05-01 07:00:00,99.366,99.708,99.306,99.639
2025-05-01 15:00:00,99.654,100.026,99.613,99.967
2025-05-01 23:00:00,99.967,100.305,99.697,100.22
2025-05-02 07:00:00,100.219,100.375,100.14,100.177
2025-05-02 15:00:00,100.179,100.328,99.861,99.901
2025-05-02 23:00:00,99.901,100.012,99.397,99.47
2025-05-03 07:00:00,99.47,100.079,99.47,100.037
2025-05-05 07:00:00,100.002,100.05,99.831,99.864
2025-05-05 15:00:00,99.864,99.9,99.606,99.794
2025-05-05 23:00:00,99.794,99.957,99.464,99.932
2025-05-06 07:00:00,99.932,99.955,99.755,99.78
2025-05-06 15:00:00,99.832,100.097,99.682,99.742
2025-05-06 23:00:00,99.742,99.816,99.258,99.463
2025-05-07 07:00:00,99.463,99.548,99.172,99.396
2025-05-07 15:00:00,99.504,99.63,99.286,99.298
2025-05-07 23:00:00,99.299,99.558,99.299,99.368
2025-05-08 07:00:00,99.368,99.972,99.352,99.87
2025-05-08 15:00:00,99.847,100.139,99.609,100.108
2025-05-08 23:00:00,100.107,100.21,99.839,100.177
2025-05-09 07:00:00,100.178,100.764,100.088,100.634
2025-05-09 15:00:00,100.642,100.862,100.448,100.495
2025-05-09 23:00:00,100.497,100.527,100.086,100.261
2025-05-10 07:00:00,100.261,100.435,100.22,100.424
2025-05-12 07:00:00,100.689,100.716,100.525,100.547
2025-05-12 15:00:00,100.547,101.792,100.51,101.404
2025-05-12 23:00:00,101.406,101.937,101.376,101.837
2025-05-13 07:00:00,101.837,101.977,101.729,101.779
2025-05-13 15:00:00,101.725,101.76,101.495,101.574
2025-05-13 23:00:00,101.574,101.646,101.208,101.221
2025-05-14 07:00:00,101.221,101.257,100.91,100.93
2025-05-14 15:00:00,100.953,101.022,100.83,100.941
2025-05-14 23:00:00,100.941,100.967,100.271,100.744
2025-05-15 07:00:00,100.744,101.138,100.728,101.017
2025-05-15 15:00:00,100.968,101.055,100.596,100.597
2025-05-15 23:00:00,100.596,100.98,100.589,100.881
2025-05-16 07:00:00,100.882,100.958,100.788,100.809
2025-05-16 15:00:00,100.772,100.79,100.521,100.578
2025-05-16 23:00:00,100.581,101.128,100.537,101.093
2025-05-17 07:00:00,101.093,101.259,100.964,100.977
2025-05-19 07:00:00,100.905,100.905,100.668,100.681
2025-05-19 15:00:00,100.682,100.883,100.281,100.295
2025-05-19 23:00:00,100.294,100.456,100.064,100.422
2025-05-20 07:00:00,100.422,100.51,100.345,100.382
2025-05-20 15:00:00,100.434,100.58,100.17,100.225
2025-05-20 23:00:00,100.227,100.481,100.05,100.163
2025-05-21 07:00:00,100.163,100.328,100.006,100.011
2025-05-21 15:00:00,99.987,99.993,99.423,99.581
2025-05-21 23:00:00,99.582,99.804,99.4,99.515
2025-05-22 07:00:00,99.515,99.701,99.336,99.687
2025-05-22 15:00:00,99.643,99.664,99.44,99.613
2025-05-22 23:00:00,99.613,99.943,99.473,99.924
2025-05-23 07:00:00,99.924,100.118,99.856,99.897
2025-05-23 15:00:00,99.883,99.94,99.555,99.645
2025-05-23 23:00:00,99.646,99.663,99.135,99.26
2025-05-24 07:00:00,99.26,99.357,99.047,99.102
2025-05-26 07:00:00,99.089,99.162,98.898,98.903
2025-05-26 15:00:00,98.903,98.997,98.694,98.99
2025-05-26 23:00:00,98.99,99.107,98.969,98.993
2025-05-27 07:00:00,98.992,99.034,98.931,98.931
2025-05-27 15:00:00,98.955,99.196,98.778,99.196
2025-05-27 23:00:00,99.197,99.521,99.146,99.487
2025-05-28 07:00:00,99.487,99.615,99.478,99.559
2025-05-28 15:00:00,99.527,99.873,99.441,99.782
2025-05-28 23:00:00,99.783,99.887,99.485,99.811
2025-05-29 07:00:00,99.811,99.957,99.774,99.875
2025-05-29 15:00:00,100.537,100.54,100.078,100.096
2025-05-29 23:00:00,100.096,100.112,99.339,99.477
2025-05-30 07:00:00,99.477,99.484,99.217,99.333
2025-05-30 15:00:00,99.246,99.552,99.129,99.459
2025-05-30 23:00:00,99.459,99.668,99.321,99.431
2025-05-31 07:00:00,99.429,99.474,99.285,99.441
2025-06-02 07:00:00,99.408,99.42,99.19,99.224
2025-06-02 15:00:00,99.224,99.338,98.679,98.807
2025-06-02 23:00:00,98.806,98.935,98.612,98.857
2025-06-03 07:00:00,98.857,98.885,98.655,98.709
2025-06-03 15:00:00,98.585,98.939,98.583,98.805
2025-06-03 23:00:00,98.805,99.328,98.765,99.112
2025-06-04 07:00:00,99.112,99.309,99.104,99.25
2025-06-04 15:00:00,99.177,99.392,99.081,99.212
2025-06-04 23:00:00,99.212,99.261,98.723,98.745
2025-06-05 07:00:00,98.744,98.876,98.673,98.819
2025-06-05 15:00:00,98.796,98.941,98.689,98.92
2025-06-05 23:00:00,98.92,98.932,98.351,98.629
2025-06-06 07:00:00,98.628,98.847,98.621,98.712
2025-06-06 15:00:00,98.699,98.911,98.655,98.859
2025-06-06 23:00:00,98.858,99.357,98.851,99.241
2025-06-07 07:00:00,99.24,99.303,99.145,99.202
2025-06-09 07:00:00,99.196,99.219,99.074,99.214
2025-06-09 15:00:00,99.212,99.212,98.83,98.893
2025-06-09 23:00:00,98.892,99.227,98.817,98.944
2025-06-10 07:00:00,98.944,99.025,98.909,99.003
2025-06-10 15:00:00,98.982,99.302,98.895,99.217
2025-06-10 23:00:00,99.217,99.39,98.862,99.019
2025-06-11 07:00:00,99.02,99.127,98.976,99.045
2025-06-11 15:00:00,98.959,99.205,98.939,99.191
2025-06-11 23:00:00,99.189,99.221,98.58,98.69
2025-06-12 07:00:00,98.689,98.731,98.525,98.584
2025-06-12 15:00:00,98.46,98.519,98.247,98.325
2025-06-12 23:00:00,98.325,98.495,97.602,97.938
2025-06-13 07:00:00,97.938,98.038,97.831,97.836
2025-06-13 15:00:00,97.812,98.394,97.621,98.207
2025-06-13 23:00:00,98.206,98.586,98.083,98.182
2025-06-14 07:00:00,98.181,98.232,98.004,98.138
2025-06-16 07:00:00,98.261,98.344,98.186,98.272
2025-06-16 15:00:00,98.272,98.365,97.936,97.995
2025-06-16 23:00:00,97.995,98.03,97.685,97.919
2025-06-17 07:00:00,97.919,98.197,97.911,98.14
2025-06-17 15:00:00,98.194,98.277,98.069,98.155
2025-06-17 23:00:00,98.158,98.536,98.022,98.435
2025-06-18 07:00:00,98.435,98.87,98.329,98.82
2025-06-18 15:00:00,98.869,98.869,98.56,98.588
2025-06-18 23:00:00,98.588,98.787,98.509,98.666
2025-06-19 07:00:00,98.666,99.01,98.483,98.85
2025-06-19 15:00:00,98.879,99.157,98.85,99.007
2025-06-19 23:00:00,99.007,99.076,98.865,99.021
2025-06-20 07:00:00,99.021,99.101,98.752,98.784
2025-06-20 15:00:00,98.671,98.691,98.538,98.665
2025-06-20 23:00:00,98.666,98.893,98.544,98.789
2025-06-21 07:00:00,98.788,98.835,98.596,98.774
2025-06-23 07:00:00,99.094,99.113,98.87,99.023
2025-06-23 15:00:00,99.024,99.198,98.885,99.189
2025-06-23 23:00:00,99.189,99.421,98.544,98.636
2025-06-24 07:00:00,98.636,98.664,98.347,98.35
2025-06-24 15:00:00,98.158,98.276,97.969,98.079
2025-06-24 23:00:00,98.077,98.25,97.707,97.895
2025-06-25 07:00:00,97.895,97.997,97.766,97.97
2025-06-25 15:00:00,97.935,98.037,97.814,98.015
2025-06-25 23:00:00,98.016,98.201,97.958,97.978
2025-06-26 07:00:00,97.977,98.0,97.646,97.709
2025-06-26 15:00:00,97.546,97.605,97.268,97.329
2025-06-26 23:00:00,97.33,97.408,96.997,97.249
2025-06-27 07:00:00,97.25,97.36,97.002,97.35
2025-06-27 15:00:00,97.334,97.419,97.17,97.17
2025-06-27 23:00:00,97.17,97.353,97.0,97.271
2025-06-28 07:00:00,97.271,97.498,97.164,97.254
2025-06-30 07:00:00,97.185,97.299,97.122,97.27
2025-06-30 15:00:00,97.27,97.287,96.974,97.164
2025-06-30 23:00:00,97.163,97.318,96.896,96.953
2025-07-01 07:00:00,96.953,96.984,96.768,96.785
2025-07-01 15:00:00,96.78,96.816,96.614,96.769
2025-07-01 23:00:00,96.769,96.844,96.377,96.808
2025-07-02 07:00:00,96.808,96.949,96.638,96.652
2025-07-02 15:00:00,96.641,96.888,96.621,96.834
2025-07-02 23:00:00,96.834,97.152,96.818,97.052
2025-07-03 07:00:00,97.051,97.057,96.746,96.773
2025-07-03 15:00:00,96.75,96.878,96.689,96.754
2025-07-03 23:00:00,96.755,97.422,96.701,97.148
2025-07-04 07:00:00,97.148,97.23,97.039,97.127
2025-07-04 15:00:00,97.089,97.107,96.859,96.884
2025-07-04 23:00:00,96.885,97.044,96.885,96.987
2025-07-05 07:00:00,96.986,97.011,96.95,96.986
2025-07-07 07:00:00,96.957,97.018,96.891,96.961
2025-07-07 15:00:00,96.961,97.424,96.948,97.42
2025-07-07 23:00:00,97.42,97.66,97.258,97.629
2025-07-08 07:00:00,97.629,97.667,97.44,97.517
2025-07-08 15:00:00,97.358,97.436,97.256,97.346
2025-07-08 23:00:00,97.347,97.838,97.179,97.767
2025-07-09 07:00:00,97.767,97.784,97.475,97.51
2025-07-09 15:00:00,97.547,97.718,97.501,97.513
2025-07-09 23:00:00,97.513,97.748,97.457,97.559
2025-07-10 07:00:00,97.559,97.639,97.47,97.47
2025-07-10 15:00:00,97.444,97.451,97.271,97.397
2025-07-10 23:00:00,97.396,97.921,97.368,97.775
2025-07-11 07:00:00,97.775,97.801,97.571,97.579
2025-07-11 15:00:00,97.573,97.894,97.555,97.86
2025-07-11 23:00:00,97.859,97.964,97.664,97.831
2025-07-12 07:00:00,97.831,97.935,97.751,97.869
2025-07-14 07:00:00,97.959,98.03,97.794,97.797
2025-07-14 15:00:00,97.797,98.1,97.765,97.922
2025-07-14 23:00:00,97.923,98.132,97.816,98.107
2025-07-15 07:00:00,98.107,98.136,98.057,98.102
2025-07-15 15:00:00,98.137,98.137,97.957,98.03
2025-07-15 23:00:00,98.03,98.548,97.931,98.518
2025-07-16 07:00:00,98.518,98.699,98.503,98.635
2025-07-16 15:00:00,98.583,98.63,98.443,98.445
2025-07-16 23:00:00,98.444,98.912,98.437,98.678
2025-07-17 07:00:00,98.676,98.678,97.714,98.28
2025-07-17 15:00:00,98.349,98.812,98.335,98.74
2025-07-17 23:00:00,98.74,98.95,98.593,98.699
2025-07-18 07:00:00,98.7,98.767,98.6,98.616
2025-07-18 15:00:00,98.487,98.575,98.391,98.503
2025-07-18 23:00:00,98.503,98.512,98.099,98.286
2025-07-19 07:00:00,98.286,98.518,98.225,98.463
2025-07-21 07:00:00,98.357,98.477,98.344,98.473
2025-07-21 15:00:00,98.473,98.508,98.167,98.251
2025-07-21 23:00:00,98.251,98.311,97.7,97.801
2025-07-22 07:00:00,97.802,97.901,97.79,97.849
2025-07-22 15:00:00,97.868,97.982,97.842,97.937
2025-07-22 23:00:00,97.937,97.991,97.533,97.565
2025-07-23 07:00:00,97.566,97.613,97.305,97.399
2025-07-23 15:00:00,97.474,97.56,97.36,97.432
2025-07-23 23:00:00,97.431,97.606,97.337,97.429
2025-07-24 07:00:00,97.429,97.504,97.189,97.207
2025-07-24 15:00:00,97.181,97.292,97.109,97.292
2025-07-24 23:00:00,97.293,97.523,97.147,97.322
2025-07-25 07:00:00,97.323,97.55,97.277,97.518
2025-07-25 15:00:00,97.454,97.63,97.429,97.523
2025-07-25 23:00:00,97.522,97.905,97.471,97.749
2025-07-26 07:00:00,97.75,97.833,97.634,97.674
2025-07-28 07:00:00,97.577,97.641,97.511,97.541
2025-07-28 15:00:00,97.541,98.153,97.492,98.092
2025-07-28 23:00:00,98.091,98.57,98.054,98.567
2025-07-29 07:00:00,98.568,98.685,98.555,98.664
2025-07-29 15:00:00,98.64,99.009,98.584,99.008
2025-07-29 23:00:00,99.009,99.141,98.664,99.074
2025-07-30 07:00:00,99.075,99.09,98.829,98.898
2025-07-30 15:00:00,98.921,98.925,98.703,98.798
2025-07-30 23:00:00,98.798,99.57,98.726,99.417
2025-07-31 07:00:00,99.417,99.983,99.234,99.887
2025-07-31 15:00:00,99.798,99.88,99.524,99.544
2025-07-31 23:00:00,99.545,100.101,99.545,99.821
2025-08-01 07:00:00,99.821,100.096,99.791,100.051
2025-08-01 15:00:00,100.011,100.145,99.914,99.979
2025-08-01 23:00:00,99.978,100.257,98.679,98.945
2025-08-02 07:00:00,98.945,99.196,98.611,98.685
2025-08-04 07:00:00,98.65,98.903,98.603,98.89
2025-08-04 15:00:00,98.89,98.98,98.697,98.911
2025-08-04 23:00:00,98.911,98.929,98.592,98.736
2025-08-05 07:00:00,98.736,98.802,98.699,98.73
2025-08-05 15:00:00,98.623,98.932,98.585,98.892
2025-08-05 23:00:00,98.893,99.074,98.8,98.808
2025-08-06 07:00:00,98.809,98.83,98.671,98.757
2025-08-06 15:00:00,98.745,98.837,98.664,98.73
2025-08-06 23:00:00,98.73,98.828,98.365,98.429
2025-08-07 07:00:00,98.429,98.463,98.128,98.191
2025-08-07 15:00:00,98.19,98.312,98.036,98.062
2025-08-07 23:00:00,98.061,98.451,97.945,98.385
2025-08-08 07:00:00,98.385,98.473,98.03,98.05
2025-08-08 15:00:00,97.982,98.271,97.959,98.197
2025-08-08 23:00:00,98.197,98.351,98.084,98.211
2025-08-09 07:00:00,98.21,98.305,98.114,98.265
2025-08-11 07:00:00,98.237,98.275,98.208,98.236
2025-08-11 15:00:00,98.235,98.248,98.034,98.175
2025-08-11 23:00:00,98.176,98.67,98.158,98.544
2025-08-12 07:00:00,98.544,98.607,98.478,98.498
2025-08-12 15:00:00,98.507,98.553,98.438,98.553
2025-08-12 23:00:00,98.552,98.622,98.136,98.201
2025-08-13 07:00:00,98.202,98.217,97.897,98.053
2025-08-13 15:00:00,98.043,98.13,97.918,97.949
2025-08-13 23:00:00,97.949,97.95,97.626,97.695
2025-08-14 07:00:00,97.695,97.873,97.689,97.786
2025-08-14 15:00:00,97.754,97.827,97.632,97.827
2025-08-14 23:00:00,97.826,98.243,97.753,98.078
2025-08-15 07:00:00,98.078,98.322,98.073,98.196
2025-08-15 15:00:00,98.184,98.214,97.972,97.986
2025-08-15 23:00:00,97.986,98.002,97.725,97.762
2025-08-16 07:00:00,97.762,97.883,97.73,97.839
2025-08-18 07:00:00,97.792,97.886,97.775,97.874
2025-08-18 15:00:00,97.876,98.057,97.809,97.971
2025-08-18 23:00:00,97.971,98.186,97.935,98.168
2025-08-19 07:00:00,98.168,98.177,98.101,98.134
2025-08-19 15:00:00,98.149,98.317,98.047,98.048
2025-08-19 23:00:00,98.048,98.172,97.94,98.13
2025-08-20 07:00:00,98.13,98.299,98.098,98.28
2025-08-20 15:00:00,98.292,98.441,98.285,98.327
2025-08-20 23:00:00,98.327,98.359,98.09,98.128
2025-08-21 07:00:00,98.128,98.286,98.079,98.217
2025-08-21 15:00:00,98.254,98.42,98.227,98.395
2025-08-21 23:00:00,98.395,98.613,98.184,98.562
2025-08-22 07:00:00,98.562,98.684,98.505,98.622
2025-08-22 15:00:00,98.602,98.834,98.584,98.779
2025-08-22 23:00:00,98.779,98.779,97.739,97.746
2025-08-23 07:00:00,97.745,97.777,97.556,97.732
2025-08-25 07:00:00,97.725,97.949,97.714,97.927
2025-08-25 15:00:00,97.927,97.966,97.751,97.87
2025-08-25 23:00:00,97.87,98.203,97.84,98.175
2025-08-26 07:00:00,98.176,98.543,98.168,98.433
2025-08-26 15:00:00,98.471,98.502,98.103,98.418
2025-08-26 23:00:00,98.417,98.563,98.126,98.179
2025-08-27 07:00:00,98.178,98.306,98.085,98.21
2025-08-27 15:00:00,98.245,98.477,98.238,98.396
2025-08-27 23:00:00,98.395,98.733,98.387,98.539
2025-08-28 07:00:00,98.539,98.54,98.155,98.184
2025-08-28 15:00:00,98.118,98.183,98.05,98.137
2025-08-28 23:00:00,98.138,98.227,97.836,97.942
2025-08-29 07:00:00,97.942,98.001,97.736,97.897
2025-08-29 15:00:00,97.869,98.037,97.856,97.984
2025-08-29 23:00:00,97.983,98.134,97.718,97.725
2025-08-30 07:00:00,97.725,97.879,97.693,97.855
2025-09-01 07:00:00,97.832,97.859,97.787,97.792
2025-09-01 15:00:00,97.793,97.873,97.537,97.545
2025-09-01 23:00:00,97.545,97.776,97.536,97.727
2025-09-02 07:00:00,97.727,97.747,97.661,97.692
2025-09-02 15:00:00,97.646,97.902,97.624,97.808
2025-09-02 23:00:00,97.807,98.595,97.789,98.18
2025-09-03 07:00:00,98.18,98.421,98.151,98.304
2025-09-03 15:00:00,98.396,98.513,98.335,98.413
2025-09-03 23:00:00,98.413,98.635,98.044,98.152
2025-09-04 07:00:00,98.152,98.194,98.014,98.144
2025-09-04 15:00:00,98.15,98.258,98.08,98.241
2025-09-04 23:00:00,98.241,98.435,98.175,98.421
2025-09-05 07:00:00,98.422,98.44,98.263,98.263
2025-09-05 15:00:00,98.238,98.256,98.067,98.123
2025-09-05 23:00:00,98.124,98.146,97.43,97.6
2025-09-06 07:00:00,97.6,97.793,97.432,97.736
2025-09-08 07:00:00,97.79,97.942,97.786,97.864
2025-09-08 15:00:00,97.864,97.896,97.579,97.678
2025-09-08 23:00:00,97.678,97.757,97.472,97.604
2025-09-09 07:00:00,97.604,97.647,97.418,97.441
2025-09-09 15:00:00,97.381,97.429,97.259,97.374
2025-09-09 23:00:00,97.372,97.648,97.253,97.6
2025-09-10 07:00:00,97.6,97.815,97.597,97.745
2025-09-10 15:00:00,97.831,97.908,97.693,97.865
2025-09-10 23:00:00,97.862,97.932,97.595,97.626
2025-09-11 07:00:00,97.626,97.868,97.612,97.806
2025-09-11 15:00:00,97.786,97.963,97.772,97.917
2025-09-11 23:00:00,97.917,98.087,97.49,97.6
2025-09-12 07:00:00,97.6,97.627,97.473,97.5
2025-09-12 15:00:00,97.518,97.674,97.518,97.554
2025-09-12 23:00:00,97.556,97.864,97.491,97.664
2025-09-13 07:00:00,97.665,97.793,97.546,97.615
2025-09-15 07:00:00,97.626,97.688,97.607,97.644
2025-09-15 15:00:00,97.643,97.702,97.492,97.547
2025-09-15 23:00:00,97.548,97.553,97.273,97.38
2025-09-16 07:00:00,97.38,97.387,97.273,97.344
2025-09-16 15:00:00,97.338,97.388,97.108,97.136
2025-09-16 23:00:00,97.136,97.149,96.724,96.732
2025-09-17 07:00:00,96.731,96.851,96.556,96.656
2025-09-17 15:00:00,96.617,96.754,96.586,96.719
2025-09-17 23:00:00,96.72,96.844,96.668,96.742
2025-09-18 07:00:00,96.741,97.072,96.218,97.015
2025-09-18 15:00:00,96.926,97.311,96.922,97.219
2025-09-18 23:00:00,97.219,97.604,96.837,97.426
2025-09-19 07:00:00,97.426,97.478,97.302,97.363
2025-09-19 15:00:00,97.344,97.549,97.27,97.512
2025-09-19 23:00:00,97.512,97.809,97.429,97.574
2025-09-20 07:00:00,97.574,97.694,97.566,97.647
2025-09-22 07:00:00,97.649,97.813,97.634,97.746
2025-09-22 15:00:00,97.746,97.823,97.505,97.548
2025-09-22 23:00:00,97.548,97.566,97.375,97.401
2025-09-23 07:00:00,97.401,97.416,97.299,97.301
2025-09-23 15:00:00,97.318,97.395,97.199,97.354
2025-09-23 23:00:00,97.356,97.456,97.229,97.341
2025-09-24 07:00:00,97.341,97.412,97.206,97.216
2025-09-24 15:00:00,97.239,97.467,97.221,97.452
2025-09-24 23:00:00,97.452,97.921,97.413,97.814
2025-09-25 07:00:00,97.814,97.913,97.798,97.839
2025-09-25 15:00:00,97.819,97.861,97.737,97.794
2025-09-25 23:00:00,97.794,98.39,97.761,98.385
2025-09-26 07:00:00,98.385,98.605,98.339,98.449
2025-09-26 15:00:00,98.495,98.53,98.341,98.357
2025-09-26 23:00:00,98.358,98.511,98.166,98.238
2025-09-27 07:00:00,98.24,98.279,98.134,98.182
2025-09-29 07:00:00,98.165,98.181,98.002,98.013
2025-09-29 15:00:00,98.014,98.069,97.867,97.922
2025-09-29 23:00:00,97.923,98.06,97.774,97.92
2025-09-30 07:00:00,97.92,97.979,97.896,97.936
2025-09-30 15:00:00,97.91,98.045,97.774,97.809
2025-09-30 23:00:00,97.809,97.965,97.668,97.704
2025-10-01 07:00:00,97.703,97.887,97.632,97.792
2025-10-01 15:00:00,97.819,97.882,97.508,97.553
2025-10-01 23:00:00,97.553,97.858,97.462,97.618
2025-10-02 07:00:00,97.615,97.857,97.598,97.704
2025-10-02 15:00:00,97.704,97.802,97.638,97.667
2025-10-02 23:00:00,97.668,97.986,97.522,97.936
2025-10-03 07:00:00,97.936,98.131,97.807,97.855
2025-10-03 15:00:00,97.853,97.95,97.804,97.906
2025-10-03 23:00:00,97.905,97.905,97.6,97.718
2025-10-04 07:00:00,97.718,97.816,97.648,97.712
2025-10-06 07:00:00,97.957,98.144,97.957,98.088
2025-10-06 15:00:00,98.088,98.488,98.001,98.399
2025-10-06 23:00:00,98.399,98.499,98.031,98.104
2025-10-07 07:00:00,98.104,98.131,98.07,98.115
2025-10-07 15:00:00,98.094,98.334,98.093,98.298
2025-10-07 23:00:00,98.298,98.559,98.294,98.49
2025-10-08 07:00:00,98.49,98.66,98.366,98.574
2025-10-08 15:00:00,98.61,98.972,98.591,98.895
2025-10-08 23:00:00,98.895,98.989,98.694,98.84
2025-10-09 07:00:00,98.84,99.06,98.822,98.822
2025-10-09 15:00:00,98.843,99.031,98.699,98.999
2025-10-09 23:00:00,98.999,99.283,98.853,99.259
2025-10-10 07:00:00,99.259,99.563,99.254,99.399
2025-10-10 15:00:00,99.393,99.429,99.274,99.322
2025-10-10 23:00:00,99.323,99.407,99.208,99.243
2025-10-11 07:00:00,99.244,99.244,98.813,98.854
2025-10-13 07:00:00,98.943,99.129,98.936,98.938
2025-10-13 15:00:00,98.937,99.217,98.834,99.18
2025-10-13 23:00:00,99.18,99.346,99.078,99.227
2025-10-14 07:00:00,99.228,99.295,99.203,99.247
2025-10-14 15:00:00,99.3,99.374,99.07,99.287
2025-10-14 23:00:00,99.287,99.475,99.134,99.146
2025-10-15 07:00:00,99.145,99.206,98.988,99.033
2025-10-15 15:00:00,99.052,99.078,98.743,98.778
2025-10-15 23:00:00,98.778,98.994,98.734,98.852
2025-10-16 07:00:00,98.852,98.89,98.655,98.666
2025-10-16 15:00:00,98.668,98.694,98.417,98.63
2025-10-16 23:00:00,98.63,98.701,98.43,98.436
2025-10-17 07:00:00,98.436,98.54,98.298,98.338
2025-10-17 15:00:00,98.256,98.314,98.03,98.138
2025-10-17 23:00:00,98.136,98.554,98.105,98.498
2025-10-18 07:00:00,98.498,98.551,98.378,98.541
2025-10-20 07:00:00,98.668,98.668,98.474,98.475
2025-10-20 15:00:00,98.474,98.569,98.386,98.48
2025-10-20 23:00:00,98.479,98.628,98.444,98.553
2025-10-21 07:00:00,98.553,98.646,98.538,98.593
2025-10-21 15:00:00,98.614,98.862,98.507,98.737
2025-10-21 23:00:00,98.737,98.979,98.707,98.938
2025-10-22 07:00:00,98.938,98.976,98.782,98.964
2025-10-22 15:00:00,98.967,98.983,98.841,98.917
2025-10-22 23:00:00,98.917,99.139,98.887,98.888
2025-10-23 07:00:00,98.889,98.936,98.786,98.881
2025-10-23 15:00:00,98.915,99.101,98.915,99.061
2025-10-23 23:00:00,99.061,99.138,98.916,98.967
2025-10-24 07:00:00,98.966,99.044,98.912,98.915
2025-10-24 15:00:00,98.94,99.1,98.893,99.002
2025-10-24 23:00:00,98.999,99.074,98.728,98.965
2025-10-25 07:00:00,98.965,99.006,98.87,98.938
2025-10-27 15:00:00,98.844,98.999,98.84,98.907
2025-10-27 23:00:00,98.908,98.933,98.729,98.87
2025-10-28 07:00:00,98.87,98.904,98.77,98.799
2025-10-28 15:00:00,98.746,98.797,98.565,98.674
2025-10-28 23:00:00,98.674,98.947,98.628,98.68
2025-10-29 07:00:00,98.679,98.738,98.622,98.731
2025-10-29 15:00:00,98.737,98.941,98.624,98.887
2025-10-29 23:00:00,98.888,99.009,98.749,98.753
2025-10-30 07:00:00,98.753,99.356,98.639,99.138
2025-10-30 15:00:00,99.136,99.198,98.915,99.092
2025-10-30 23:00:00,99.092,99.724,99.074,99.509
2025-10-31 07:00:00,99.509,99.587,99.456,99.523
2025-10-31 15:00:00,99.494,99.601,99.416,99.595
2025-10-31 23:00:00,99.595,99.844,99.497,99.742
2025-11-01 07:00:00,99.742,99.843,99.687,99.716
2025-11-03 07:00:00,99.754,99.839,99.731,99.805
2025-11-03 15:00:00,99.805,99.923,99.708,99.904
2025-11-03 23:00:00,99.905,99.988,99.738,99.82
2025-11-04 07:00:00,99.82,99.898,99.791,99.881
2025-11-04 15:00:00,99.982,100.048,99.743,99.806
2025-11-04 23:00:00,99.806,100.215,99.792,100.081
2025-11-05 07:00:00,100.082,100.255,100.053,100.198
2025-11-05 15:00:00,100.18,100.207,100.059,100.172
2025-11-05 23:00:00,100.172,100.36,100.097,100.273
2025-11-06 07:00:00,100.273,100.34,100.148,100.163
2025-11-06 15:00:00,100.108,100.108,99.989,100.028
2025-11-06 23:00:00,100.028,100.035,99.735,99.797
2025-11-07 07:00:00,99.796,99.861,99.671,99.695
2025-11-07 15:00:00,99.759,99.865,99.737,99.831
2025-11-07 23:00:00,99.831,99.872,99.398,99.535
2025-11-08 07:00:00,99.534,99.626,99.417,99.556
2025-11-10 07:00:00,99.628,99.742,99.621,99.639
2025-11-10 15:00:00,99.638,99.699,99.455,99.568
2025-11-10 23:00:00,99.567,99.732,99.481,99.585
2025-11-11 07:00:00,99.584,99.64,99.552,99.622
2025-11-11 15:00:00,99.66,99.738,99.599,99.663
2025-11-11 23:00:00,99.662,99.718,99.287,99.369
2025-11-12 07:00:00,99.369,99.488,99.336,99.464
2025-11-12 15:00:00,99.455,99.617,99.455,99.51
2025-11-12 23:00:00,99.508,99.71,99.447,99.45
2025-11-13 07:00:00,99.452,99.528,99.418,99.47
2025-11-13 15:00:00,99.516,99.591,99.339,99.344
2025-11-13 23:00:00,99.344,99.373,99.068,99.093
2025-11-14 07:00:00,99.093,99.232,98.991,99.228
2025-11-14 15:00:00,99.255,99.273,99.111,99.242
2025-11-14 23:00:00,99.242,99.404,98.992,99.331
2025-11-15 07:00:00,99.33,99.38,99.252,99.273
2025-11-17 07:00:00,99.266,99.388,99.245,99.379
2025-11-17 15:00:00,99.377,99.477,99.291,99.395
2025-11-17 23:00:00,99.395,99.561,99.352,99.478
2025-11-18 07:00:00,99.478,99.598,99.473,99.531
2025-11-18 15:00:00,99.564,99.59,99.43,99.518
2025-11-18 23:00:00,99.519,99.622,99.396,99.589
2025-11-19 07:00:00,99.589,99.661,99.538,99.596
2025-11-19 15:00:00,99.578,99.668,99.494,99.606
2025-11-19 23:00:00,99.603,100.039,99.547,99.988
2025-11-20 07:00:00,99.989,100.243,99.985,100.115
2025-11-20 15:00:00,100.173,100.321,100.13,100.241
2025-11-20 23:00:00,100.241,100.36,100.028,100.202
2025-11-21 07:00:00,100.202,100.264,100.092,100.214
2025-11-21 15:00:00,100.161,100.189,100.033,100.087
2025-11-21 23:00:00,100.087,100.395,99.99,100.304
2025-11-22 07:00:00,100.304,100.379,100.134,100.196
2025-11-24 07:00:00,100.201,100.297,100.194,100.247
2025-11-24 15:00:00,100.247,100.269,100.098,100.152
2025-11-24 23:00:00,100.152,100.28,100.011,100.224
2025-11-25 07:00:00,100.223,100.226,100.132,100.183
2025-11-25 15:00:00,100.211,100.261,100.11,100.173
2025-11-25 23:00:00,100.172,100.19,99.698,99.862
2025-11-26 07:00:00,99.861,99.95,99.654,99.792
2025-11-26 15:00:00,99.841,99.874,99.602,99.75
2025-11-26 23:00:00,99.75,99.959,99.62,99.643
2025-11-27 07:00:00,99.643,99.66,99.555,99.56
2025-11-27 15:00:00,99.503,99.629,99.406,99.571
2025-11-27 23:00:00,99.571,99.709,99.53,99.559
2025-11-28 07:00:00,99.558,99.596,99.517,99.533
2025-11-28 15:00:00,99.568,99.692,99.538,99.686
2025-11-28 23:00:00,99.684,99.816,99.377,99.377
2025-11-29 07:00:00,99.377,99.523,99.376,99.479
2025-12-01 07:00:00,99.48,99.491,99.317,99.394
2025-12-01 15:00:00,99.394,99.513,99.279,99.286
2025-12-01 23:00:00,99.287,99.331,99.009,99.311
2025-12-02 07:00:00,99.311,99.429,99.296,99.407
2025-12-02 15:00:00,99.446,99.476,99.379,99.413
2025-12-02 23:00:00,99.413,99.567,99.379,99.45
2025-12-03 07:00:00,99.451,99.565,99.315,99.319
2025-12-03 15:00:00,99.282,99.288,99.102,99.195
2025-12-03 23:00:00,99.194,99.22,98.885,98.949
2025-12-04 07:00:00,98.949,98.966,98.82,98.868
2025-12-04 15:00:00,98.92,99.027,98.908,98.94
2025-12-04 23:00:00,98.94,98.99,98.765,98.795
2025-12-05 07:00:00,98.795,99.082,98.795,99.069
2025-12-05 15:00:00,99.04,99.05,98.807,98.889
2025-12-05 23:00:00,98.889,99.073,98.882,98.967
2025-12-06 07:00:00,98.966,99.125,98.954,98.986
2025-12-08 07:00:00,98.967,99.022,98.885,98.896
2025-12-08 15:00:00,98.896,98.99,98.794,98.984
2025-12-08 23:00:00,98.985,99.227,98.923,99.069
2025-12-09 07:00:00,99.069,99.125,99.048,99.097
2025-12-09 15:00:00,99.052,99.122,99.012,99.106
2025-12-09 23:00:00,99.105,99.312,98.954,99.228
2025-12-10 07:00:00,99.227,99.307,99.129,99.243
2025-12-10 15:00:00,99.215,99.256,99.077,99.082
2025-12-10 23:00:00,99.082,99.214,99.011,99.072
2025-12-11 07:00:00,99.073,99.11,98.592,98.636
2025-12-11 15:00:00,98.555,98.763,98.537,98.689
2025-12-11 23:00:00,98.689,98.723,98.161,98.171
2025-12-12 07:00:00,98.173,98.38,98.134,98.334
2025-12-12 15:00:00,98.316,98.406,98.296,98.36
2025-12-12 23:00:00,98.36,98.531,98.329,98.437
2025-12-13 07:00:00,98.436,98.514,98.323,98.392
2025-12-15 07:00:00,98.401,98.477,98.353,98.355
2025-12-15 15:00:00,98.356,98.418,98.293,98.294
2025-12-15 23:00:00,98.294,98.354,98.136,98.344
2025-12-16 07:00:00,98.343,98.398,98.249,98.253
2025-12-16 15:00:00,98.268,98.32,98.205,98.269
2025-12-16 23:00:00,98.269,98.295,97.869,98.107
2025-12-17 07:00:00,98.106,98.297,98.013,98.211
2025-12-17 15:00:00,98.208,98.632,98.175,98.585
2025-12-17 23:00:00,98.583,98.639,98.243,98.279
2025-12-18 07:00:00,98.278,98.41,98.253,98.394
2025-12-18 15:00:00,98.378,98.443,98.343,98.438
2025-12-18 23:00:00,98.438,98.562,98.173,98.404
2025-12-19 07:00:00,98.404,98.517,98.28,98.418
2025-12-19 15:00:00,98.462,98.689,98.42,98.668
2025-12-19 23:00:00,98.669,98.749,98.5,98.706
2025-12-20 07:00:00,98.705,98.743,98.567,98.718
2025-12-22 07:00:00,98.666,98.728,98.61,98.618
2025-12-22 15:00:00,98.618,98.653,98.481,98.518
2025-12-22 23:00:00,98.518,98.518,98.197,98.246
2025-12-23 07:00:00,98.246,98.332,98.24,98.24
2025-12-23 15:00:00,98.197,98.197,98.027,98.046
2025-12-23 23:00:00,98.046,98.142,97.852,98.07
2025-12-24 07:00:00,98.07,98.101,97.88,97.884
2025-12-24 15:00:00,97.888,97.929,97.749,97.895
2025-12-24 23:00:00,97.896,97.973,97.796,97.945
2025-12-25 07:00:00,97.945,98.012,97.926,97.949
2025-12-26 15:00:00,97.915,98.075,97.895,98.054
2025-12-26 23:00:00,98.055,98.1,97.859,97.991
2025-12-27 07:00:00,97.991,98.134,97.975,98.054
2025-12-29 07:00:00,98.049,98.049,97.931,97.945
2025-12-29 15:00:00,97.947,98.146,97.915,98.019
2025-12-29 23:00:00,98.02,98.177,97.916,98.158
2025-12-30 07:00:00,98.158,98.169,97.994,98.014
2025-12-30 15:00:00,98.01,98.058,97.946,98.015
2025-12-30 23:00:00,98.016,98.269,97.939,98.14
2025-12-31 07:00:00,98.139,98.257,98.086,98.217
2025-12-31 15:00:00,98.247,98.363,98.214,98.317
2025-12-31 23:00:00,98.317,98.499,98.176,98.299
2026-01-01 07:00:00,98.3,98.412,98.224,98.282
2026-01-02 15:00:00,98.235,98.374,98.145,98.345
2026-01-02 23:00:00,98.344,98.492,98.197,98.209
2026-01-03 07:00:00,98.209,98.494,98.188,98.433
2026-01-05 07:00:00,98.481,98.596,98.471,98.581
2026-01-05 15:00:00,98.581,98.796,98.572,98.692
2026-01-05 23:00:00,98.692,98.861,98.319,98.36
2026-01-06 07:00:00,98.36,98.37,98.251,98.358
2026-01-06 15:00:00,98.411,98.425,98.161,98.262
2026-01-06 23:00:00,98.262,98.624,98.182,98.537
2026-01-07 07:00:00,98.536,98.626,98.502,98.595
2026-01-07 15:00:00,98.579,98.658,98.497,98.635
2026-01-07 23:00:00,98.635,98.69,98.507,98.602
2026-01-08 07:00:00,98.602,98.751,98.578,98.73
2026-01-08 15:00:00,98.736,98.779,98.679,98.733
2026-01-08 23:00:00,98.733,98.929,98.723,98.824
2026-01-09 07:00:00,98.824,98.984,98.816,98.845
2026-01-09 15:00:00,98.912,99.058,98.9,98.981
2026-01-09 23:00:00,98.981,99.264,98.896,99.085
2026-01-10 07:00:00,99.086,99.189,99.06,99.138
2026-01-12 07:00:00,99.165,99.246,98.851,98.97
2026-01-12 15:00:00,98.97,99.038,98.705,98.812
2026-01-12 23:00:00,98.812,98.909,98.672,98.88
2026-01-13 07:00:00,98.88,98.922,98.85,98.892
2026-01-13 15:00:00,98.898,99.032,98.898,98.98
2026-01-13 23:00:00,98.98,99.148,98.853,99.083
2026-01-14 07:00:00,99.082,99.227,99.062,99.174
2026-01-14 15:00:00,99.186,99.248,99.099,99.145
2026-01-14 23:00:00,99.145,99.176,98.942,98.945
2026-01-15 07:00:00,98.945,99.141,98.933,99.058
2026-01-15 15:00:00,99.129,99.232,99.086,99.192
2026-01-15 23:00:00,99.192,99.492,99.095,99.378
2026-01-16 07:00:00,99.378,99.409,99.287,99.355
2026-01-16 15:00:00,99.369,99.402,99.264,99.294
2026-01-16 23:00:00,99.294,99.483,99.163,99.406
2026-01-17 07:00:00,99.405,99.45,99.31,99.375
2026-01-19 07:00:00,99.436,99.468,99.057,99.177
2026-01-19 15:00:00,99.176,99.284,99.061,99.178
2026-01-19 23:00:00,99.177,99.214,99.016,99.026
2026-01-20 07:00:00,99.026,99.067,99.006,99.045
2026-01-20 15:00:00,99.138,99.139,98.726,98.751
2026-01-20 23:00:00,98.751,98.758,98.246,98.509
2026-01-21 07:00:00,98.51,98.656,98.394,98.558
2026-01-21 15:00:00,98.605,98.639,98.454,98.569
2026-01-21 23:00:00,98.572,98.712,98.384,98.667
2026-01-22 07:00:00,98.667,98.868,98.6,98.789
2026-01-22 15:00:00,98.787,98.827,98.723,98.768
2026-01-22 23:00:00,98.768,98.827,98.437,98.439
2026-01-23 07:00:00,98.439,98.47,98.262,98.266
2026-01-23 15:00:00,98.333,98.481,98.259,98.407
2026-01-23 23:00:00,98.406,98.452,98.147,98.159
2026-01-24 07:00:00,98.159,98.245,97.425,97.456
2026-01-26 07:00:00,97.025,97.333,96.949,97.16
2026-01-26 15:00:00,97.16,97.287,96.997,97.056
2026-01-26 23:00:00,97.057,97.323,96.806,97.015
2026-01-27 07:00:00,97.015,97.106,96.936,97.057
2026-01-27 15:00:00,97.054,97.214,96.918,97.192
2026-01-27 23:00:00,97.192,97.286,96.252,96.423
2026-01-28 07:00:00,96.422,96.43,95.551,95.816
2026-01-28 15:00:00,95.965,96.208,95.859,96.106
2026-01-28 23:00:00,96.105,96.563,96.003,96.426
2026-01-29 07:00:00,96.426,96.787,96.336,96.336
2026-01-29 15:00:00,96.16,96.354,96.016,96.184
2026-01-29 23:00:00,96.187,96.656,96.096,96.453
2026-01-30 07:00:00,96.453,96.463,96.151,96.164
2026-01-30 15:00:00,96.165,96.738,96.165,96.463
2026-01-30 23:00:00,96.462,96.869,96.32,96.762
2026-01-31 07:00:00,96.763,97.149,96.756,97.147
2026-02-02 07:00:00,97.185,97.298,97.008,97.054
2026-02-02 15:00:00,97.055,97.271,97.028,97.084
2026-02-02 23:00:00,97.084,97.668,97.03,97.566
2026-02-03 07:00:00,97.565,97.733,97.557,97.604
2026-02-03 15:00:00,97.519,97.538,97.34,97.398
2026-02-03 23:00:00,97.399,97.692,97.385,97.408
2026-02-04 07:00:00,97.408,97.484,97.298,97.381
2026-02-04 15:00:00,97.429,97.463,97.314,97.363
2026-02-04 23:00:00,97.363,97.688,97.309,97.673
2026-02-05 07:00:00,97.673,97.73,97.544,97.643
2026-02-05 15:00:00,97.673,97.818,97.629,97.742
2026-02-05 23:00:00,97.743,97.915,97.607,97.848
2026-02-06 07:00:00,97.848,97.986,97.746,97.946
2026-02-06 15:00:00,97.973,97.973,97.754,97.841
2026-02-06 23:00:00,97.84,97.876,97.559,97.597
2026-02-07 07:00:00,97.596,97.685,97.587,97.681
2026-02-09 07:00:00,97.7,97.761,97.481,97.572
2026-02-09 15:00:00,97.572,97.654,97.291,97.368
2026-02-09 23:00:00,97.368,97.426,96.837,96.93
2026-02-10 07:00:00,96.93,96.965,96.793,96.87
2026-02-10 15:00:00,96.997,97.007,96.791,96.897
2026-02-10 23:00:00,96.897,96.958,96.609,96.694
2026-02-11 07:00:00,96.694,96.926,96.688,96.893
2026-02-11 15:00:00,96.914,96.914,96.494,96.575
2026-02-11 23:00:00,96.574,97.272,96.494,97.037
2026-02-12 07:00:00,97.036,97.074,96.696,96.908
2026-02-12 15:00:00,96.96,97.074,96.774,96.882
2026-02-12 23:00:00,96.882,96.985,96.754,96.774
2026-02-13 07:00:00,96.773,97.03,96.744,96.921
2026-02-13 15:00:00,96.937,97.156,96.897,97.053
2026-02-13 23:00:00,97.053,97.09,96.85,97.087
2026-02-14 07:00:00,97.088,97.095,96.802,96.882
2026-02-16 07:00:00,96.875,96.997,96.875,96.936
2026-02-16 15:00:00,96.935,97.017,96.907,97.001
2026-02-16 23:00:00,97.002,97.12,96.982,97.104
2026-02-17 07:00:00,97.104,97.104,97.057,97.1
2026-02-17 15:00:00,97.124,97.247,97.077,97.221
2026-02-17 23:00:00,97.221,97.546,97.072,97.497
2026-02-18 07:00:00,97.497,97.5,97.107,97.107
2026-02-18 15:00:00,97.142,97.302,97.118,97.283
2026-02-18 23:00:00,97.285,97.479,97.163,97.41
2026-02-19 07:00:00,97.409,97.742,97.37,97.696
2026-02-19 15:00:00,97.732,97.777,97.613,97.631
2026-02-19 23:00:00,97.631,98.074,97.572,97.902
2026-02-20 07:00:00,97.902,97.962,97.8,97.819
2026-02-20 15:00:00,97.898,98.025,97.842,98.018
2026-02-20 23:00:00,98.018,98.078,97.589,97.712
2026-02-21 07:00:00,97.712,97.903,97.632,97.789
2026-02-23 07:00:00,97.698,97.705,97.355,97.426
2026-02-23 15:00:00,97.426,97.643,97.374,97.634
2026-02-23 23:00:00,97.634,97.853,97.532,97.634
2026-02-24 07:00:00,97.633,97.747,97.624,97.696
2026-02-24 15:00:00,97.698,97.949,97.695,97.916
2026-02-24 23:00:00,97.915,97.986,97.774,97.892
2026-02-25 07:00:00,97.892,97.9,97.746,97.882
2026-02-25 15:00:00,97.854,97.867,97.643,97.725
2026-02-25 23:00:00,97.725,98.002,97.707,97.739
2026-02-26 07:00:00,97.739,97.75,97.622,97.643
2026-02-26 15:00:00,97.591,97.655,97.489,97.602
2026-02-26 23:00:00,97.602,97.887,97.601,97.752
2026-02-27 07:00:00,97.752,97.984,97.746,97.781
2026-02-27 15:00:00,97.751,97.824,97.631,97.676
2026-02-27 23:00:00,97.675,97.851,97.611,97.71
2026-02-28 07:00:00,97.709,97.726,97.561,97.646
2026-03-02 07:00:00,98.0,98.094,97.792,97.806
2026-03-02 15:00:00,97.806,98.566,97.768,98.274
2026-03-02 23:00:00,98.274,98.753,98.152,98.458
2026-03-03 07:00:00,98.46,98.651,98.368,98.548
2026-03-03 15:00:00,98.628,98.889,98.597,98.88
2026-03-03 23:00:00,98.881,99.683,98.868,99.366
2026-03-04 07:00:00,99.366,99.393,98.949,99.073
2026-03-04 15:00:00,99.106,99.329,98.902,98.993
2026-03-04 23:00:00,98.993,99.157,98.7,98.807
2026-03-05 07:00:00,98.807,98.916,98.74,98.775
2026-03-05 15:00:00,98.772,99.161,98.667,99.026
2026-03-05 23:00:00,99.026,99.32,98.742,99.214
2026-03-06 07:00:00,99.215,99.413,99.013,99.061
2026-03-06 15:00:00,99.009,99.106,98.942,98.971
2026-03-06 23:00:00,98.97,99.435,98.959,99.147
2026-03-07 07:00:00,99.147,99.149,98.836,98.855
2026-03-09 07:00:00,98.855,99.633,98.855,99.618
2026-03-09 15:00:00,99.617,99.695,99.22,99.488
2026-03-09 23:00:00,99.487,99.503,98.978,99.07
2026-03-10 07:00:00,99.07,99.184,98.698,98.726
2026-03-10 15:00:00,98.797,98.939,98.681,98.716
2026-03-10 23:00:00,98.716,98.823,98.492,98.604
2026-03-11 07:00:00,98.607,98.954,98.497,98.914
2026-03-11 15:00:00,98.937,98.967,98.699,98.751
2026-03-11 23:00:00,98.753,99.184,98.702,99.131
2026-03-12 07:00:00,99.129,99.299,99.111,99.251
2026-03-12 15:00:00,99.453,99.528,99.325,99.397
2026-03-12 23:00:00,99.397,99.665,99.25,99.63
2026-03-13 07:00:00,99.632,99.759,99.563,99.744
2026-03-13 15:00:00,99.692,99.957,99.586,99.955
2026-03-13 23:00:00,99.954,100.299,99.911,100.176
2026-03-14 07:00:00,100.176,100.54,100.156,100.495
2026-03-16 07:00:00,100.427,100.48,100.188,100.192
2026-03-16 15:00:00,100.193,100.459,100.181,100.251
2026-03-16 23:00:00,100.25,100.276,99.799,99.902
2026-03-17 07:00:00,99.9,99.93,99.66,99.823
2026-03-17 15:00:00,99.863,100.115,99.845,100.002
2026-03-17 23:00:00,100.002,100.021,99.523,99.601
2026-03-18 07:00:00,99.602,99.719,99.503,99.563
2026-03-18 15:00:00,99.547,99.614,99.465,99.524
2026-03-18 23:00:00,99.523,99.981,99.47,99.787
2026-03-19 07:00:00,99.789,100.314,99.702,100.234
2026-03-19 15:00:00,100.233,100.247,99.994,100.188
2026-03-19 23:00:00,100.187,100.306,99.609,99.7
2026-03-20 07:00:00,99.703,99.836,98.975,99.16
2026-03-20 15:00:00,99.29,99.476,99.252,99.439
2026-03-20 23:00:00,99.438,99.793,99.26,99.727
2026-03-21 07:00:00,99.726,99.73,99.478,99.503
2026-03-23 07:00:00,99.681,99.724,99.513,99.681
2026-03-23 15:00:00,99.681,99.89,99.547,99.81
2026-03-23 23:00:00,99.81,100.148,98.88,99.298
2026-03-24 07:00:00,99.298,99.33,98.931,99.147
2026-03-24 15:00:00,99.143,99.447,99.139,99.307
2026-03-24 23:00:00,99.307,99.506,99.099,99.345
2026-03-25 07:00:00,99.345,99.622,99.06,99.183
2026-03-25 15:00:00,99.198,99.422,99.071,99.357
2026-03-25 23:00:00,99.357,99.556,99.178,99.419
2026-03-26 07:00:00,99.419,99.665,99.392,99.638
2026-03-26 15:00:00,99.629,99.7,99.562,99.591
2026-03-26 23:00:00,99.592,99.933,99.592,99.75
2026-03-27 07:00:00,99.749,100.01,99.728,99.865
2026-03-27 15:00:00,99.871,99.961,99.803,99.893
2026-03-27 23:00:00,99.894,100.149,99.894,99.965
2026-03-28 07:00:00,99.965,100.206,99.837,100.193
2026-03-30 07:00:00,100.217,100.342,100.136,100.172
2026-03-30 15:00:00,100.171,100.299,100.05,100.266
2026-03-30 23:00:00,100.266,100.614,100.201,100.493
2026-03-31 07:00:00,100.492,100.567,100.46,100.491
2026-03-31 15:00:00,100.585,100.643,100.304,100.452
2026-03-31 23:00:00,100.452,100.55,99.973,100.181
2026-04-01 07:00:00,100.181,100.238,99.808,99.857
2026-04-01 15:00:00,99.785,99.883,99.527,99.534
2026-04-01 23:00:00,99.533,99.691,99.312,99.335
2026-04-02 07:00:00,99.335,99.668,99.298,99.552
2026-04-02 15:00:00,99.539,100.172,99.447,100.04
2026-04-02 23:00:00,100.04,100.263,99.855,99.917
2026-04-03 07:00:00,99.916,100.06,99.853,100.017
2026-04-03 15:00:00,99.986,100.077,99.953,100.003
2026-04-03 23:00:00,100.002,100.166,99.946,100.164
2026-04-04 07:00:00,100.164,100.223,100.114,100.186
2026-04-06 07:00:00,100.181,100.286,100.179,100.238
2026-04-06 15:00:00,100.237,100.273,99.794,99.881
2026-04-06 23:00:00,99.88,100.046,99.757,99.978
2026-04-07 07:00:00,99.979,100.069,99.92,99.99
2026-04-07 15:00:00,100.012,100.156,99.987,99.998
2026-04-07 23:00:00,99.997,100.061,99.769,99.902
2026-04-08 07:00:00,99.902,99.96,99.516,99.517
2026-04-08 15:00:00,98.951,99.06,98.685,98.777
2026-04-08 23:00:00,98.776,98.968,98.525,98.771
2026-04-09 07:00:00,98.77,99.179,98.764,98.998
2026-04-09 15:00:00,99.057,99.157,98.991,99.051
2026-04-09 23:00:00,99.049,99.116,98.843,98.946
2026-04-10 07:00:00,98.946,99.011,98.625,98.794
2026-04-10 15:00:00,98.869,98.963,98.848,98.947
2026-04-10 23:00:00,98.947,99.007,98.541,98.653
2026-04-11 07:00:00,98.652,98.777,98.564,98.698
2026-04-13 07:00:00,99.046,99.183,99.019,99.019
2026-04-13 15:00:00,99.019,99.071,98.895,98.976
2026-04-13 23:00:00,98.976,99.036,98.595,98.602
2026-04-14 07:00:00,98.612,98.624,98.364,98.374
2026-04-14 15:00:00,98.373,98.414,98.252,98.253
2026-04-14 23:00:00,98.253,98.264,97.969,97.99
2026-04-15 07:00:00,97.991,98.153,97.99,98.106
2026-04-15 15:00:00,98.067,98.23,98.054,98.192
2026-04-15 23:00:00,98.192,98.285,98.055,98.092
2026-04-16 07:00:00,98.092,98.12,98.005,98.051
2026-04-16 15:00:00,98.012,98.092,97.832,98.005
2026-04-16 23:00:00,98.006,98.291,97.989,98.269
2026-04-17 07:00:00,98.271,98.292,98.144,98.18
2026-04-17 15:00:00,98.189,98.291,98.189,98.273
2026-04-17 23:00:00,98.273,98.273,97.632,97.824
2026-04-18 07:00:00,97.823,98.239,97.808,98.227
2026-04-20 07:00:00,98.277,98.306,98.267,98.276
2026-04-20 15:00:00,98.276,98.395,98.19,98.293
2026-04-20 23:00:00,98.292,98.317,98.006,98.044
2026-04-21 07:00:00,98.042,98.107,98.012,98.054
2026-04-21 15:00:00,98.063,98.163,98.063,98.132
2026-04-21 23:00:00,98.134,98.314,98.116,98.31
2026-04-22 07:00:00,98.311,98.567,98.243,98.408
2026-04-22 15:00:00,98.402,98.407,98.211,98.305
2026-04-22 23:00:00,98.306,98.527,98.245,98.525
2026-04-23 07:00:00,98.525,98.643,98.49,98.605
2026-04-23 15:00:00,98.616,98.737,98.552,98.654
2026-04-23 23:00:00,98.653,98.803,98.534,98.573
2026-04-24 07:00:00,98.573,98.939,98.541,98.799
2026-04-24 15:00:00,98.821,98.915,98.784,98.859
2026-04-24 23:00:00,98.857,98.879,98.558,98.647
2026-04-25 07:00:00,98.647,98.677,98.489,98.51
2026-04-27 07:00:00,99.332,99.343,98.555,98.559
2026-04-27 15:00:00,98.558,98.559,98.262,98.286
2026-04-27 23:00:00,98.285,98.449,98.214,98.445
2026-04-28 07:00:00,98.445,98.503,98.415,98.496
2026-04-28 15:00:00,98.467,98.719,98.426,98.717
2026-04-28 23:00:00,98.718,98.874,98.611,98.733
2026-04-29 07:00:00,98.731,98.731,98.589,98.595
2026-04-29 15:00:00,98.608,98.754,98.565,98.722
2026-04-29 23:00:00,98.722,98.898,98.608,98.75
2026-04-30 07:00:00,98.75,99.05,98.736,98.975
2026-04-30 15:00:00,98.851,99.093,98.811,98.985
2026-04-30 23:00:00,98.985,98.986,98.116,98.164
2026-05-01 07:00:00,98.164,98.213,98.009,98.091
2026-05-01 15:00:00,98.128,98.24,97.9,98.0
2026-05-01 23:00:00,98.001,98.112,97.72,97.863
2026-05-02 07:00:00,97.863,98.244,97.84,98.211
2026-05-04 07:00:00,98.052,98.202,98.042,98.151
2026-05-04 15:00:00,98.151,98.292,97.97,98.246
2026-05-04 23:00:00,98.246,98.536,98.209,98.527
2026-05-05 07:00:00,98.527,98.531,98.361,98.479
2026-05-05 15:00:00,98.466,98.579,98.447,98.495
2026-05-05 23:00:00,98.494,98.546,98.371,98.375
2026-05-06 07:00:00,98.374,98.502,98.311,98.486
2026-05-06 15:00:00,98.308,98.342,97.89,98.079
2026-05-06 23:00:00,98.078,98.159,97.625,97.957
2026-05-07 07:00:00,97.959,98.083,97.955,98.015
2026-05-07 15:00:00,98.029,98.058,97.903,98.021
2026-05-07 23:00:00,98.022,98.022,97.815,97.827
2026-05-08 07:00:00,97.827,98.282,97.816,98.257
2026-05-08 15:00:00,98.245,98.277,98.079,98.109
2026-05-08 23:00:00,98.109,98.134,97.829,97.916
2026-05-09 07:00:00,97.917,97.97,97.835,97.843
2026-05-11 07:00:00,98.036,98.077,97.974,97.995
2026-05-11 15:00:00,97.995,98.153,97.915,97.986
2026-05-11 23:00:00,97.986,98.039,97.85,97.939
2026-05-12 07:00:00,97.939,97.988,97.896,97.905
2026-05-12 15:00:00,97.963,98.21,97.951,98.209
2026-05-12 23:00:00,98.208,98.413,98.2,98.338
2026-05-13 07:00:00,98.339,98.46,98.24,98.289
2026-05-13 15:00:00,98.309,98.435,98.264,98.423
2026-05-13 23:00:00,98.423,98.598,98.39,98.518
2026-05-14 07:00:00,98.519,98.549,98.435,98.453
2026-05-14 15:00:00,98.463,98.523,98.416,98.445
2026-05-14 23:00:00,98.444,98.738,98.441,98.738
2026-05-15 07:00:00,98.738,98.907,98.725,98.87
2026-05-15 15:00:00,98.929,99.202,98.923,99.162
2026-05-15 23:00:00,99.161,99.294,98.98,99.213
2026-05-16 07:00:00,99.213,99.32,99.175,99.27
2026-05-18 07:00:00,99.278,99.404,99.251,99.383
2026-05-18 15:00:00,99.383,99.409,99.092,99.118
2026-05-18 23:00:00,99.117,99.247,98.971,99.027
2026-05-19 07:00:00,99.027,99.194,98.944,98.954
2026-05-19 15:00:00,98.965,99.165,98.965,99.149
2026-05-19 23:00:00,99.147,99.434,99.121,99.399
2026-05-20 07:00:00,99.399,99.42,99.235,99.308
2026-05-20 15:00:00,99.271,99.412,99.271,99.382
2026-05-20 23:00:00,99.383,99.472,99.124,99.165
2026-05-21 07:00:00,99.165,99.22,98.966,99.126
2026-05-21 15:00:00,99.123,99.221,99.064,99.189
2026-05-21 23:00:00,99.188,99.515,99.077,99.388
2026-05-22 07:00:00,99.388,99.475,99.093,99.191
2026-05-22 15:00:00,99.199,99.298,99.191,99.269
2026-05-22 23:00:00,99.267,99.412,99.172,99.343
2026-05-23 07:00:00,99.343,99.359,99.186,99.319
2026-05-25 07:00:00,99.115,99.122,98.957,99.039
2026-05-25 15:00:00,99.04,99.106,98.951,98.982
2026-05-25 23:00:00,98.981,99.02,98.915,98.989
2026-05-26 07:00:00,98.989,99.013,98.968,99.009
2026-05-26 15:00:00,98.988,99.12,98.988,99.09
2026-05-26 23:00:00,99.09,99.213,99.015,99.179
2026-05-27 07:00:00,99.179,99.251,99.133,99.141
2026-05-27 15:00:00,99.078,99.14,99.04,99.066
2026-05-27 23:00:00,99.067,99.245,98.969,99.242
2026-05-28 07:00:00,99.24,99.26,99.154,99.219
2026-05-28 15:00:00,99.265,99.544,99.26,99.344
2026-05-28 23:00:00,99.343,99.409,99.001,99.061
2026-05-29 07:00:00,99.059,99.063,98.945,98.993
2026-05-29 15:00:00,98.998,99.108,98.957,98.98
2026-05-29 23:00:00,98.979,99.186,98.825,98.852
2026-05-30 07:00:00,98.852,98.943,98.751,98.942
2026-06-01 07:00:00,98.957,99.056,98.953,99.037
2026-06-01 15:00:00,99.036,99.081,98.919,98.975
2026-06-01 23:00:00,98.976,99.385,98.954,99.184
2026-06-02 07:00:00,99.184,99.224,99.131,99.181
2026-06-02 15:00:00,99.166,99.226,99.05,99.061
2026-06-02 23:00:00,99.061,99.183,99.049,99.127
2026-06-03 07:00:00,99.125,99.329,99.103,99.224
2026-06-03 15:00:00,99.29,99.373,99.191,99.337
2026-06-03 23:00:00,99.336,99.516,99.249,99.406
2026-06-04 07:00:00,99.404,99.552,99.4,99.55
2026-06-04 15:00:00,99.463,99.499,99.396,99.444
2026-06-04 23:00:00,99.444,99.533,99.179,99.301
2026-06-05 07:00:00,99.301,99.466,99.296,99.432
2026-06-05 15:00:00,99.432,99.459,99.347,99.349
2026-06-05 23:00:00,99.349,99.863,99.163,99.805
2026-06-06 07:00:00,99.805,100.109,99.796,100.071
2026-06-08 07:00:00,100.145,100.174,100.0,100.0
2026-06-08 15:00:00,100.0,100.168,99.966,100.151
2026-06-08 23:00:00,100.15,100.214,99.819,99.969
2026-06-09 07:00:00,99.968,100.047,99.942,100.0
2026-06-09 15:00:00,100.034,100.057,99.828,99.908
2026-06-09 23:00:00,99.906,99.962,99.679,99.817
2026-06-10 07:00:00,99.816,100.077,99.776,99.995
2026-06-10 15:00:00,100.012,100.032,99.849,99.923
2026-06-10 23:00:00,99.923,100.016,99.715,99.892
2026-06-11 07:00:00,99.893,100.085,99.854,100.082
2026-06-11 15:00:00,100.115,100.115,99.881,100.003
2026-06-11 23:00:00,100.003,100.249,99.914,100.225
2026-06-12 07:00:00,100.223,100.314,99.586,99.675
2026-06-12 15:00:00,99.67,99.881,99.67,99.784
2026-06-12 23:00:00,99.782,99.909,99.635,99.745
2026-06-13 07:00:00,99.744,99.812,99.664,99.807
2026-06-15 07:00:00,99.536,99.56,99.423,99.555
2026-06-15 15:00:00,99.556,99.604,99.384,99.564
2026-06-15 23:00:00,99.564,99.601,99.441,99.557
2026-06-16 07:00:00,99.558,99.714,99.554,99.662
2026-06-16 15:00:00,99.642,99.791,99.619,99.694
2026-06-16 23:00:00,99.693,99.708,99.528,99.556
2026-06-17 07:00:00,99.556,99.612,99.461,99.54
2026-06-17 15:00:00,99.52,99.582,99.491,99.549
2026-06-17 23:00:00,99.548,99.743,99.504,99.7
2026-06-18 07:00:00,99.701,100.574,99.634,100.388
2026-06-18 15:00:00,100.338,100.359,100.206,100.265
2026-06-18 23:00:00,100.265,100.807,100.246,100.558
2026-06-19 07:00:00,100.558,100.918,100.546,100.814
2026-06-19 15:00:00,100.813,101.127,100.755,100.925
2026-06-19 23:00:00,100.923,100.938,100.699,100.773
2026-06-20 07:00:00,100.772,100.831,100.697,100.76
2026-06-22 07:00:00,100.839,100.885,100.81,100.816
2026-06-22 15:00:00,100.817,101.017,100.76,100.944
2026-06-22 23:00:00,100.944,101.056,100.803,100.992
2026-06-23 07:00:00,100.993,101.076,100.978,100.996
2026-06-23 15:00:00,101.005,101.107,100.98,101.076
2026-06-23 23:00:00,101.077,101.39,100.952,101.351
2026-06-24 07:00:00,101.351,101.433,101.328,101.39
2026-06-24 15:00:00,101.37,101.552,101.356,101.542
2026-06-24 23:00:00,101.542,101.8,101.521,101.701
2026-06-25 07:00:00,101.699,101.711,101.493,101.584
2026-06-25 15:00:00,101.597,101.651,101.471,101.605
2026-06-25 23:00:00,101.605,101.746,101.339,101.403
2026-06-26 07:00:00,101.405,101.463,101.305,101.441
2026-06-26 15:00:00,101.503,101.57,101.342,101.402
2026-06-26 23:00:00,101.402,101.419,101.045,101.31
2026-06-27 07:00:00,101.311,101.392,101.186,101.366
2026-06-29 07:00:00,101.368,101.393,101.34,101.348
2026-06-29 15:00:00,101.348,101.394,101.154,101.309
2026-06-29 23:00:00,101.308,101.315,101.071,101.107
2026-06-30 07:00:00,101.106,101.139,101.079,101.111
2026-06-30 15:00:00,101.122,101.428,101.122,101.276
2026-06-30 23:00:00,101.275,101.432,101.059,101.071
2026-07-01 07:00:00,101.071,101.247,101.049,101.172
2026-07-01 15:00:00,101.218,101.353,101.218,101.317
2026-07-01 23:00:00,101.316,101.595,101.19,101.29
2026-07-02 07:00:00,101.289,101.444,101.269,101.413
2026-07-02 15:00:00,101.402,101.43,101.097,101.209
2026-07-02 23:00:00,101.208,101.25,100.558,100.764
2026-07-03 07:00:00,100.764,100.915,100.706,100.848
2026-07-03 15:00:00,100.913,100.992,100.603,100.691
2026-07-03 23:00:00,100.69,100.86,100.655,100.823
2026-07-04 07:00:00,100.823,100.888,100.811,100.879
2026-07-06 07:00:00,100.857,100.918,100.826,100.87
2026-07-06 15:00:00,100.871,101.107,100.867,101.069
2026-07-06 23:00:00,101.069,101.145,100.958,100.967
2026-07-07 07:00:00,100.967,100.971,100.84,100.855
2026-07-07 15:00:00,100.842,100.976,100.803,100.951
2026-07-07 23:00:00,100.95,101.007,100.853,100.922
2026-07-08 07:00:00,100.921,101.148,100.909,101.122
2026-07-08 15:00:00,101.158,101.215,100.987,101.016
2026-07-08 23:00:00,101.016,101.256,100.95,101.141
2026-07-09 07:00:00,101.14,101.275,100.946,101.066
2026-07-09 15:00:00,101.035,101.039,100.786,100.844
2026-07-09 23:00:00,100.842,101.036,100.84,100.936
2026-07-10 07:00:00,100.936,100.97,100.849,100.937
2026-07-10 15:00:00,100.914,100.938,100.598,100.767
2026-07-10 23:00:00,100.765,100.991,100.763,100.914
2026-07-11 07:00:00,100.915,100.997,100.727,100.965
2026-07-13 07:00:00,101.037,101.171,101.037,101.147
2026-07-13 15:00:00,101.147,101.221,100.793,100.869
2026-07-13 23:00:00,100.87,101.268,100.853,101.228
2026-07-14 07:00:00,101.227,101.327,101.213,101.277
2026-07-14 15:00:00,101.281,101.322,101.155,101.238
2026-07-14 23:00:00,101.238,101.253,100.607,100.743
2026-07-15 07:00:00,100.742,100.984,100.683,100.941
2026-07-15 15:00:00,100.915,100.915,100.756,100.862
2026-07-15 23:00:00,100.861,101.029,100.716,100.733
2026-07-16 07:00:00,100.733,100.765,100.353,100.495
2026-07-16 15:00:00,100.473,100.561,100.437,100.48
2026-07-16 23:00:00,100.48,100.729,100.44,100.713
2026-07-17 07:00:00,100.713,100.831,100.671,100.708
2026-07-17 15:00:00,100.708,100.8,100.65,100.674
2026-07-17 23:00:00,100.675,100.867,100.647,100.747
2026-07-18 07:00:00,100.748,100.795,100.704,100.755
2026-07-20 07:00:00,100.806,100.866,100.778,100.779
2026-07-20 15:00:00,100.779,100.796,100.65,100.735
2026-07-20 23:00:00,100.733,101.027,100.715,100.985
2026-07-21 07:00:00,100.984,100.999,100.914,100.999
2026-07-21 15:00:00,100.979,101.005,100.888,100.904
2026-07-21 23:00:00,100.905,101.16,100.863,101.138
2026-07-22 07:00:00,101.137,101.21,101.09,101.192
2026-07-22 15:00:00,101.194,101.198,101.088,101.112
2026-07-22 23:00:00,101.113,101.187,101.02,101.122
2026-07-23 07:00:00,101.122,101.155,101.089,101.141
2026-07-23 15:00:00,101.12,101.125,100.938,101.024
2026-07-23 23:00:00,101.023,101.532,101.015,101.477
2026-07-24 07:00:00,101.476,101.544,101.4,101.437
2026-07-24 15:00:00,101.444,101.462,101.359,101.366
2026-07-24 23:00:00,101.367,101.53,101.248,101.401
2026-07-25 07:00:00,101.399,101.497,101.292,101.465
2026-07-27 07:00:00,101.318,101.325,101.131,101.225
2026-07-27 15:00:00,101.224,101.288,101.116,101.233
2026-07-27 23:00:00,101.232,101.513,101.226,101.431
2026-07-28 07:00:00,101.43,101.541,101.43,101.514
2026-07-28 15:00:00,101.521,101.573,101.434,101.519
2026-07-28 23:00:00,101.518,101.64,101.423,101.429
2026-07-29 07:00:00,101.428,101.44,101.258,101.393
2026-07-29 15:00:00,101.424,101.448,101.243,101.344
2026-07-29 23:00:00,101.345,101.495,101.285,101.458
2026-07-30 07:00:00,101.458,101.495,100.762,100.802
2026-07-30 15:00:00,100.82,101.014,100.777,100.985
2026-07-30 23:00:00,100.984,101.072,99.861,100.148
2026-07-31 07:00:00,100.151,100.205,99.857,99.969
2026-07-31 15:00:00,100.023,100.252,100.023,100.124
2026-07-31 23:00:00,100.124,100.463,99.909,100.116
2026-08-01 07:00:00,100.117,100.161,99.692,99.803
2026-08-03 07:00:00,99.69,99.783,99.418,99.596
2026-08-03 15:00:00,99.594,99.844,99.535,99.835
2026-08-03 23:00:00,99.835,99.984,99.715,99.959
2026-08-04 07:00:00,99.96,100.017,99.889,99.991
2026-08-04 15:00:00,99.973,100.058,99.933,100.027
2026-08-04 23:00:00,100.028,100.052,99.828,99.903
2026-08-05 07:00:00,99.904,99.972,99.849,99.882
2026-08-05 15:00:00,99.872,99.9,99.767,99.772
2026-08-05 23:00:00,99.771,99.897,99.628,99.658
2026-08-06 07:00:00,99.657,99.777,99.628,99.69
2026-08-06 15:00:00,99.662,99.768,99.637,99.755
2026-08-06 23:00:00,99.753,99.877,99.721,99.842
2026-08-07 07:00:00,99.841,100.02,99.839,99.965
2026-08-07 15:00:00,99.943,99.997,99.917,99.949
2026-08-07 23:00:00,99.949,99.985,99.403,99.645
2026-08-08 07:00:00,99.646,99.672,99.493,99.604
2026-08-10 07:00:00,99.589,99.654,99.578,99.629
2026-08-10 15:00:00,99.628,99.728,99.603,99.655
2026-08-10 23:00:00,99.655,99.809,99.634,99.755
2026-08-11 07:00:00,99.755,99.829,99.75,99.807
2026-08-11 15:00:00,99.803,99.862,99.725,99.839
2026-08-11 23:00:00,99.838,99.898,99.774,99.807
2026-08-12 07:00:00,99.806,99.876,99.792,99.812
2026-08-12 15:00:00,99.808,99.902,99.791,99.862
2026-08-12 23:00:00,99.859,99.883,99.613,99.812
2026-08-13 07:00:00,99.813,100.023,99.804,99.985
2026-08-13 15:00:00,99.96,100.083,99.917,100.025
2026-08-13 23:00:00,100.026,100.04,99.798,99.827
2026-08-14 07:00:00,99.826,99.985,99.817,99.949
2026-08-14 15:00:00,99.926,99.936,99.812,99.813
2026-08-14 23:00:00,99.812,99.819,99.475,99.534
2026-08-15 07:00:00,99.534,99.688,99.498,99.636
2026-08-17 07:00:00,99.66,99.668,99.521,99.522
2026-08-17 15:00:00,99.522,99.554,99.294,99.416
2026-08-17 23:00:00,99.415,99.547,99.385,99.499
2026-08-18 07:00:00,99.498,99.647,99.492,99.581
2026-08-18 15:00:00,99.54,99.693,99.521,99.66
2026-08-18 23:00:00,99.658,99.681,99.532,99.599
2026-08-19 07:00:00,99.598,99.685,99.556,99.644
2026-08-19 15:00:00,99.665,99.692,99.448,99.484
2026-08-19 23:00:00,99.485,99.508,98.77,98.905
2026-08-20 07:00:00,98.907,98.971,98.767,98.768
2026-08-20 15:00:00,98.835,98.896,98.737,98.738
2026-08-20 23:00:00,98.739,98.89,98.557,98.805
2026-08-21 07:00:00,98.804,98.934,98.715,98.841
2026-08-21 15:00:00,98.798,98.835,98.688,98.727
