timestamp,open,high,low,close
2023-01-03 04:00:00,1831.8,1846.4,1831.3,1844.9
2023-01-03 08:00:00,1844.9,1850.7,1844.2,1848.2
2023-01-03 12:00:00,1848.2,1856.6,1839.3,1840.3
2023-01-03 16:00:00,1840.3,1856.1,1836.8,1851.1
2023-01-03 20:00:00,1851.2,1851.7,1833.4,1845.1
2023-01-04 00:00:00,1845.1,1846.0,1842.6,1845.5
2023-01-04 04:00:00,1845.2,1851.8,1842.0,1851.6
2023-01-04 08:00:00,1851.5,1855.1,1850.6,1853.9
2023-01-04 12:00:00,1853.9,1871.3,1853.4,1864.9
2023-01-04 16:00:00,1864.8,1868.8,1858.2,1863.1
2023-01-04 20:00:00,1862.9,1866.6,1854.7,1856.8
2023-01-05 00:00:00,1856.2,1863.1,1853.0,1860.7
2023-01-05 04:00:00,1861.2,1864.3,1858.6,1862.1
2023-01-05 08:00:00,1862.0,1862.2,1854.9,1855.8
2023-01-05 12:00:00,1855.8,1860.3,1849.0,1854.3
2023-01-05 16:00:00,1854.4,1856.2,1836.2,1839.4
2023-01-05 20:00:00,1839.6,1842.5,1829.9,1841.0
2023-01-06 00:00:00,1841.1,1841.6,1836.7,1837.9
2023-01-06 04:00:00,1835.9,1845.1,1835.2,1842.6
2023-01-06 08:00:00,1842.7,1845.3,1840.1,1843.3
2023-01-06 12:00:00,1843.4,1845.3,1837.9,1841.4
2023-01-06 16:00:00,1841.3,1857.5,1839.4,1848.5
2023-01-06 20:00:00,1848.5,1874.8,1848.5,1874.0
2023-01-07 00:00:00,1874.1,1875.2,1870.5,1870.5
2023-01-09 04:00:00,1872.8,1884.4,1869.3,1884.1
2023-01-09 08:00:00,1884.1,1884.7,1879.5,1882.8
2023-01-09 12:00:00,1882.8,1885.4,1876.1,1876.5
2023-01-09 16:00:00,1876.6,1886.4,1875.5,1881.8
2023-01-09 20:00:00,1881.9,1884.1,1873.6,1875.9
2023-01-10 00:00:00,1875.9,1880.6,1873.7,1876.3
2023-01-10 04:00:00,1875.7,1880.2,1872.0,1876.8
2023-01-10 08:00:00,1877.0,1879.3,1874.8,1877.3
2023-01-10 12:00:00,1877.3,1881.5,1874.7,1879.6
2023-01-10 16:00:00,1879.5,1885.2,1874.8,1882.6
2023-01-10 20:00:00,1882.5,1885.2,1875.1,1880.0
2023-01-11 00:00:00,1879.9,1883.0,1879.7,1881.3
2023-01-11 04:00:00,1881.3,1882.7,1876.2,1879.1
2023-01-11 08:00:00,1878.9,1889.0,1878.7,1884.9
2023-01-11 12:00:00,1884.9,1890.9,1884.5,1889.0
2023-01-11 16:00:00,1888.9,1890.1,1874.5,1875.7
2023-01-11 20:00:00,1875.7,1882.0,1870.9,1881.9
2023-01-12 00:00:00,1881.9,1882.8,1879.4,1879.7
2023-01-12 04:00:00,1879.7,1888.0,1878.2,1886.6
2023-01-12 08:00:00,1886.7,1888.3,1885.1,1886.2
2023-01-12 12:00:00,1886.1,1888.8,1882.8,1887.6
2023-01-12 16:00:00,1887.5,1906.5,1872.4,1885.4
2023-01-12 20:00:00,1885.5,1902.8,1883.5,1902.5
2023-01-13 00:00:00,1902.3,1903.1,1897.7,1900.2
2023-01-13 04:00:00,1898.8,1904.2,1898.2,1901.0
2023-01-13 08:00:00,1900.9,1901.3,1895.1,1898.9
2023-01-13 12:00:00,1899.0,1912.9,1897.6,1909.1
2023-01-13 16:00:00,1909.0,1916.0,1896.7,1914.8
2023-01-13 20:00:00,1914.6,1925.3,1910.1,1923.0
2023-01-14 00:00:00,1923.1,1925.1,1921.6,1923.0
2023-01-16 04:00:00,1923.8,1931.6,1919.8,1931.1
2023-01-16 08:00:00,1931.0,1931.8,1916.4,1918.8
2023-01-16 12:00:00,1918.9,1921.0,1913.9,1918.8
2023-01-16 16:00:00,1918.9,1922.4,1914.1,1918.5
2023-01-16 20:00:00,1918.4,1920.5,1915.8,1917.4
2023-01-17 00:00:00,1917.5,1918.9,1917.1,1918.3
2023-01-17 04:00:00,1918.4,1921.8,1911.3,1913.4
2023-01-17 08:00:00,1913.3,1915.7,1909.2,1909.7
2023-01-17 12:00:00,1909.6,1914.4,1906.8,1909.0
2023-01-17 16:00:00,1908.9,1919.5,1908.8,1916.2
2023-01-17 20:00:00,1916.3,1918.5,1907.3,1908.3
2023-01-18 00:00:00,1908.3,1913.5,1906.2,1911.2
2023-01-18 04:00:00,1911.1,1912.6,1902.8,1906.3
2023-01-18 08:00:00,1906.3,1907.5,1898.6,1904.9
2023-01-18 12:00:00,1904.9,1918.0,1904.7,1916.6
2023-01-18 16:00:00,1916.5,1929.8,1916.2,1923.6
2023-01-18 20:00:00,1923.6,1924.4,1903.5,1906.9
2023-01-19 00:00:00,1906.9,1907.8,1904.2,1906.3
2023-01-19 04:00:00,1907.0,1911.3,1902.0,1908.3
2023-01-19 08:00:00,1908.2,1912.7,1908.0,1910.2
2023-01-19 12:00:00,1910.2,1918.4,1907.7,1911.2
2023-01-19 16:00:00,1911.1,1919.8,1908.0,1919.0
2023-01-19 20:00:00,1919.0,1927.5,1917.1,1926.5
2023-01-20 00:00:00,1926.6,1936.9,1925.3,1933.8
2023-01-20 04:00:00,1933.7,1936.6,1930.9,1931.3
2023-01-20 08:00:00,1931.2,1932.3,1924.8,1927.8
2023-01-20 12:00:00,1927.9,1939.0,1927.7,1931.7
2023-01-20 16:00:00,1931.6,1933.0,1922.0,1926.6
2023-01-20 20:00:00,1926.6,1932.6,1924.3,1930.8
2023-01-21 00:00:00,1930.8,1932.4,1927.0,1927.7
2023-01-23 04:00:00,1928.4,1936.7,1925.3,1933.0
2023-01-23 08:00:00,1933.1,1934.4,1922.4,1924.1
2023-01-23 12:00:00,1924.1,1930.7,1920.4,1927.8
2023-01-23 16:00:00,1927.8,1929.2,1914.4,1917.7
2023-01-23 20:00:00,1917.8,1931.0,1912.5,1929.1
2023-01-24 00:00:00,1929.1,1932.9,1926.1,1932.0
2023-01-24 04:00:00,1932.0,1938.3,1931.4,1935.8
2023-01-24 08:00:00,1935.8,1941.2,1933.1,1940.8
2023-01-24 12:00:00,1940.8,1943.8,1935.4,1939.6
2023-01-24 16:00:00,1939.5,1940.7,1922.3,1922.4
2023-01-24 20:00:00,1922.3,1937.9,1918.2,1936.1
2023-01-25 00:00:00,1936.0,1939.5,1935.3,1938.7
2023-01-25 04:00:00,1938.7,1940.6,1935.8,1936.1
2023-01-25 08:00:00,1936.0,1936.1,1927.0,1934.2
2023-01-25 12:00:00,1934.1,1934.5,1923.3,1926.3
2023-01-25 16:00:00,1926.4,1933.7,1920.6,1931.5
2023-01-25 20:00:00,1931.6,1943.2,1929.1,1940.9
2023-01-26 00:00:00,1941.0,1949.5,1940.6,1947.3
2023-01-26 04:00:00,1948.0,1949.8,1942.9,1945.8
2023-01-26 08:00:00,1945.8,1949.4,1945.4,1946.1
2023-01-26 12:00:00,1946.0,1946.0,1934.3,1937.0
2023-01-26 16:00:00,1937.1,1942.8,1929.3,1933.2
2023-01-26 20:00:00,1933.3,1935.5,1918.4,1930.2
2023-01-27 00:00:00,1930.1,1931.7,1928.9,1929.7
2023-01-27 04:00:00,1929.3,1935.4,1925.6,1925.7
2023-01-27 08:00:00,1925.6,1927.7,1919.8,1923.0
2023-01-27 12:00:00,1922.9,1929.0,1922.0,1928.2
2023-01-27 16:00:00,1928.2,1935.4,1921.3,1923.6
2023-01-27 20:00:00,1923.6,1932.3,1916.5,1930.1
2023-01-28 00:00:00,1930.1,1931.9,1926.3,1927.6
2023-01-30 04:00:00,1944.0,1947.4,1940.2,1942.3
2023-01-30 08:00:00,1942.2,1950.1,1940.1,1946.4
2023-01-30 12:00:00,1946.5,1947.2,1936.2,1946.4
2023-01-30 16:00:00,1946.4,1946.5,1937.6,1941.1
2023-01-30 20:00:00,1941.0,1945.1,1937.7,1938.5
2023-01-31 00:00:00,1938.5,1940.4,1936.3,1939.0
2023-01-31 04:00:00,1938.6,1942.7,1936.0,1940.8
2023-01-31 08:00:00,1940.7,1941.1,1927.1,1930.6
2023-01-31 12:00:00,1930.5,1931.3,1917.6,1920.2
2023-01-31 16:00:00,1920.2,1942.0,1915.5,1940.2
2023-01-31 20:00:00,1940.2,1946.9,1936.1,1945.1
2023-02-01 00:00:00,1945.1,1946.7,1942.7,1943.8
2023-02-01 04:00:00,1944.0,1944.4,1940.1,1940.7
2023-02-01 08:00:00,1940.8,1944.2,1940.6,1942.3
2023-02-01 12:00:00,1942.3,1944.8,1938.6,1942.0
2023-02-01 16:00:00,1941.9,1949.0,1941.4,1943.5
2023-02-01 20:00:00,1943.6,1948.0,1936.1,1942.8
2023-02-02 00:00:00,1942.8,1970.8,1936.7,1966.8
2023-02-02 04:00:00,1967.1,1972.4,1965.6,1967.4
2023-02-02 08:00:00,1967.3,1969.6,1966.5,1967.4
2023-02-02 12:00:00,1967.4,1975.2,1966.8,1967.9
2023-02-02 16:00:00,1968.0,1972.0,1935.6,1935.9
2023-02-02 20:00:00,1935.8,1942.1,1926.0,1932.2
2023-02-03 00:00:00,1932.2,1932.4,1925.6,1927.1
2023-02-03 04:00:00,1926.3,1932.4,1926.1,1930.1
2023-02-03 08:00:00,1930.1,1930.9,1927.5,1929.5
2023-02-03 12:00:00,1929.7,1932.1,1923.4,1925.9
2023-02-03 16:00:00,1925.8,1930.9,1888.5,1895.9
2023-02-03 20:00:00,1895.8,1895.8,1874.5,1878.4
2023-02-04 00:00:00,1878.4,1880.1,1876.3,1877.7
2023-02-06 04:00:00,1878.0,1888.6,1873.2,1885.9
2023-02-06 08:00:00,1886.0,1891.4,1884.8,1889.0
2023-02-06 12:00:00,1889.2,1894.0,1882.7,1884.7
2023-02-06 16:00:00,1884.8,1888.8,1880.8,1886.8
2023-02-06 20:00:00,1886.8,1887.0,1875.6,1881.2
2023-02-07 00:00:00,1881.2,1884.4,1878.0,1880.2
2023-02-07 04:00:00,1880.3,1887.7,1879.9,1887.0
2023-02-07 08:00:00,1886.9,1889.3,1884.2,1886.8
2023-02-07 12:00:00,1886.8,1890.5,1882.8,1884.6
2023-02-07 16:00:00,1884.7,1885.3,1877.5,1883.5
2023-02-07 20:00:00,1883.6,1897.2,1877.6,1881.9
2023-02-08 00:00:00,1881.9,1890.5,1880.2,1885.1
2023-02-08 04:00:00,1885.1,1891.0,1883.7,1889.2
2023-02-08 08:00:00,1889.2,1890.8,1887.2,1888.5
2023-02-08 12:00:00,1888.4,1898.9,1885.5,1893.4
2023-02-08 16:00:00,1893.5,1896.2,1881.4,1885.9
2023-02-08 20:00:00,1885.9,1892.3,1882.4,1890.5
2023-02-09 00:00:00,1890.6,1891.1,1886.2,1888.2
2023-02-09 04:00:00,1888.3,1892.4,1883.9,1891.0
2023-02-09 08:00:00,1890.9,1893.2,1889.3,1892.5
2023-02-09 12:00:00,1892.6,1897.8,1888.4,1897.3
2023-02-09 16:00:00,1897.3,1902.3,1890.1,1890.9
2023-02-09 20:00:00,1890.8,1893.5,1873.9,1877.6
2023-02-10 00:00:00,1877.6,1881.1,1870.2,1873.4
2023-02-10 04:00:00,1873.5,1876.5,1870.2,1870.7
2023-02-10 08:00:00,1870.7,1872.3,1863.5,1870.1
2023-02-10 12:00:00,1870.1,1883.5,1868.4,1874.4
2023-02-10 16:00:00,1874.2,1879.9,1871.2,1872.6
2023-02-10 20:00:00,1872.6,1878.3,1867.5,1873.0
2023-02-11 00:00:00,1873.2,1876.7,1872.5,1876.4
2023-02-13 04:00:00,1876.7,1876.7,1868.9,1872.4
2023-02-13 08:00:00,1872.4,1877.2,1867.8,1873.7
2023-02-13 12:00:00,1873.7,1876.5,1864.2,1869.3
2023-02-13 16:00:00,1869.4,1873.9,1863.6,1867.6
2023-02-13 20:00:00,1867.4,1869.2,1860.8,1865.9
2023-02-14 00:00:00,1865.8,1866.3,1861.8,1864.3
2023-02-14 04:00:00,1864.1,1868.8,1863.9,1867.8
2023-02-14 08:00:00,1867.9,1874.9,1866.5,1872.4
2023-02-14 12:00:00,1872.4,1874.2,1868.0,1869.7
2023-02-14 16:00:00,1869.7,1881.6,1852.5,1866.8
2023-02-14 20:00:00,1866.9,1876.7,1854.2,1863.9
2023-02-15 00:00:00,1864.0,1866.8,1861.7,1864.8
2023-02-15 04:00:00,1865.1,1870.9,1862.2,1862.5
2023-02-15 08:00:00,1862.4,1862.7,1852.0,1853.5
2023-02-15 12:00:00,1853.4,1854.8,1841.5,1845.6
2023-02-15 16:00:00,1845.7,1849.1,1841.6,1843.8
2023-02-15 20:00:00,1843.8,1848.5,1839.3,1846.3
2023-02-16 00:00:00,1846.4,1849.3,1845.4,1846.6
2023-02-16 04:00:00,1846.5,1852.0,1844.0,1851.7
2023-02-16 08:00:00,1851.6,1851.9,1843.6,1845.7
2023-02-16 12:00:00,1845.7,1854.9,1844.1,1847.6
2023-02-16 16:00:00,1847.7,1849.9,1836.6,1838.0
2023-02-16 20:00:00,1837.9,1854.6,1836.8,1853.6
2023-02-17 00:00:00,1853.6,1854.8,1845.1,1845.3
2023-02-17 04:00:00,1845.7,1846.0,1835.6,1838.9
2023-02-17 08:00:00,1838.8,1838.8,1832.2,1833.2
2023-02-17 12:00:00,1833.3,1836.9,1827.7,1832.6
2023-02-17 16:00:00,1832.6,1840.0,1830.9,1835.6
2023-02-17 20:00:00,1835.5,1853.0,1835.5,1851.6
2023-02-18 00:00:00,1851.7,1853.1,1850.5,1851.3
2023-02-20 04:00:00,1850.5,1852.1,1846.3,1851.3
2023-02-20 08:00:00,1851.4,1854.4,1850.2,1852.8
2023-02-20 12:00:00,1852.6,1856.4,1850.2,1852.5
2023-02-20 16:00:00,1852.6,1856.1,1851.7,1855.6
2023-02-20 20:00:00,1855.5,1855.7,1849.6,1849.9
2023-02-21 00:00:00,1849.9,1850.4,1849.7,1850.3
2023-02-21 04:00:00,1850.8,1852.7,1848.8,1850.1
2023-02-21 08:00:00,1850.2,1850.7,1845.7,1847.3
2023-02-21 12:00:00,1847.3,1847.5,1839.9,1842.2
2023-02-21 16:00:00,1842.2,1853.5,1839.0,1843.9
2023-02-21 20:00:00,1843.8,1851.3,1840.6,1842.1
2023-02-22 00:00:00,1842.0,1845.5,1840.9,1844.0
2023-02-22 04:00:00,1843.7,1847.6,1843.4,1844.7
2023-02-22 08:00:00,1844.6,1845.8,1843.1,1843.8
2023-02-22 12:00:00,1843.8,1849.9,1840.8,1842.2
2023-02-22 16:00:00,1842.1,1855.0,1841.9,1844.6
2023-02-22 20:00:00,1844.5,1847.3,1837.1,1839.3
2023-02-23 00:00:00,1839.2,1842.3,1831.9,1834.2
2023-02-23 04:00:00,1834.7,1837.7,1831.2,1837.5
2023-02-23 08:00:00,1837.4,1841.2,1834.7,1839.6
2023-02-23 12:00:00,1839.5,1841.1,1832.0,1834.1
2023-02-23 16:00:00,1834.2,1837.8,1824.8,1835.6
2023-02-23 20:00:00,1835.5,1835.9,1825.0,1830.1
2023-02-24 00:00:00,1830.1,1831.5,1829.6,1829.6
2023-02-24 04:00:00,1829.7,1835.1,1829.4,1832.1
2023-02-24 08:00:00,1832.2,1834.9,1830.5,1831.4
2023-02-24 12:00:00,1831.4,1833.5,1826.9,1829.4
2023-02-24 16:00:00,1829.4,1830.2,1815.5,1819.7
2023-02-24 20:00:00,1820.0,1822.1,1815.7,1816.8
2023-02-25 00:00:00,1816.8,1820.2,1816.6,1818.0
2023-02-27 04:00:00,1818.0,1820.9,1816.5,1818.2
2023-02-27 08:00:00,1818.3,1818.8,1812.0,1814.8
2023-02-27 12:00:00,1814.8,1820.7,1813.9,1817.5
2023-02-27 16:00:00,1817.4,1825.8,1817.1,1824.7
2023-02-27 20:00:00,1824.6,1827.3,1819.3,1825.9
2023-02-28 00:00:00,1826.0,1827.2,1823.1,1824.2
2023-02-28 04:00:00,1823.9,1826.0,1822.1,1824.4
2023-02-28 08:00:00,1824.5,1824.5,1818.8,1822.2
2023-02-28 12:00:00,1822.1,1822.3,1810.8,1815.9
2023-02-28 16:00:00,1815.8,1825.9,1813.9,1825.8
2023-02-28 20:00:00,1825.7,1838.6,1825.6,1835.5
2023-03-01 00:00:00,1835.5,1837.8,1833.6,1833.8
2023-03-01 04:00:00,1834.0,1836.1,1829.6,1834.5
2023-03-01 08:00:00,1834.5,1843.6,1834.2,1841.5
2023-03-01 12:00:00,1841.5,1845.0,1837.1,1841.6
2023-03-01 16:00:00,1841.6,1852.5,1840.6,1849.3
2023-03-01 20:00:00,1849.6,1852.0,1840.3,1845.6
2023-03-02 00:00:00,1845.5,1846.1,1843.2,1843.6
2023-03-02 04:00:00,1843.8,1845.0,1837.2,1840.5
2023-03-02 08:00:00,1840.5,1840.9,1837.9,1838.2
2023-03-02 12:00:00,1838.3,1841.4,1835.9,1837.6
2023-03-02 16:00:00,1837.6,1844.5,1835.9,1842.9
2023-03-02 20:00:00,1842.8,1845.3,1838.6,1842.2
2023-03-03 00:00:00,1842.3,1844.3,1841.2,1842.1
2023-03-03 04:00:00,1842.1,1847.3,1842.0,1844.2
2023-03-03 08:00:00,1844.2,1850.2,1843.4,1849.1
2023-03-03 12:00:00,1849.1,1853.9,1847.9,1852.9
2023-03-03 16:00:00,1852.9,1855.5,1847.4,1849.4
2023-03-03 20:00:00,1849.3,1856.2,1844.4,1856.2
2023-03-04 00:00:00,1856.2,1864.4,1855.0,1862.8
2023-03-06 04:00:00,1861.0,1862.8,1856.7,1859.7
2023-03-06 08:00:00,1859.7,1862.5,1858.8,1859.2
2023-03-06 12:00:00,1859.3,1864.3,1855.7,1855.9
2023-03-06 16:00:00,1855.9,1859.4,1853.0,1857.4
2023-03-06 20:00:00,1857.4,1859.6,1852.0,1852.7
2023-03-07 00:00:00,1852.6,1853.0,1850.6,1852.4
2023-03-07 04:00:00,1852.6,1855.9,1849.6,1854.4
2023-03-07 08:00:00,1854.4,1854.7,1851.9,1852.0
2023-03-07 12:00:00,1852.0,1856.9,1847.9,1848.2
2023-03-07 16:00:00,1848.2,1849.0,1834.4,1836.2
2023-03-07 20:00:00,1836.3,1836.4,1817.4,1819.1
2023-03-08 00:00:00,1819.1,1820.6,1817.1,1817.6
2023-03-08 04:00:00,1818.0,1818.5,1814.6,1815.0
2023-03-08 08:00:00,1815.0,1818.0,1813.4,1817.9
2023-03-08 12:00:00,1817.8,1819.5,1816.5,1818.3
2023-03-08 16:00:00,1818.4,1826.2,1816.2,1824.9
2023-03-08 20:00:00,1824.9,1828.7,1817.3,1818.5
2023-03-09 00:00:00,1818.5,1820.4,1817.2,1818.1
2023-03-09 04:00:00,1818.0,1820.1,1815.4,1816.5
2023-03-09 08:00:00,1816.5,1819.7,1815.9,1817.0
2023-03-09 12:00:00,1816.9,1823.2,1816.2,1821.8
2023-03-09 16:00:00,1821.9,1835.8,1818.9,1835.1
2023-03-09 20:00:00,1835.2,1839.4,1829.3,1839.0
2023-03-10 00:00:00,1839.0,1839.0,1833.1,1835.0
2023-03-10 04:00:00,1835.1,1838.8,1832.0,1833.4
2023-03-10 08:00:00,1833.3,1836.6,1831.6,1834.5
2023-03-10 12:00:00,1834.5,1841.5,1834.4,1836.6
2023-03-10 16:00:00,1836.6,1865.0,1830.0,1863.1
2023-03-10 20:00:00,1863.1,1871.9,1858.2,1867.2
2023-03-11 00:00:00,1867.3,1874.3,1865.4,1872.7
2023-03-13 04:00:00,1877.1,1899.7,1876.3,1877.2
2023-03-13 08:00:00,1877.2,1893.8,1876.6,1882.0
2023-03-13 12:00:00,1882.1,1898.2,1875.7,1890.2
2023-03-13 16:00:00,1890.1,1914.5,1884.9,1901.3
2023-03-13 20:00:00,1901.3,1918.3,1900.8,1914.9
2023-03-14 00:00:00,1914.9,1919.5,1912.8,1918.9
2023-03-14 04:00:00,1919.4,1919.4,1909.4,1910.7
2023-03-14 08:00:00,1910.7,1912.7,1906.0,1908.6
2023-03-14 12:00:00,1908.6,1918.1,1905.0,1905.4
2023-03-14 16:00:00,1905.5,1917.1,1899.8,1906.8
2023-03-14 20:00:00,1906.8,1914.8,1904.6,1911.2
2023-03-15 00:00:00,1911.2,1914.4,1906.7,1908.3
2023-03-15 04:00:00,1908.2,1909.3,1904.0,1908.0
2023-03-15 08:00:00,1908.1,1910.5,1903.6,1904.5
2023-03-15 12:00:00,1904.6,1906.9,1889.5,1900.4
2023-03-15 16:00:00,1900.6,1935.6,1900.4,1930.9
2023-03-15 20:00:00,1930.9,1942.5,1922.3,1929.2
2023-03-16 00:00:00,1929.2,1931.1,1913.5,1923.3
2023-03-16 04:00:00,1922.8,1928.9,1911.5,1914.9
2023-03-16 08:00:00,1915.0,1924.5,1913.3,1924.2
2023-03-16 12:00:00,1924.3,1926.7,1916.4,1926.1
2023-03-16 16:00:00,1926.0,1938.0,1923.0,1928.1
2023-03-16 20:00:00,1928.2,1936.7,1917.2,1920.6
2023-03-17 00:00:00,1920.7,1925.3,1920.6,1923.8
2023-03-17 04:00:00,1925.9,1927.0,1922.3,1927.0
2023-03-17 08:00:00,1926.9,1936.9,1926.3,1933.6
2023-03-17 12:00:00,1933.5,1938.5,1931.1,1936.3
2023-03-17 16:00:00,1936.2,1956.8,1933.4,1955.4
2023-03-17 20:00:00,1955.5,1980.6,1954.3,1978.2
2023-03-18 00:00:00,1978.2,1993.7,1975.8,1993.7
2023-03-20 04:00:00,1989.7,1994.6,1972.9,1974.5
2023-03-20 08:00:00,1974.6,1993.5,1974.1,1992.7
2023-03-20 12:00:00,1992.9,2014.9,1987.1,1989.4
2023-03-20 16:00:00,1989.5,1993.3,1976.7,1982.4
2023-03-20 20:00:00,1982.4,1985.4,1970.0,1982.1
2023-03-21 00:00:00,1982.2,1989.0,1980.7,1982.8
2023-03-21 04:00:00,1983.1,1986.7,1979.4,1983.8
2023-03-21 08:00:00,1983.8,1988.7,1982.7,1986.3
2023-03-21 12:00:00,1986.3,1987.0,1966.6,1972.8
2023-03-21 16:00:00,1972.9,1973.5,1955.5,1956.3
2023-03-21 20:00:00,1956.3,1958.8,1939.6,1944.7
2023-03-22 00:00:00,1944.8,1945.4,1938.6,1943.6
2023-03-22 04:00:00,1943.5,1949.5,1942.8,1946.9
2023-03-22 08:00:00,1946.9,1946.9,1940.6,1942.6
2023-03-22 12:00:00,1942.5,1948.7,1936.5,1947.1
2023-03-22 16:00:00,1947.1,1948.4,1940.2,1945.9
2023-03-22 20:00:00,1945.9,1955.4,1945.6,1948.8
2023-03-23 00:00:00,1950.2,1982.3,1950.0,1973.4
2023-03-23 04:00:00,1974.0,1976.5,1967.3,1971.5
2023-03-23 08:00:00,1971.4,1983.3,1971.2,1979.5
2023-03-23 12:00:00,1979.4,1986.1,1976.5,1980.7
2023-03-23 16:00:00,1980.8,1987.8,1968.8,1986.9
2023-03-23 20:00:00,1987.0,2002.4,1980.3,2002.2
2023-03-24 00:00:00,2002.3,2006.1,1990.9,1996.1
2023-03-24 04:00:00,1996.1,1997.7,1992.5,1993.6
2023-03-24 08:00:00,1993.6,1996.0,1992.1,1993.2
2023-03-24 12:00:00,1993.3,1997.6,1983.7,1997.1
2023-03-24 16:00:00,1997.2,2006.5,1991.2,1992.5
2023-03-24 20:00:00,1992.4,2001.2,1978.0,1982.4
2023-03-25 00:00:00,1982.4,1982.5,1977.7,1981.0
2023-03-27 04:00:00,1982.6,1984.0,1972.3,1976.3
2023-03-27 08:00:00,1976.3,1978.8,1971.0,1971.8
2023-03-27 12:00:00,1971.7,1974.5,1957.6,1957.7
2023-03-27 16:00:00,1957.7,1959.9,1945.0,1950.3
2023-03-27 20:00:00,1950.4,1960.6,1947.0,1953.9
2023-03-28 00:00:00,1954.0,1959.3,1953.8,1957.7
2023-03-28 04:00:00,1957.8,1965.0,1957.2,1963.6
2023-03-28 08:00:00,1963.6,1963.6,1957.4,1960.3
2023-03-28 12:00:00,1960.3,1960.3,1949.9,1954.5
2023-03-28 16:00:00,1954.4,1968.6,1954.2,1964.8
2023-03-28 20:00:00,1964.7,1977.0,1960.2,1976.5
2023-03-29 00:00:00,1976.5,1977.1,1972.9,1975.3
2023-03-29 04:00:00,1975.4,1976.0,1968.1,1970.2
2023-03-29 08:00:00,1970.1,1971.3,1964.3,1964.3
2023-03-29 12:00:00,1964.3,1969.4,1959.5,1968.8
2023-03-29 16:00:00,1968.8,1970.7,1962.0,1966.8
2023-03-29 20:00:00,1966.7,1973.0,1961.6,1970.3
2023-03-30 00:00:00,1970.3,1970.4,1962.7,1966.2
2023-03-30 04:00:00,1982.7,1982.8,1971.6,1976.5
2023-03-30 08:00:00,1976.3,1982.5,1974.8,1981.7
2023-03-30 12:00:00,1981.6,1988.9,1980.8,1984.6
2023-03-30 16:00:00,1984.5,1993.4,1982.4,1983.9
2023-03-30 20:00:00,1983.9,2002.4,1981.2,1997.8
2023-03-31 00:00:00,1997.8,2000.8,1997.4,1998.0
2023-03-31 04:00:00,1998.0,2001.1,1995.0,1999.8
2023-03-31 08:00:00,1999.7,2000.8,1995.6,1996.7
2023-03-31 12:00:00,1996.6,2002.9,1990.3,1996.0
2023-03-31 16:00:00,1996.0,2005.5,1992.1,1997.3
2023-03-31 20:00:00,1997.3,1998.7,1984.2,1984.9
2023-04-01 00:00:00,1984.9,1989.4,1984.7,1987.0
2023-04-03 04:00:00,1990.0,1992.0,1973.6,1976.8
2023-04-03 08:00:00,1976.8,1977.0,1965.9,1970.4
2023-04-03 12:00:00,1970.3,1983.9,1967.5,1983.2
2023-04-03 16:00:00,1983.2,1998.1,1983.1,1993.1
2023-04-03 20:00:00,1993.3,2008.0,1993.3,2002.2
2023-04-04 00:00:00,2002.1,2003.1,1999.3,2001.7
2023-04-04 04:00:00,2001.3,2002.5,1995.0,1995.4
2023-04-04 08:00:00,1995.4,1998.8,1995.1,1996.0
2023-04-04 12:00:00,1996.0,2001.5,1994.0,2000.0
2023-04-04 16:00:00,2000.0,2010.7,1995.5,2009.7
2023-04-04 20:00:00,2009.8,2043.4,2009.7,2036.4
2023-04-05 00:00:00,2036.4,2040.2,2035.9,2038.1
2023-04-05 04:00:00,2038.2,2040.3,2036.2,2037.0
2023-04-05 08:00:00,2037.0,2041.9,2036.6,2041.0
2023-04-05 12:00:00,2041.1,2044.9,2038.0,2040.9
2023-04-05 16:00:00,2040.8,2049.2,2037.6,2038.6
2023-04-05 20:00:00,2039.0,2048.4,2026.1,2037.3
2023-04-06 00:00:00,2037.4,2039.6,2036.4,2037.1
2023-04-06 04:00:00,2037.1,2037.7,2028.7,2029.0
2023-04-06 08:00:00,2029.2,2032.8,2024.6,2032.1
2023-04-06 12:00:00,2032.2,2036.3,2028.2,2035.5
2023-04-06 16:00:00,2035.5,2037.3,2016.5,2019.3
2023-04-06 20:00:00,2019.3,2030.9,2017.2,2025.8
2023-04-07 00:00:00,2025.8,2027.5,2021.3,2023.7
2023-04-10 04:00:00,2008.6,2021.5,2005.1,2012.3
2023-04-10 08:00:00,2012.4,2012.7,2004.2,2009.7
2023-04-10 12:00:00,2009.7,2017.0,2006.8,2015.7
2023-04-10 16:00:00,2015.6,2018.2,2001.1,2003.0
2023-04-10 20:00:00,2003.1,2007.2,1996.5,2004.0
2023-04-11 00:00:00,2004.0,2008.0,2002.5,2006.6
2023-04-11 04:00:00,2007.0,2010.6,2003.7,2006.0
2023-04-11 08:00:00,2005.9,2016.2,2005.9,2014.0
2023-04-11 12:00:00,2013.9,2022.5,2012.9,2019.6
2023-04-11 16:00:00,2019.7,2020.5,2010.7,2016.8
2023-04-11 20:00:00,2016.9,2021.9,2014.9,2020.9
2023-04-12 00:00:00,2021.0,2022.2,2018.3,2019.0
2023-04-12 04:00:00,2019.1,2030.4,2018.4,2030.0
2023-04-12 08:00:00,2030.1,2036.4,2028.8,2033.6
2023-04-12 12:00:00,2033.4,2034.1,2023.6,2026.0
2023-04-12 16:00:00,2025.9,2043.9,2015.7,2022.8
2023-04-12 20:00:00,2022.8,2028.3,2017.9,2026.2
2023-04-13 00:00:00,2026.5,2032.8,2026.1,2029.4
2023-04-13 04:00:00,2029.5,2034.0,2028.3,2032.1
2023-04-13 08:00:00,2031.9,2033.6,2029.2,2029.2
2023-04-13 12:00:00,2029.2,2043.3,2029.1,2040.8
2023-04-13 16:00:00,2040.8,2061.9,2038.3,2061.3
2023-04-13 20:00:00,2061.2,2063.4,2048.0,2058.2
2023-04-14 00:00:00,2058.2,2058.5,2051.1,2054.6
2023-04-14 04:00:00,2054.7,2060.0,2053.0,2059.9
2023-04-14 08:00:00,2060.0,2061.6,2054.0,2056.9
2023-04-14 12:00:00,2057.1,2058.6,2045.8,2052.7
2023-04-14 16:00:00,2052.6,2056.4,2030.7,2037.4
2023-04-14 20:00:00,2037.2,2037.2,2006.0,2017.2
2023-04-15 00:00:00,2017.4,2021.4,2016.6,2017.7
2023-04-17 04:00:00,2014.1,2018.5,2008.2,2016.1
2023-04-17 08:00:00,2016.0,2025.6,2016.0,2024.2
2023-04-17 12:00:00,2024.0,2028.0,2021.1,2023.4
2023-04-17 16:00:00,2023.5,2024.2,2004.2,2008.6
2023-04-17 20:00:00,2008.5,2009.7,1993.4,2007.7
2023-04-18 00:00:00,2007.7,2009.7,2006.5,2007.5
2023-04-18 04:00:00,2007.9,2011.4,2005.6,2010.0
2023-04-18 08:00:00,2010.0,2014.4,2008.5,2012.8
2023-04-18 12:00:00,2012.8,2018.0,2010.2,2013.7
2023-04-18 16:00:00,2013.6,2018.4,2003.3,2011.6
2023-04-18 20:00:00,2011.7,2024.6,2011.3,2016.8
2023-04-19 00:00:00,2016.8,2018.8,2016.0,2017.8
2023-04-19 04:00:00,2017.9,2020.3,2015.0,2015.7
2023-04-19 08:00:00,2015.7,2019.0,2011.5,2012.5
2023-04-19 12:00:00,2012.6,2013.4,1984.2,1985.9
2023-04-19 16:00:00,1985.9,2005.2,1980.9,2002.9
2023-04-19 20:00:00,2003.0,2009.1,2001.1,2006.2
2023-04-20 00:00:00,2006.3,2009.1,2005.9,2007.4
2023-04-20 04:00:00,2007.7,2010.4,2003.7,2007.3
2023-04-20 08:00:00,2007.4,2008.5,2002.2,2005.8
2023-04-20 12:00:00,2005.8,2013.7,2003.5,2011.4
2023-04-20 16:00:00,2011.4,2023.3,2008.8,2015.2
2023-04-20 20:00:00,2015.1,2024.2,2010.3,2018.1
2023-04-21 00:00:00,2018.2,2018.4,2013.6,2016.6
2023-04-21 04:00:00,2016.1,2016.8,2011.2,2013.3
2023-04-21 08:00:00,2013.3,2015.4,2005.1,2005.9
2023-04-21 12:00:00,2006.0,2008.9,1992.6,1997.2
2023-04-21 16:00:00,1997.2,2009.3,1983.1,1984.5
2023-04-21 20:00:00,1984.6,1998.3,1982.3,1991.2
2023-04-22 00:00:00,1991.3,1994.2,1989.2,1994.1
2023-04-24 04:00:00,1992.0,1995.8,1989.4,1989.8
2023-04-24 08:00:00,1989.7,1993.4,1986.9,1989.1
2023-04-24 12:00:00,1989.1,1997.7,1988.0,1993.8
2023-04-24 16:00:00,1993.7,1995.9,1984.4,1988.5
2023-04-24 20:00:00,1988.3,2001.5,1987.0,2000.1
2023-04-25 00:00:00,1999.9,2000.7,1997.7,1999.4
2023-04-25 04:00:00,1999.4,2011.4,1999.0,2007.5
2023-04-25 08:00:00,2007.4,2008.6,2000.6,2005.9
2023-04-25 12:00:00,2005.8,2007.8,1996.9,1998.6
2023-04-25 16:00:00,1998.6,2005.2,1986.2,1995.7
2023-04-25 20:00:00,1995.8,2010.1,1993.0,2009.4
2023-04-26 00:00:00,2009.5,2014.5,2004.9,2007.9
2023-04-26 04:00:00,2007.7,2012.3,2005.9,2009.5
2023-04-26 08:00:00,2009.6,2010.9,2003.5,2006.2
2023-04-26 12:00:00,2006.2,2010.3,2004.3,2008.9
2023-04-26 16:00:00,2008.9,2020.2,2001.3,2013.4
2023-04-26 20:00:00,2013.4,2014.5,1993.7,1998.6
2023-04-27 00:00:00,1998.5,2001.6,1994.7,1998.8
2023-04-27 04:00:00,1999.8,2003.9,1998.1,2001.2
2023-04-27 08:00:00,2001.2,2012.2,2000.7,2008.1
2023-04-27 12:00:00,2008.1,2012.4,2005.8,2006.0
2023-04-27 16:00:00,2005.9,2013.3,1982.0,1990.7
2023-04-27 20:00:00,1990.8,2000.4,1987.7,1998.5
2023-04-28 00:00:00,1998.5,1999.2,1996.1,1997.0
2023-04-28 04:00:00,1997.2,2000.1,1993.9,1999.1
2023-04-28 08:00:00,1999.1,1999.8,1992.1,1993.4
2023-04-28 12:00:00,1993.4,1996.0,1988.3,1991.7
2023-04-28 16:00:00,1991.6,1999.1,1984.4,1995.1
2023-04-28 20:00:00,1995.0,2004.1,1990.8,1999.6
2023-04-29 00:00:00,1999.6,2000.1,1996.3,1999.4
2023-05-01 04:00:00,2000.2,2000.7,1989.7,1990.6
2023-05-01 08:00:00,1990.6,1994.8,1988.5,1990.5
2023-05-01 12:00:00,1990.5,1993.7,1985.7,1993.2
2023-05-01 16:00:00,1993.2,2015.4,1993.1,2006.2
2023-05-01 20:00:00,2006.2,2006.2,1988.5,1990.9
2023-05-02 00:00:00,1991.0,1991.9,1988.0,1991.3
2023-05-02 04:00:00,1990.5,1994.1,1989.4,1992.0
2023-05-02 08:00:00,1992.1,1992.6,1989.7,1991.2
2023-05-02 12:00:00,1991.1,1995.2,1986.9,1992.9
2023-05-02 16:00:00,1992.8,1998.9,1991.9,1995.9
2023-05-02 20:00:00,1996.0,2028.8,1995.9,2021.7
2023-05-03 00:00:00,2021.7,2027.4,2020.7,2025.8
2023-05-03 04:00:00,2026.4,2026.8,2023.3,2025.7
2023-05-03 08:00:00,2025.7,2028.9,2023.5,2023.9
2023-05-03 12:00:00,2023.9,2027.8,2021.5,2026.0
2023-05-03 16:00:00,2026.0,2029.3,2016.0,2022.7
2023-05-03 20:00:00,2023.0,2037.9,2020.6,2033.4
2023-05-04 00:00:00,2033.2,2050.0,2025.8,2048.8
2023-05-04 04:00:00,2054.7,2085.4,2052.2,2053.2
2023-05-04 08:00:00,2053.1,2055.2,2047.3,2051.1
2023-05-04 12:00:00,2051.3,2051.8,2038.5,2046.0
2023-05-04 16:00:00,2046.0,2054.0,2040.3,2052.6
2023-05-04 20:00:00,2052.6,2068.1,2051.4,2054.5
2023-05-05 00:00:00,2054.4,2059.3,2053.2,2058.6
2023-05-05 04:00:00,2058.0,2061.3,2055.6,2060.2
2023-05-05 08:00:00,2060.2,2060.3,2053.5,2053.8
2023-05-05 12:00:00,2053.9,2056.3,2045.3,2045.8
2023-05-05 16:00:00,2045.7,2047.4,2008.4,2011.3
2023-05-05 20:00:00,2011.3,2026.7,2007.0,2023.1
2023-05-06 00:00:00,2023.2,2026.9,2021.1,2024.9
2023-05-08 04:00:00,2024.6,2026.4,2022.0,2024.8
2023-05-08 08:00:00,2024.9,2032.3,2024.1,2028.6
2023-05-08 12:00:00,2028.7,2031.5,2027.3,2029.8
2023-05-08 16:00:00,2029.7,2034.8,2025.3,2032.4
2023-05-08 20:00:00,2032.3,2037.1,2030.2,2031.3
2023-05-09 00:00:00,2031.3,2031.3,2027.4,2028.5
2023-05-09 04:00:00,2028.4,2031.5,2026.4,2029.7
2023-05-09 08:00:00,2029.8,2036.0,2028.9,2033.3
2023-05-09 12:00:00,2033.4,2035.8,2028.0,2035.7
2023-05-09 16:00:00,2035.6,2040.3,2030.3,2037.6
2023-05-09 20:00:00,2037.5,2045.1,2031.4,2043.1
2023-05-10 00:00:00,2043.1,2044.5,2041.4,2041.8
2023-05-10 04:00:00,2041.6,2045.3,2040.0,2040.1
2023-05-10 08:00:00,2040.0,2040.8,2034.7,2035.9
2023-05-10 12:00:00,2035.9,2040.0,2033.2,2035.9
2023-05-10 16:00:00,2035.9,2056.0,2032.0,2045.1
2023-05-10 20:00:00,2045.1,2045.1,2028.3,2037.8
2023-05-11 00:00:00,2037.8,2041.1,2035.9,2036.8
2023-05-11 04:00:00,2036.8,2042.5,2036.2,2039.5
2023-05-11 08:00:00,2039.4,2040.1,2036.1,2038.4
2023-05-11 12:00:00,2038.3,2038.9,2026.9,2032.7
2023-05-11 16:00:00,2032.8,2047.6,2016.7,2018.4
2023-05-11 20:00:00,2018.3,2028.0,2018.0,2019.6
2023-05-12 00:00:00,2019.5,2022.1,2018.9,2020.5
2023-05-12 04:00:00,2020.5,2022.7,2015.5,2017.0
2023-05-12 08:00:00,2017.0,2017.9,2013.8,2014.6
2023-05-12 12:00:00,2014.5,2017.8,2005.7,2007.7
2023-05-12 16:00:00,2007.9,2027.8,2007.3,2025.3
2023-05-12 20:00:00,2025.4,2026.8,2013.3,2019.6
2023-05-13 00:00:00,2019.7,2020.7,2015.3,2015.6
2023-05-15 04:00:00,2013.4,2024.0,2011.2,2022.0
2023-05-15 08:00:00,2022.0,2023.6,2017.5,2021.3
2023-05-15 12:00:00,2021.3,2025.6,2018.4,2021.2
2023-05-15 16:00:00,2021.1,2027.5,2016.1,2025.8
2023-05-15 20:00:00,2025.9,2026.6,2018.2,2023.2
2023-05-16 00:00:00,2023.2,2023.4,2019.5,2021.4
2023-05-16 04:00:00,2021.3,2022.7,2018.6,2022.0
2023-05-16 08:00:00,2022.0,2022.4,2016.7,2017.0
2023-05-16 12:00:00,2017.1,2017.4,2007.0,2013.9
2023-05-16 16:00:00,2013.9,2019.4,2005.1,2012.2
2023-05-16 20:00:00,2012.2,2013.1,1989.1,1990.5
2023-05-17 00:00:00,1990.6,1995.0,1990.6,1993.2
2023-05-17 04:00:00,1993.0,1997.0,1992.0,1996.5
2023-05-17 08:00:00,1996.3,1996.8,1991.3,1991.5
2023-05-17 12:00:00,1991.4,1994.5,1986.8,1987.6
2023-05-17 16:00:00,1987.5,1992.6,1979.7,1981.1
2023-05-17 20:00:00,1981.0,1989.3,1978.1,1985.2
2023-05-18 00:00:00,1985.2,1988.3,1984.7,1985.7
2023-05-18 04:00:00,1985.6,1988.0,1984.6,1987.8
2023-05-18 08:00:00,1987.9,1988.8,1980.0,1980.8
2023-05-18 12:00:00,1980.8,1984.2,1974.6,1979.8
2023-05-18 16:00:00,1980.0,1981.5,1959.1,1962.8
2023-05-18 20:00:00,1962.7,1964.7,1954.4,1961.2
2023-05-19 00:00:00,1961.3,1961.8,1958.0,1960.3
2023-05-19 04:00:00,1960.5,1962.8,1956.3,1959.3
2023-05-19 08:00:00,1959.2,1967.0,1958.1,1964.9
2023-05-19 12:00:00,1964.9,1971.3,1963.8,1969.9
2023-05-19 16:00:00,1969.8,1970.1,1959.6,1963.1
2023-05-19 20:00:00,1963.2,1987.4,1958.9,1985.3
2023-05-20 00:00:00,1985.4,1985.7,1976.5,1979.9
2023-05-22 04:00:00,1979.4,1984.4,1979.4,1982.0
2023-05-22 08:00:00,1982.0,1982.0,1974.3,1975.0
2023-05-22 12:00:00,1975.0,1984.8,1973.1,1981.6
2023-05-22 16:00:00,1981.6,1983.4,1970.8,1973.4
2023-05-22 20:00:00,1973.5,1981.1,1970.7,1977.0
2023-05-23 00:00:00,1977.0,1977.9,1973.4,1973.7
2023-05-23 04:00:00,1973.9,1974.4,1962.2,1962.2
2023-05-23 08:00:00,1962.1,1966.3,1961.3,1962.7
2023-05-23 12:00:00,1962.8,1966.3,1955.8,1958.6
2023-05-23 16:00:00,1958.6,1975.4,1956.0,1971.8
2023-05-23 20:00:00,1971.7,1977.1,1966.3,1976.9
2023-05-24 00:00:00,1976.8,1980.0,1975.8,1977.5
2023-05-24 04:00:00,1977.3,1979.1,1975.0,1975.8
2023-05-24 08:00:00,1975.8,1982.6,1974.7,1981.3
2023-05-24 12:00:00,1981.2,1981.7,1972.6,1978.0
2023-05-24 16:00:00,1978.0,1987.9,1973.5,1974.5
2023-05-24 20:00:00,1974.5,1974.8,1958.4,1964.5
2023-05-25 00:00:00,1964.7,1967.4,1959.2,1959.3
2023-05-25 04:00:00,1959.5,1963.1,1955.5,1957.1
2023-05-25 08:00:00,1957.1,1959.4,1955.0,1956.5
2023-05-25 12:00:00,1956.5,1965.4,1955.3,1961.7
2023-05-25 16:00:00,1961.7,1963.8,1939.2,1946.8
2023-05-25 20:00:00,1947.0,1952.2,1943.0,1944.9
2023-05-26 00:00:00,1944.9,1944.9,1939.0,1941.7
2023-05-26 04:00:00,1941.7,1946.8,1936.0,1946.7
2023-05-26 08:00:00,1946.7,1951.5,1944.8,1948.6
2023-05-26 12:00:00,1948.4,1957.1,1946.9,1953.6
2023-05-26 16:00:00,1953.6,1954.2,1944.0,1946.8
2023-05-26 20:00:00,1946.7,1951.9,1938.5,1944.7
2023-05-27 00:00:00,1944.8,1947.4,1944.3,1946.1
2023-05-29 04:00:00,1961.3,1964.4,1958.0,1960.9
2023-05-29 08:00:00,1961.0,1964.9,1960.3,1964.7
2023-05-29 12:00:00,1964.7,1966.7,1958.6,1963.8
2023-05-29 16:00:00,1963.8,1968.2,1962.1,1964.8
2023-05-29 20:00:00,1964.8,1966.4,1960.8,1961.7
2023-05-30 00:00:00,1961.5,1961.8,1961.0,1961.2
2023-05-30 04:00:00,1962.4,1963.2,1959.1,1963.1
2023-05-30 08:00:00,1963.1,1964.4,1949.6,1951.1
2023-05-30 12:00:00,1951.1,1971.2,1949.8,1971.0
2023-05-30 16:00:00,1971.0,1980.7,1970.5,1970.8
2023-05-30 20:00:00,1970.8,1981.9,1968.0,1976.9
2023-05-31 00:00:00,1976.9,1979.3,1976.0,1977.6
2023-05-31 04:00:00,1977.5,1978.8,1972.9,1973.0
2023-05-31 08:00:00,1972.9,1983.6,1971.8,1982.6
2023-05-31 12:00:00,1982.7,1983.1,1972.6,1976.6
2023-05-31 16:00:00,1976.6,1992.3,1972.9,1988.0
2023-05-31 20:00:00,1987.9,1993.1,1977.9,1984.6
2023-06-01 00:00:00,1984.6,1986.0,1980.6,1981.0
2023-06-01 04:00:00,1981.3,1984.6,1979.2,1983.0
2023-06-01 08:00:00,1983.0,1983.7,1979.5,1979.8
2023-06-01 12:00:00,1979.9,1980.4,1970.1,1977.3
2023-06-01 16:00:00,1977.2,1992.0,1975.5,1990.6
2023-06-01 20:00:00,1990.7,2000.7,1987.2,1995.7
2023-06-02 00:00:00,1995.7,1996.3,1993.2,1995.1
2023-06-02 04:00:00,1994.6,1995.9,1991.4,1994.5
2023-06-02 08:00:00,1994.6,2000.5,1994.2,1997.4
2023-06-02 12:00:00,1997.6,1998.0,1991.9,1997.4
2023-06-02 16:00:00,1997.3,1997.9,1978.3,1980.1
2023-06-02 20:00:00,1980.1,1983.9,1967.6,1968.3
2023-06-03 00:00:00,1968.4,1968.6,1963.7,1964.3
2023-06-05 04:00:00,1962.3,1966.0,1961.5,1963.4
2023-06-05 08:00:00,1963.4,1964.2,1958.6,1960.7
2023-06-05 12:00:00,1960.6,1961.9,1954.0,1960.6
2023-06-05 16:00:00,1960.7,1965.1,1953.8,1962.8
2023-06-05 20:00:00,1963.0,1978.0,1963.0,1976.5
2023-06-06 00:00:00,1976.5,1980.4,1976.1,1978.1
2023-06-06 04:00:00,1978.0,1979.4,1975.0,1976.4
2023-06-06 08:00:00,1976.4,1980.7,1973.8,1973.9
2023-06-06 12:00:00,1974.0,1979.5,1972.9,1978.3
2023-06-06 16:00:00,1978.3,1982.9,1970.3,1973.1
2023-06-06 20:00:00,1973.2,1982.7,1972.5,1980.7
2023-06-07 00:00:00,1980.7,1981.3,1978.6,1979.8
2023-06-07 04:00:00,1980.0,1982.7,1978.9,1980.7
2023-06-07 08:00:00,1980.8,1981.2,1978.7,1979.1
2023-06-07 12:00:00,1979.0,1980.4,1970.7,1980.2
2023-06-07 16:00:00,1980.3,1986.5,1972.9,1985.8
2023-06-07 20:00:00,1985.9,1986.0,1956.3,1959.9
2023-06-08 00:00:00,1959.9,1960.4,1955.4,1955.5
2023-06-08 04:00:00,1956.2,1961.1,1955.2,1960.2
2023-06-08 08:00:00,1960.1,1962.4,1958.8,1960.5
2023-06-08 12:00:00,1960.5,1963.7,1957.1,1960.9
2023-06-08 16:00:00,1961.0,1983.5,1959.4,1981.6
2023-06-08 20:00:00,1981.6,1985.7,1976.8,1979.0
2023-06-09 00:00:00,1978.9,1980.8,1978.0,1980.1
2023-06-09 04:00:00,1980.5,1981.1,1978.1,1979.5
2023-06-09 08:00:00,1979.6,1980.4,1977.3,1979.8
2023-06-09 12:00:00,1979.9,1980.9,1975.4,1976.5
2023-06-09 16:00:00,1976.5,1987.8,1971.0,1976.2
2023-06-09 20:00:00,1976.2,1983.2,1974.9,1976.2
2023-06-10 00:00:00,1976.2,1977.4,1974.3,1975.7
2023-06-12 04:00:00,1975.6,1975.8,1969.7,1970.2
2023-06-12 08:00:00,1970.1,1975.6,1968.4,1973.1
2023-06-12 12:00:00,1973.2,1980.0,1971.9,1979.6
2023-06-12 16:00:00,1979.6,1981.4,1963.1,1966.0
2023-06-12 20:00:00,1966.0,1972.7,1963.2,1969.9
2023-06-13 00:00:00,1969.9,1972.7,1969.8,1971.8
2023-06-13 04:00:00,1971.4,1974.8,1970.3,1971.0
2023-06-13 08:00:00,1971.1,1976.0,1970.0,1972.5
2023-06-13 12:00:00,1972.5,1979.3,1972.3,1976.9
2023-06-13 16:00:00,1976.9,1985.9,1959.6,1967.6
2023-06-13 20:00:00,1967.5,1969.4,1954.3,1955.8
2023-06-14 00:00:00,1955.8,1957.7,1953.0,1956.9
2023-06-14 04:00:00,1957.2,1960.7,1955.3,1960.0
2023-06-14 08:00:00,1959.9,1962.7,1959.1,1959.3
2023-06-14 12:00:00,1959.3,1966.1,1958.1,1964.4
2023-06-14 16:00:00,1964.5,1973.9,1958.7,1969.3
2023-06-14 20:00:00,1969.3,1972.8,1966.8,1967.1
2023-06-15 00:00:00,1967.3,1967.4,1952.5,1955.7
2023-06-15 04:00:00,1955.7,1957.7,1944.4,1945.2
2023-06-15 08:00:00,1945.3,1951.5,1942.6,1949.5
2023-06-15 12:00:00,1949.4,1949.4,1940.3,1947.5
2023-06-15 16:00:00,1947.4,1965.9,1936.1,1965.1
2023-06-15 20:00:00,1965.1,1972.8,1963.6,1971.0
2023-06-16 00:00:00,1971.1,1972.0,1969.4,1970.5
2023-06-16 04:00:00,1970.3,1974.5,1968.8,1971.8
2023-06-16 08:00:00,1971.8,1971.9,1967.0,1970.5
2023-06-16 12:00:00,1970.5,1977.1,1969.9,1976.6
2023-06-16 16:00:00,1976.6,1980.4,1968.4,1973.6
2023-06-16 20:00:00,1973.3,1978.6,1965.4,1971.4
2023-06-17 00:00:00,1971.5,1972.0,1967.9,1970.7
2023-06-19 04:00:00,1970.7,1971.8,1967.7,1968.0
2023-06-19 08:00:00,1968.1,1969.6,1966.0,1966.9
2023-06-19 12:00:00,1966.8,1971.6,1962.4,1962.7
2023-06-19 16:00:00,1962.6,1965.2,1959.7,1963.9
2023-06-19 20:00:00,1963.9,1965.5,1961.3,1961.3
2023-06-20 00:00:00,1961.4,1962.4,1961.3,1962.3
2023-06-20 04:00:00,1962.7,1965.7,1955.9,1958.5
2023-06-20 08:00:00,1958.5,1963.0,1958.1,1960.4
2023-06-20 12:00:00,1960.4,1968.7,1959.8,1964.3
2023-06-20 16:00:00,1964.3,1966.6,1942.2,1943.1
2023-06-20 20:00:00,1943.1,1949.6,1940.8,1949.4
2023-06-21 00:00:00,1949.4,1950.4,1947.2,1948.1
2023-06-21 04:00:00,1948.0,1950.1,1947.1,1947.2
2023-06-21 08:00:00,1947.2,1950.4,1945.2,1946.6
2023-06-21 12:00:00,1946.5,1948.5,1942.1,1944.3
2023-06-21 16:00:00,1944.3,1946.8,1929.3,1939.7
2023-06-21 20:00:00,1939.6,1946.8,1935.2,1945.2
2023-06-22 00:00:00,1945.2,1948.8,1943.1,1943.5
2023-06-22 04:00:00,1943.3,1945.1,1941.8,1943.4
2023-06-22 08:00:00,1943.4,1944.3,1938.3,1940.6
2023-06-22 12:00:00,1940.6,1941.7,1935.1,1938.7
2023-06-22 16:00:00,1938.7,1941.2,1928.6,1932.2
2023-06-22 20:00:00,1932.1,1933.0,1922.6,1926.5
2023-06-23 00:00:00,1926.5,1926.6,1922.0,1923.9
2023-06-23 04:00:00,1923.5,1925.6,1920.5,1921.9
2023-06-23 08:00:00,1921.8,1927.4,1919.5,1924.5
2023-06-23 12:00:00,1924.5,1930.1,1922.4,1928.0
2023-06-23 16:00:00,1927.9,1949.0,1926.5,1942.4
2023-06-23 20:00:00,1942.4,1943.5,1927.6,1930.9
2023-06-24 00:00:00,1930.8,1931.3,1928.9,1930.3
2023-06-26 04:00:00,1936.3,1938.4,1932.3,1935.4
2023-06-26 08:00:00,1935.3,1936.8,1933.6,1936.3
2023-06-26 12:00:00,1936.4,1943.2,1931.5,1939.8
2023-06-26 16:00:00,1939.8,1943.4,1931.1,1934.8
2023-06-26 20:00:00,1934.8,1938.5,1932.6,1934.6
2023-06-27 00:00:00,1934.7,1934.9,1932.3,1932.9
2023-06-27 04:00:00,1932.7,1939.9,1930.4,1938.6
2023-06-27 08:00:00,1938.5,1939.0,1934.6,1934.6
2023-06-27 12:00:00,1934.5,1939.4,1933.4,1933.8
2023-06-27 16:00:00,1933.7,1940.3,1929.1,1933.1
2023-06-27 20:00:00,1933.0,1933.8,1920.6,1921.5
2023-06-28 00:00:00,1921.5,1925.2,1919.8,1923.3
2023-06-28 04:00:00,1923.1,1926.1,1922.3,1923.8
2023-06-28 08:00:00,1923.8,1925.8,1922.3,1924.4
2023-06-28 12:00:00,1924.4,1925.2,1915.9,1916.0
2023-06-28 16:00:00,1916.1,1920.7,1911.4,1918.7
2023-06-28 20:00:00,1918.6,1922.5,1914.0,1920.7
2023-06-29 00:00:00,1920.7,1922.0,1916.0,1916.5
2023-06-29 04:00:00,1916.5,1921.1,1915.9,1918.1
2023-06-29 08:00:00,1918.2,1918.2,1910.8,1912.7
2023-06-29 12:00:00,1912.7,1916.2,1910.5,1913.2
2023-06-29 16:00:00,1913.2,1920.2,1900.6,1907.5
2023-06-29 20:00:00,1907.6,1921.3,1907.2,1916.0
2023-06-30 00:00:00,1916.1,1917.5,1914.4,1916.2
2023-06-30 04:00:00,1916.4,1917.6,1915.0,1915.9
2023-06-30 08:00:00,1915.8,1917.8,1914.8,1915.1
2023-06-30 12:00:00,1915.0,1915.2,1908.1,1912.6
2023-06-30 16:00:00,1912.6,1922.3,1911.7,1919.2
2023-06-30 20:00:00,1919.0,1930.8,1919.0,1926.4
2023-07-01 00:00:00,1926.4,1928.2,1925.8,1927.8
2023-07-03 04:00:00,1927.8,1927.8,1924.0,1925.2
2023-07-03 08:00:00,1925.2,1928.2,1922.2,1924.4
2023-07-03 12:00:00,1924.4,1925.2,1917.7,1920.6
2023-07-03 16:00:00,1920.6,1935.1,1919.3,1934.2
2023-07-03 20:00:00,1934.2,1939.9,1928.6,1928.6
2023-07-04 00:00:00,1928.6,1929.6,1928.6,1929.2
2023-07-04 04:00:00,1929.1,1930.7,1927.6,1929.3
2023-07-04 08:00:00,1929.3,1932.3,1928.3,1931.3
2023-07-04 12:00:00,1931.2,1938.1,1931.0,1937.2
2023-07-04 16:00:00,1937.2,1938.1,1933.7,1936.0
2023-07-04 20:00:00,1936.0,1937.3,1931.5,1933.3
2023-07-05 00:00:00,1933.4,1934.0,1932.8,1933.6
2023-07-05 04:00:00,1933.7,1934.8,1931.1,1931.6
2023-07-05 08:00:00,1931.6,1933.9,1930.6,1933.1
2023-07-05 12:00:00,1933.0,1936.6,1928.0,1936.6
2023-07-05 16:00:00,1936.5,1942.9,1929.9,1932.4
2023-07-05 20:00:00,1932.4,1933.7,1926.2,1927.0
2023-07-06 00:00:00,1927.2,1928.7,1922.1,1922.7
2023-07-06 04:00:00,1922.4,1925.9,1922.1,1925.7
2023-07-06 08:00:00,1925.7,1927.7,1923.3,1926.7
2023-07-06 12:00:00,1926.6,1927.9,1921.9,1923.4
2023-07-06 16:00:00,1923.4,1934.0,1908.5,1916.6
2023-07-06 20:00:00,1916.6,1918.4,1908.7,1916.7
2023-07-07 00:00:00,1916.8,1918.0,1915.5,1916.9
2023-07-07 04:00:00,1916.6,1918.3,1915.4,1916.2
2023-07-07 08:00:00,1916.1,1920.1,1915.5,1919.8
2023-07-07 12:00:00,1919.9,1922.8,1917.9,1921.9
2023-07-07 16:00:00,1922.0,1938.0,1919.9,1929.5
2023-07-07 20:00:00,1929.4,1941.1,1927.4,1933.0
2023-07-08 00:00:00,1933.1,1933.3,1930.4,1930.5
2023-07-10 04:00:00,1930.7,1933.7,1928.4,1930.4
2023-07-10 08:00:00,1930.5,1931.1,1925.2,1925.7
2023-07-10 12:00:00,1925.8,1931.7,1924.8,1928.7
2023-07-10 16:00:00,1928.7,1931.2,1918.0,1928.3
2023-07-10 20:00:00,1928.2,1932.4,1926.1,1931.1
2023-07-11 00:00:00,1931.2,1932.0,1930.3,1930.9
2023-07-11 04:00:00,1930.8,1933.3,1929.8,1930.7
2023-07-11 08:00:00,1930.8,1935.5,1930.2,1934.5
2023-07-11 12:00:00,1934.6,1944.5,1934.3,1943.8
2023-07-11 16:00:00,1943.7,1944.0,1934.6,1938.8
2023-07-11 20:00:00,1938.7,1940.9,1934.6,1937.3
2023-07-12 00:00:00,1937.2,1937.8,1935.6,1937.6
2023-07-12 04:00:00,1938.0,1944.0,1937.5,1942.4
2023-07-12 08:00:00,1942.5,1946.4,1941.6,1943.8
2023-07-12 12:00:00,1943.9,1945.4,1938.9,1940.7
2023-07-12 16:00:00,1940.7,1962.9,1938.7,1961.6
2023-07-12 20:00:00,1961.6,1965.1,1958.1,1962.7
2023-07-13 00:00:00,1962.7,1964.3,1962.2,1963.1
2023-07-13 04:00:00,1962.7,1964.3,1960.7,1964.0
2023-07-13 08:00:00,1963.9,1966.9,1959.9,1960.1
2023-07-13 12:00:00,1960.0,1967.8,1960.0,1964.7
2023-07-13 16:00:00,1964.7,1968.5,1956.6,1963.1
2023-07-13 20:00:00,1963.0,1966.5,1959.1,1964.6
2023-07-14 00:00:00,1964.5,1965.5,1963.4,1965.0
2023-07-14 04:00:00,1965.2,1967.4,1962.7,1967.0
2023-07-14 08:00:00,1966.8,1967.8,1961.9,1963.0
2023-07-14 12:00:00,1963.0,1964.5,1958.4,1960.1
2023-07-14 16:00:00,1960.1,1967.0,1958.4,1964.6
2023-07-14 20:00:00,1964.4,1966.3,1954.7,1964.7
2023-07-15 00:00:00,1964.7,1965.5,1958.8,1959.3
2023-07-17 04:00:00,1958.6,1960.1,1955.6,1956.5
2023-07-17 08:00:00,1956.4,1960.4,1954.5,1957.5
2023-07-17 12:00:00,1957.6,1963.0,1954.3,1962.5
2023-07-17 16:00:00,1962.5,1963.6,1949.0,1954.3
2023-07-17 20:00:00,1954.1,1959.3,1952.9,1958.9
2023-07-18 00:00:00,1958.9,1960.2,1958.1,1959.0
2023-07-18 04:00:00,1958.3,1963.2,1958.1,1960.7
2023-07-18 08:00:00,1960.8,1965.3,1959.4,1962.6
2023-07-18 12:00:00,1962.5,1967.7,1961.2,1966.6
2023-07-18 16:00:00,1966.7,1976.2,1964.3,1975.2
2023-07-18 20:00:00,1975.1,1988.3,1974.9,1980.4
2023-07-19 00:00:00,1980.3,1982.8,1979.4,1982.5
2023-07-19 04:00:00,1982.5,1982.9,1979.9,1980.3
2023-07-19 08:00:00,1980.3,1981.9,1978.0,1981.7
2023-07-19 12:00:00,1981.8,1984.6,1976.4,1980.9
2023-07-19 16:00:00,1980.9,1983.9,1975.0,1980.5
2023-07-19 20:00:00,1980.5,1982.5,1973.3,1980.9
2023-07-20 00:00:00,1980.9,1982.1,1980.0,1980.4
2023-07-20 04:00:00,1980.0,1987.7,1978.6,1987.3
2023-07-20 08:00:00,1987.4,1989.8,1982.9,1983.6
2023-07-20 12:00:00,1983.7,1986.3,1980.6,1983.4
2023-07-20 16:00:00,1983.5,1985.9,1975.0,1978.6
2023-07-20 20:00:00,1978.7,1980.1,1967.7,1973.1
2023-07-21 00:00:00,1973.2,1974.3,1971.1,1972.1
2023-07-21 04:00:00,1972.1,1975.9,1972.1,1974.4
2023-07-21 08:00:00,1974.4,1974.8,1970.1,1971.4
2023-07-21 12:00:00,1971.4,1974.3,1963.1,1966.1
2023-07-21 16:00:00,1966.1,1970.2,1960.4,1963.6
2023-07-21 20:00:00,1963.5,1967.5,1958.8,1964.7
2023-07-22 00:00:00,1964.7,1966.2,1963.5,1963.9
2023-07-24 04:00:00,1963.6,1964.8,1960.9,1963.3
2023-07-24 08:00:00,1963.2,1963.8,1960.5,1961.7
2023-07-24 12:00:00,1961.6,1968.0,1959.5,1967.3
2023-07-24 16:00:00,1967.2,1969.8,1960.9,1961.2
2023-07-24 20:00:00,1961.3,1964.3,1958.5,1961.1
2023-07-25 00:00:00,1961.1,1961.2,1955.3,1956.5
2023-07-25 04:00:00,1957.0,1964.1,1954.6,1964.0
2023-07-25 08:00:00,1964.0,1965.0,1961.8,1964.1
2023-07-25 12:00:00,1963.9,1965.6,1960.8,1963.7
2023-07-25 16:00:00,1963.7,1965.3,1954.3,1958.1
2023-07-25 20:00:00,1958.0,1967.1,1951.6,1963.7
2023-07-26 00:00:00,1963.8,1966.9,1963.6,1966.6
2023-07-26 04:00:00,1966.3,1967.7,1963.2,1965.0
2023-07-26 08:00:00,1965.0,1966.3,1963.5,1966.1
2023-07-26 12:00:00,1966.1,1973.6,1965.5,1972.7
2023-07-26 16:00:00,1972.7,1975.6,1965.1,1968.0
2023-07-26 20:00:00,1967.9,1976.3,1965.5,1971.0
2023-07-27 00:00:00,1970.9,1979.9,1966.0,1973.4
2023-07-27 04:00:00,1973.3,1978.1,1971.3,1977.8
2023-07-27 08:00:00,1977.8,1982.6,1975.2,1975.9
2023-07-27 12:00:00,1975.9,1982.4,1973.9,1975.9
2023-07-27 16:00:00,1975.8,1979.5,1942.8,1944.8
2023-07-27 20:00:00,1944.6,1948.9,1941.7,1947.6
2023-07-28 00:00:00,1947.8,1948.0,1942.9,1946.3
2023-07-28 04:00:00,1985.3,1989.5,1983.9,1989.1
2023-07-28 08:00:00,1989.1,1994.3,1986.6,1990.6
2023-07-28 12:00:00,1990.6,1992.0,1986.2,1990.0
2023-07-28 16:00:00,1990.1,1999.5,1989.2,1994.2
2023-07-28 20:00:00,1994.1,2002.0,1993.5,1998.2
2023-07-29 00:00:00,1998.3,1999.5,1996.0,1998.2
2023-07-31 04:00:00,1997.9,1998.8,1993.6,1994.7
2023-07-31 08:00:00,1994.7,1996.5,1990.7,1992.8
2023-07-31 12:00:00,1992.8,1994.9,1986.7,1994.7
2023-07-31 16:00:00,1994.8,2010.9,1994.3,2009.8
2023-07-31 20:00:00,2009.8,2010.9,2004.0,2009.6
2023-08-01 00:00:00,2009.6,2009.7,2002.8,2003.7
2023-08-01 04:00:00,2004.2,2004.4,1999.0,1999.3
2023-08-01 08:00:00,1999.2,2000.6,1996.3,1997.0
2023-08-01 12:00:00,1997.0,1997.3,1992.2,1994.9
2023-08-01 16:00:00,1994.8,1995.4,1981.6,1985.5
2023-08-01 20:00:00,1985.6,1992.1,1978.3,1980.0
2023-08-02 00:00:00,1980.0,1983.0,1980.0,1981.6
2023-08-02 04:00:00,1988.9,1990.0,1984.5,1984.6
2023-08-02 08:00:00,1984.5,1986.8,1982.1,1985.8
2023-08-02 12:00:00,1985.8,1989.6,1984.4,1986.5
2023-08-02 16:00:00,1986.4,1992.2,1979.8,1981.8
2023-08-02 20:00:00,1981.8,1982.0,1969.1,1972.9
2023-08-03 00:00:00,1972.9,1973.3,1970.6,1970.8
2023-08-03 04:00:00,1970.8,1974.4,1970.4,1972.2
2023-08-03 08:00:00,1972.1,1973.6,1968.3,1970.6
2023-08-03 12:00:00,1970.5,1974.3,1965.8,1971.6
2023-08-03 16:00:00,1971.6,1973.7,1964.5,1968.0
2023-08-03 20:00:00,1967.9,1974.5,1967.9,1970.0
2023-08-04 00:00:00,1970.0,1970.6,1967.7,1969.3
2023-08-04 04:00:00,1969.6,1973.4,1969.5,1971.8
2023-08-04 08:00:00,1971.7,1973.3,1968.2,1971.2
2023-08-04 12:00:00,1971.2,1971.3,1966.9,1968.6
2023-08-04 16:00:00,1968.6,1984.2,1954.5,1979.0
2023-08-04 20:00:00,1978.9,1979.7,1973.0,1977.4
2023-08-05 00:00:00,1977.4,1978.6,1975.1,1978.2
2023-08-07 04:00:00,1977.6,1981.7,1976.0,1977.2
2023-08-07 08:00:00,1977.3,1977.8,1970.7,1971.4
2023-08-07 12:00:00,1971.4,1973.0,1968.8,1969.0
2023-08-07 16:00:00,1968.9,1976.6,1968.0,1968.4
2023-08-07 20:00:00,1968.4,1971.8,1966.1,1970.9
2023-08-08 00:00:00,1970.8,1972.7,1970.5,1971.7
2023-08-08 04:00:00,1971.5,1972.8,1966.2,1966.2
2023-08-08 08:00:00,1966.2,1969.9,1965.5,1968.5
2023-08-08 12:00:00,1968.6,1970.2,1964.6,1969.4
2023-08-08 16:00:00,1969.4,1970.0,1956.5,1960.6
2023-08-08 20:00:00,1960.5,1966.1,1958.0,1960.0
2023-08-09 00:00:00,1960.0,1961.1,1958.8,1959.7
2023-08-09 04:00:00,1959.3,1963.0,1958.0,1961.4
2023-08-09 08:00:00,1961.4,1966.1,1961.2,1964.9
2023-08-09 12:00:00,1964.9,1966.1,1959.7,1960.1
2023-08-09 16:00:00,1960.0,1960.4,1955.2,1956.5
2023-08-09 20:00:00,1956.5,1961.6,1948.9,1949.8
2023-08-10 00:00:00,1949.8,1950.3,1947.2,1947.8
2023-08-10 04:00:00,1947.7,1951.4,1947.6,1950.4
2023-08-10 08:00:00,1950.4,1951.8,1948.3,1951.1
2023-08-10 12:00:00,1951.1,1954.2,1948.0,1953.4
2023-08-10 16:00:00,1953.5,1963.5,1951.3,1955.2
2023-08-10 20:00:00,1955.2,1955.4,1945.1,1946.1
2023-08-11 00:00:00,1946.0,1947.7,1944.4,1944.7
2023-08-11 04:00:00,1944.9,1947.8,1942.7,1947.5
2023-08-11 08:00:00,1947.5,1948.2,1944.6,1947.7
2023-08-11 12:00:00,1947.7,1951.9,1947.5,1950.2
2023-08-11 16:00:00,1950.2,1953.2,1944.9,1948.3
2023-08-11 20:00:00,1948.2,1953.6,1945.0,1945.5
2023-08-12 00:00:00,1945.5,1946.2,1944.1,1945.7
2023-08-14 04:00:00,1945.6,1947.0,1942.2,1943.5
2023-08-14 08:00:00,1943.4,1946.3,1942.2,1944.8
2023-08-14 12:00:00,1944.7,1948.2,1942.3,1945.8
2023-08-14 16:00:00,1945.9,1946.9,1934.2,1935.9
2023-08-14 20:00:00,1935.9,1945.3,1935.0,1942.3
2023-08-15 00:00:00,1942.4,1942.6,1938.7,1939.1
2023-08-15 04:00:00,1939.4,1939.9,1935.4,1937.7
2023-08-15 08:00:00,1937.7,1939.1,1935.5,1936.7
2023-08-15 12:00:00,1936.7,1938.5,1933.7,1935.8
2023-08-15 16:00:00,1935.8,1939.2,1927.5,1935.2
2023-08-15 20:00:00,1935.1,1944.3,1934.1,1935.6
2023-08-16 00:00:00,1935.7,1936.7,1932.8,1933.3
2023-08-16 04:00:00,1933.1,1935.1,1931.6,1933.8
2023-08-16 08:00:00,1933.8,1936.2,1933.5,1935.8
2023-08-16 12:00:00,1935.9,1938.2,1933.8,1937.1
2023-08-16 16:00:00,1937.1,1937.8,1929.8,1935.0
2023-08-16 20:00:00,1935.0,1936.8,1927.0,1929.1
2023-08-17 00:00:00,1929.1,1930.3,1922.0,1922.1
2023-08-17 04:00:00,1922.4,1924.3,1918.8,1922.2
2023-08-17 08:00:00,1922.2,1923.6,1921.4,1922.9
2023-08-17 12:00:00,1922.9,1927.1,1922.0,1925.0
2023-08-17 16:00:00,1925.0,1933.5,1924.8,1925.8
2023-08-17 20:00:00,1925.7,1927.4,1914.2,1915.4
2023-08-18 00:00:00,1915.4,1919.7,1914.3,1918.9
2023-08-18 04:00:00,1919.2,1924.3,1918.5,1922.8
2023-08-18 08:00:00,1922.7,1924.0,1920.4,1922.8
2023-08-18 12:00:00,1922.9,1923.1,1920.4,1921.9
2023-08-18 16:00:00,1921.9,1926.0,1917.7,1923.1
2023-08-18 20:00:00,1923.0,1924.1,1915.9,1918.1
2023-08-19 00:00:00,1918.2,1918.9,1916.5,1918.4
2023-08-21 04:00:00,1918.4,1920.3,1913.7,1914.5
2023-08-21 08:00:00,1914.4,1922.8,1913.6,1916.8
2023-08-21 12:00:00,1916.8,1919.8,1916.1,1918.3
2023-08-21 16:00:00,1918.4,1927.9,1915.6,1918.8
2023-08-21 20:00:00,1918.8,1924.3,1914.0,1923.4
2023-08-22 00:00:00,1923.4,1924.3,1923.0,1924.0
2023-08-22 04:00:00,1924.0,1926.0,1922.2,1923.8
2023-08-22 08:00:00,1923.8,1926.2,1922.5,1924.1
2023-08-22 12:00:00,1924.1,1932.7,1923.9,1931.6
2023-08-22 16:00:00,1931.6,1933.2,1917.5,1919.1
2023-08-22 20:00:00,1919.0,1928.0,1918.8,1926.5
2023-08-23 00:00:00,1926.5,1926.7,1925.1,1926.4
2023-08-23 04:00:00,1926.8,1930.5,1926.2,1930.1
2023-08-23 08:00:00,1930.2,1932.8,1928.5,1931.4
2023-08-23 12:00:00,1931.4,1934.4,1930.3,1931.4
2023-08-23 16:00:00,1931.3,1948.1,1929.8,1947.0
2023-08-23 20:00:00,1947.0,1949.7,1943.6,1947.4
2023-08-24 00:00:00,1947.3,1947.4,1943.8,1945.0
2023-08-24 04:00:00,1944.9,1947.5,1944.3,1946.8
2023-08-24 08:00:00,1946.8,1951.2,1946.6,1949.4
2023-08-24 12:00:00,1949.4,1951.1,1947.2,1947.4
2023-08-24 16:00:00,1947.5,1948.6,1939.2,1943.8
2023-08-24 20:00:00,1943.8,1951.3,1943.6,1945.1
2023-08-25 00:00:00,1945.2,1946.0,1944.0,1944.7
2023-08-25 04:00:00,1944.9,1945.7,1942.6,1945.0
2023-08-25 08:00:00,1944.9,1945.1,1940.7,1942.3
2023-08-25 12:00:00,1942.3,1945.6,1940.4,1943.7
2023-08-25 16:00:00,1943.7,1948.1,1940.7,1943.0
2023-08-25 20:00:00,1942.9,1950.4,1931.0,1939.9
2023-08-26 00:00:00,1940.0,1943.4,1939.6,1943.3
2023-08-28 04:00:00,1944.0,1945.2,1941.7,1943.2
2023-08-28 08:00:00,1943.2,1945.4,1942.2,1943.4
2023-08-28 12:00:00,1943.4,1945.6,1940.8,1941.3
2023-08-28 16:00:00,1941.3,1946.5,1940.1,1945.8
2023-08-28 20:00:00,1945.7,1954.2,1944.4,1948.2
2023-08-29 00:00:00,1948.2,1948.8,1947.4,1948.0
2023-08-29 04:00:00,1948.1,1950.8,1947.8,1949.7
2023-08-29 08:00:00,1949.7,1953.7,1949.1,1951.9
2023-08-29 12:00:00,1951.8,1952.8,1949.2,1951.9
2023-08-29 16:00:00,1951.9,1951.9,1941.7,1948.5
2023-08-29 20:00:00,1948.4,1966.5,1948.2,1965.3
2023-08-30 00:00:00,1965.2,1966.2,1963.1,1965.6
2023-08-30 04:00:00,1966.0,1966.0,1963.1,1964.0
2023-08-30 08:00:00,1964.0,1965.6,1962.8,1963.0
2023-08-30 12:00:00,1963.0,1966.7,1962.8,1966.0
2023-08-30 16:00:00,1965.9,1976.6,1964.4,1975.3
2023-08-30 20:00:00,1975.2,1977.1,1971.0,1971.7
2023-08-31 00:00:00,1971.7,1972.5,1970.1,1970.4
2023-08-31 04:00:00,1970.2,1974.5,1969.0,1974.0
2023-08-31 08:00:00,1974.1,1974.6,1971.3,1972.3
2023-08-31 12:00:00,1972.2,1973.1,1969.9,1971.4
2023-08-31 16:00:00,1971.4,1974.9,1966.9,1970.6
2023-08-31 20:00:00,1970.5,1971.9,1965.5,1966.9
2023-09-01 00:00:00,1966.9,1968.6,1965.8,1966.6
2023-09-01 04:00:00,1966.4,1970.8,1965.0,1969.2
2023-09-01 08:00:00,1969.2,1969.2,1964.6,1966.2
2023-09-01 12:00:00,1966.3,1970.9,1964.8,1970.6
2023-09-01 16:00:00,1970.6,1980.2,1966.3,1967.7
2023-09-01 20:00:00,1969.0,1969.1,1960.7,1967.6
2023-09-02 00:00:00,1967.6,1967.8,1965.8,1966.2
2023-09-04 04:00:00,1966.7,1970.9,1965.3,1969.2
2023-09-04 08:00:00,1969.3,1972.2,1969.1,1970.7
2023-09-04 12:00:00,1970.8,1972.6,1966.7,1966.8
2023-09-04 16:00:00,1966.9,1968.6,1963.7,1964.1
2023-09-04 20:00:00,1964.0,1965.0,1962.6,1964.3
2023-09-05 00:00:00,1964.5,1964.6,1964.0,1964.2
2023-09-05 04:00:00,1964.2,1964.7,1960.5,1961.4
2023-09-05 08:00:00,1961.5,1964.7,1960.7,1962.6
2023-09-05 12:00:00,1962.6,1963.9,1956.0,1956.1
2023-09-05 16:00:00,1956.1,1960.4,1952.0,1953.4
2023-09-05 20:00:00,1953.4,1954.5,1950.6,1951.9
2023-09-06 00:00:00,1951.8,1952.9,1950.8,1951.5
2023-09-06 04:00:00,1951.5,1952.1,1949.4,1949.9
2023-09-06 08:00:00,1950.0,1953.7,1949.5,1953.5
2023-09-06 12:00:00,1953.4,1953.6,1947.5,1950.4
2023-09-06 16:00:00,1950.5,1954.5,1946.0,1952.9
2023-09-06 20:00:00,1953.2,1953.2,1940.0,1942.7
2023-09-07 00:00:00,1942.8,1943.2,1941.1,1941.8
2023-09-07 04:00:00,1942.2,1943.7,1940.4,1943.5
2023-09-07 08:00:00,1943.5,1944.7,1941.3,1941.4
2023-09-07 12:00:00,1941.4,1944.6,1941.2,1944.4
2023-09-07 16:00:00,1944.4,1947.9,1940.3,1944.3
2023-09-07 20:00:00,1944.2,1945.9,1941.4,1942.5
2023-09-08 00:00:00,1942.4,1944.8,1942.1,1944.0
2023-09-08 04:00:00,1943.8,1950.0,1943.5,1949.8
2023-09-08 08:00:00,1949.8,1951.3,1948.2,1949.7
2023-09-08 12:00:00,1949.7,1951.4,1947.2,1949.0
2023-09-08 16:00:00,1949.1,1953.4,1944.0,1952.9
2023-09-08 20:00:00,1952.9,1954.0,1940.8,1944.1
2023-09-09 00:00:00,1944.1,1944.3,1941.6,1942.6
2023-09-11 04:00:00,1943.3,1946.4,1939.5,1945.6
2023-09-11 08:00:00,1945.6,1951.4,1945.5,1951.0
2023-09-11 12:00:00,1950.9,1954.6,1948.8,1948.9
2023-09-11 16:00:00,1948.9,1953.8,1947.3,1949.3
2023-09-11 20:00:00,1949.3,1950.2,1944.6,1945.8
2023-09-12 00:00:00,1945.8,1946.3,1944.6,1945.3
2023-09-12 04:00:00,1945.6,1946.4,1943.2,1944.8
2023-09-12 08:00:00,1944.6,1947.5,1942.7,1943.1
2023-09-12 12:00:00,1943.1,1944.0,1941.3,1941.9
2023-09-12 16:00:00,1941.8,1942.5,1929.9,1931.8
2023-09-12 20:00:00,1931.7,1937.8,1930.8,1934.8
2023-09-13 00:00:00,1934.9,1936.5,1934.7,1936.1
2023-09-13 04:00:00,1935.2,1936.2,1932.9,1933.6
2023-09-13 08:00:00,1933.7,1935.0,1930.3,1932.6
2023-09-13 12:00:00,1932.6,1934.9,1930.4,1933.5
2023-09-13 16:00:00,1933.5,1938.4,1927.2,1935.5
2023-09-13 20:00:00,1935.5,1937.2,1930.3,1932.5
2023-09-14 00:00:00,1932.5,1932.7,1930.2,1930.6
2023-09-14 04:00:00,1930.7,1934.5,1929.2,1932.6
2023-09-14 08:00:00,1932.5,1932.9,1928.8,1929.1
2023-09-14 12:00:00,1929.1,1929.8,1926.3,1927.6
2023-09-14 16:00:00,1927.5,1931.8,1921.7,1924.2
2023-09-14 20:00:00,1924.1,1933.8,1921.8,1930.3
2023-09-15 00:00:00,1930.3,1932.6,1929.7,1932.5
2023-09-15 04:00:00,1932.5,1937.0,1931.2,1936.9
2023-09-15 08:00:00,1936.9,1938.8,1936.0,1937.6
2023-09-15 12:00:00,1937.6,1941.1,1936.6,1939.5
2023-09-15 16:00:00,1939.5,1948.6,1937.4,1946.2
2023-09-15 20:00:00,1946.1,1952.4,1944.2,1946.4
2023-09-16 00:00:00,1946.4,1946.6,1943.8,1945.6
2023-09-18 04:00:00,1945.7,1948.2,1944.0,1946.4
2023-09-18 08:00:00,1946.4,1951.6,1946.2,1950.8
2023-09-18 12:00:00,1950.9,1951.2,1946.1,1948.1
2023-09-18 16:00:00,1948.1,1949.8,1944.5,1945.1
2023-09-18 20:00:00,1945.1,1955.1,1943.8,1953.6
2023-09-19 00:00:00,1953.6,1955.7,1952.5,1955.2
2023-09-19 04:00:00,1955.3,1956.0,1953.2,1954.3
2023-09-19 08:00:00,1954.4,1954.7,1951.6,1952.2
2023-09-19 12:00:00,1952.2,1956.9,1951.2,1956.7
2023-09-19 16:00:00,1956.7,1958.9,1954.0,1956.0
2023-09-19 20:00:00,1955.9,1956.4,1951.7,1952.0
2023-09-20 00:00:00,1952.0,1953.5,1950.9,1952.6
2023-09-20 04:00:00,1953.0,1953.6,1949.0,1951.0
2023-09-20 08:00:00,1951.0,1952.7,1950.4,1952.1
2023-09-20 12:00:00,1952.1,1953.1,1948.6,1952.7
2023-09-20 16:00:00,1952.7,1964.8,1951.7,1961.8
2023-09-20 20:00:00,1961.7,1968.9,1961.4,1967.6
2023-09-21 00:00:00,1967.6,1968.6,1950.0,1951.3
2023-09-21 04:00:00,1952.0,1952.2,1944.2,1946.8
2023-09-21 08:00:00,1946.7,1948.8,1945.6,1948.5
2023-09-21 12:00:00,1948.4,1950.3,1942.1,1944.4
2023-09-21 16:00:00,1944.4,1945.9,1933.1,1936.1
2023-09-21 20:00:00,1936.0,1944.0,1934.7,1940.4
2023-09-22 00:00:00,1940.5,1941.3,1939.6,1939.9
2023-09-22 04:00:00,1939.6,1943.7,1939.6,1943.5
2023-09-22 08:00:00,1943.4,1944.9,1941.9,1944.1
2023-09-22 12:00:00,1944.1,1948.8,1943.7,1945.0
2023-09-22 16:00:00,1945.0,1948.5,1943.8,1946.0
2023-09-22 20:00:00,1945.9,1949.1,1944.4,1945.4
2023-09-23 00:00:00,1945.5,1945.8,1944.1,1944.9
2023-09-25 04:00:00,1944.7,1946.1,1942.4,1943.2
2023-09-25 08:00:00,1943.1,1943.6,1940.9,1941.1
2023-09-25 12:00:00,1941.0,1946.8,1940.1,1942.2
2023-09-25 16:00:00,1942.2,1946.5,1941.6,1944.9
2023-09-25 20:00:00,1944.8,1945.1,1933.8,1935.0
2023-09-26 00:00:00,1935.0,1936.3,1934.3,1934.9
2023-09-26 04:00:00,1935.1,1935.5,1932.2,1933.4
2023-09-26 08:00:00,1933.4,1933.7,1931.7,1932.1
2023-09-26 12:00:00,1932.1,1934.6,1928.3,1931.6
2023-09-26 16:00:00,1931.6,1932.3,1923.0,1925.3
2023-09-26 20:00:00,1925.4,1928.1,1918.7,1919.2
2023-09-27 00:00:00,1919.1,1919.7,1917.2,1919.0
2023-09-27 04:00:00,1918.8,1921.7,1917.5,1920.4
2023-09-27 08:00:00,1920.5,1920.5,1913.0,1914.2
2023-09-27 12:00:00,1914.1,1917.0,1912.5,1913.5
2023-09-27 16:00:00,1913.4,1914.5,1902.1,1905.5
2023-09-27 20:00:00,1905.6,1906.8,1890.3,1892.6
2023-09-28 00:00:00,1892.5,1896.3,1890.3,1893.2
2023-09-28 04:00:00,1893.3,1895.3,1890.5,1891.0
2023-09-28 08:00:00,1891.1,1894.3,1890.5,1894.1
2023-09-28 12:00:00,1894.0,1895.2,1890.7,1892.9
2023-09-28 16:00:00,1893.0,1896.8,1888.1,1889.9
2023-09-28 20:00:00,1889.8,1893.5,1874.5,1878.8
2023-09-29 00:00:00,1878.9,1884.3,1878.4,1881.7
2023-09-29 04:00:00,1882.3,1884.1,1880.8,1882.7
2023-09-29 08:00:00,1882.6,1884.7,1879.6,1883.8
2023-09-29 12:00:00,1883.7,1890.7,1882.7,1890.3
2023-09-29 16:00:00,1890.2,1896.7,1883.9,1887.0
2023-09-29 20:00:00,1886.9,1888.3,1865.6,1866.1
2023-09-30 00:00:00,1866.1,1867.1,1862.3,1864.6
2023-10-02 04:00:00,1864.4,1864.7,1859.2,1859.6
2023-10-02 08:00:00,1859.5,1860.8,1854.9,1855.3
2023-10-02 12:00:00,1855.2,1862.2,1846.6,1849.9
2023-10-02 16:00:00,1849.9,1856.5,1848.0,1849.8
2023-10-02 20:00:00,1849.7,1852.9,1842.7,1847.9
2023-10-03 00:00:00,1847.9,1849.5,1843.5,1844.1
2023-10-03 04:00:00,1844.9,1845.3,1836.4,1838.6
2023-10-03 08:00:00,1838.7,1839.0,1830.9,1834.8
2023-10-03 12:00:00,1834.8,1844.9,1834.5,1842.2
2023-10-03 16:00:00,1842.2,1847.2,1838.7,1844.9
2023-10-03 20:00:00,1844.6,1849.3,1834.6,1839.4
2023-10-04 00:00:00,1839.3,1841.4,1837.7,1838.9
2023-10-04 04:00:00,1838.7,1840.6,1836.1,1838.0
2023-10-04 08:00:00,1837.9,1838.9,1834.5,1836.3
2023-10-04 12:00:00,1836.4,1840.0,1831.6,1837.3
2023-10-04 16:00:00,1837.4,1846.8,1832.4,1835.4
2023-10-04 20:00:00,1835.3,1841.7,1832.1,1833.6
2023-10-05 00:00:00,1833.4,1839.1,1831.6,1836.7
2023-10-05 04:00:00,1837.6,1842.6,1836.0,1842.4
2023-10-05 08:00:00,1842.4,1843.5,1840.3,1840.4
2023-10-05 12:00:00,1840.4,1840.6,1833.6,1835.8
2023-10-05 16:00:00,1835.9,1838.0,1826.2,1834.4
2023-10-05 20:00:00,1834.4,1834.9,1827.9,1833.0
2023-10-06 00:00:00,1833.1,1834.9,1832.5,1834.3
2023-10-06 04:00:00,1834.3,1837.2,1833.3,1836.4
2023-10-06 08:00:00,1836.5,1838.4,1834.3,1835.0
2023-10-06 12:00:00,1834.9,1835.9,1832.1,1833.9
2023-10-06 16:00:00,1833.9,1839.9,1823.5,1834.8
2023-10-06 20:00:00,1834.8,1849.0,1834.4,1845.7
2023-10-07 00:00:00,1845.7,1847.9,1842.8,1847.0
2023-10-09 04:00:00,1861.0,1869.5,1859.4,1863.1
2023-10-09 08:00:00,1863.1,1867.2,1861.6,1865.5
2023-10-09 12:00:00,1865.5,1868.3,1861.7,1864.8
2023-10-09 16:00:00,1864.9,1865.7,1857.5,1859.0
2023-10-09 20:00:00,1858.9,1869.0,1858.7,1868.0
2023-10-10 00:00:00,1868.1,1877.3,1868.0,1875.0
2023-10-10 04:00:00,1875.4,1879.1,1874.1,1877.5
2023-10-10 08:00:00,1877.5,1878.3,1873.3,1874.3
2023-10-10 12:00:00,1874.3,1875.5,1868.4,1871.6
2023-10-10 16:00:00,1871.5,1871.7,1866.1,1870.7
2023-10-10 20:00:00,1870.7,1876.3,1866.4,1872.1
2023-10-11 00:00:00,1872.0,1874.4,1871.6,1873.8
2023-10-11 04:00:00,1873.7,1875.7,1872.7,1875.1
2023-10-11 08:00:00,1875.1,1875.4,1871.7,1872.6
2023-10-11 12:00:00,1872.6,1884.7,1872.0,1883.9
2023-10-11 16:00:00,1883.9,1888.6,1877.2,1885.5
2023-10-11 20:00:00,1885.5,1890.9,1882.3,1885.6
2023-10-12 00:00:00,1885.6,1888.2,1884.5,1887.9
2023-10-12 04:00:00,1888.1,1892.1,1886.8,1890.4
2023-10-12 08:00:00,1890.3,1892.9,1888.5,1892.8
2023-10-12 12:00:00,1892.8,1895.5,1891.1,1893.6
2023-10-12 16:00:00,1893.6,1898.3,1885.6,1886.5
2023-10-12 20:00:00,1886.5,1889.4,1880.8,1881.7
2023-10-13 00:00:00,1881.7,1883.5,1880.6,1881.6
2023-10-13 04:00:00,1881.7,1885.3,1881.5,1884.2
2023-10-13 08:00:00,1884.2,1890.7,1883.9,1889.7
2023-10-13 12:00:00,1889.6,1901.2,1888.2,1900.3
2023-10-13 16:00:00,1900.4,1932.3,1899.5,1923.8
2023-10-13 20:00:00,1923.5,1943.2,1920.6,1941.6
2023-10-14 00:00:00,1941.8,1946.2,1941.0,1945.9
2023-10-16 04:00:00,1941.3,1943.0,1933.2,1933.4
2023-10-16 08:00:00,1933.5,1934.6,1927.5,1928.0
2023-10-16 12:00:00,1928.1,1929.2,1921.2,1928.7
2023-10-16 16:00:00,1928.7,1937.2,1927.0,1930.7
2023-10-16 20:00:00,1930.7,1935.7,1928.9,1932.3
2023-10-17 00:00:00,1932.2,1933.7,1930.7,1932.9
2023-10-17 04:00:00,1933.3,1934.5,1925.8,1927.7
2023-10-17 08:00:00,1927.7,1929.6,1924.6,1929.0
2023-10-17 12:00:00,1929.2,1936.3,1928.2,1935.6
2023-10-17 16:00:00,1935.6,1944.5,1931.6,1940.9
2023-10-17 20:00:00,1940.7,1943.8,1932.4,1932.6
2023-10-18 00:00:00,1932.6,1937.8,1931.9,1935.7
2023-10-18 04:00:00,1936.7,1953.1,1935.9,1951.7
2023-10-18 08:00:00,1951.8,1955.9,1948.0,1949.9
2023-10-18 12:00:00,1949.9,1958.8,1947.6,1956.9
2023-10-18 16:00:00,1956.9,1975.8,1955.2,1969.9
2023-10-18 20:00:00,1969.9,1971.6,1950.6,1966.9
2023-10-19 00:00:00,1966.8,1967.0,1959.9,1960.3
2023-10-19 04:00:00,1960.1,1965.1,1958.2,1960.1
2023-10-19 08:00:00,1960.2,1962.7,1957.0,1958.7
2023-10-19 12:00:00,1958.7,1966.6,1957.3,1962.5
2023-10-19 16:00:00,1962.4,1968.9,1960.8,1966.2
2023-10-19 20:00:00,1966.1,1985.4,1961.4,1985.1
2023-10-20 00:00:00,1985.1,1990.2,1982.8,1986.8
2023-10-20 04:00:00,1988.0,1994.3,1983.7,1989.8
2023-10-20 08:00:00,1989.7,1993.8,1987.7,1989.3
2023-10-20 12:00:00,1989.3,1997.2,1985.9,1994.6
2023-10-20 16:00:00,1994.5,2000.4,1984.7,1999.2
2023-10-20 20:00:00,1999.1,2009.2,1985.6,1994.3
2023-10-21 00:00:00,1994.4,1994.5,1988.0,1993.1
2023-10-23 04:00:00,1987.7,1989.9,1971.0,1978.1
2023-10-23 08:00:00,1978.0,1988.1,1977.9,1986.8
2023-10-23 12:00:00,1987.0,1994.3,1985.8,1989.1
2023-10-23 16:00:00,1989.2,1993.4,1981.3,1986.1
2023-10-23 20:00:00,1986.1,1990.9,1983.5,1987.6
2023-10-24 00:00:00,1987.7,1989.8,1982.6,1984.3
2023-10-24 04:00:00,1984.1,1989.9,1982.6,1987.7
2023-10-24 08:00:00,1987.7,1992.0,1985.4,1987.3
2023-10-24 12:00:00,1987.4,1990.3,1975.7,1977.5
2023-10-24 16:00:00,1977.5,1978.6,1964.6,1975.9
2023-10-24 20:00:00,1975.8,1989.0,1972.2,1987.2
2023-10-25 00:00:00,1987.2,1987.6,1982.1,1982.1
2023-10-25 04:00:00,1982.7,1987.9,1981.2,1986.9
2023-10-25 08:00:00,1987.0,1987.8,1981.5,1983.7
2023-10-25 12:00:00,1983.8,1986.9,1979.2,1980.2
2023-10-25 16:00:00,1980.3,1998.6,1980.2,1996.4
2023-10-25 20:00:00,1996.3,1997.5,1973.6,1994.3
2023-10-26 00:00:00,1994.2,1995.9,1988.6,1991.2
2023-10-26 04:00:00,1991.2,1996.8,1990.4,1995.3
2023-10-26 08:00:00,1995.2,1999.9,1993.6,1995.9
2023-10-26 12:00:00,1995.9,2003.7,1994.1,2000.9
2023-10-26 16:00:00,2000.8,2001.5,1984.1,1988.8
2023-10-26 20:00:00,1988.8,1999.7,1981.6,1997.3
2023-10-27 00:00:00,1997.3,1997.4,1992.5,1995.0
2023-10-27 04:00:00,1995.0,1996.8,1992.8,1995.1
2023-10-27 08:00:00,1995.5,1999.7,1995.5,1998.7
2023-10-27 12:00:00,1998.8,1999.8,1995.1,1995.7
2023-10-27 16:00:00,1995.7,1996.2,1986.4,1993.3
2023-10-27 20:00:00,1992.9,2007.3,1988.4,2007.1
2023-10-28 00:00:00,2007.2,2019.7,2006.2,2016.3
2023-10-30 04:00:00,2013.5,2016.8,2007.1,2014.4
2023-10-30 08:00:00,2014.4,2014.8,2009.0,2009.2
2023-10-30 12:00:00,2009.2,2010.3,1999.7,2006.2
2023-10-30 16:00:00,2006.3,2012.4,2002.0,2008.3
2023-10-30 20:00:00,2008.2,2012.2,2001.5,2007.7
2023-10-31 00:00:00,2007.8,2009.6,2004.4,2005.7
2023-10-31 04:00:00,2005.6,2006.5,2003.6,2005.5
2023-10-31 08:00:00,2005.6,2006.4,1999.9,2002.2
2023-10-31 12:00:00,2002.4,2008.6,2001.6,2006.6
2023-10-31 16:00:00,2006.7,2013.9,2003.6,2012.3
2023-10-31 20:00:00,2012.3,2017.7,1992.2,1993.1
2023-11-01 00:00:00,1993.1,1995.6,1987.4,1992.7
2023-11-01 04:00:00,1993.3,1994.8,1986.7,1988.3
2023-11-01 08:00:00,1988.2,1989.6,1983.7,1987.6
2023-11-01 12:00:00,1987.6,1992.6,1985.0,1991.4
2023-11-01 16:00:00,1991.5,1997.7,1989.8,1994.7
2023-11-01 20:00:00,1994.7,2005.9,1982.8,1986.6
2023-11-02 00:00:00,1986.7,1991.8,1978.2,1991.3
2023-11-02 04:00:00,1992.0,1996.0,1989.3,1994.1
2023-11-02 08:00:00,1994.0,1994.4,1991.1,1993.2
2023-11-02 12:00:00,1993.1,1997.4,1991.4,1995.9
2023-11-02 16:00:00,1995.9,1999.2,1989.6,1991.9
2023-11-02 20:00:00,1991.9,1994.4,1986.3,1992.8
2023-11-03 00:00:00,1992.8,1994.2,1991.4,1993.3
2023-11-03 04:00:00,1993.5,1994.1,1990.6,1991.4
2023-11-03 08:00:00,1991.4,1995.4,1991.3,1994.5
2023-11-03 12:00:00,1994.6,1997.7,1992.1,1996.4
2023-11-03 16:00:00,1996.4,2011.9,1989.3,2003.1
2023-11-03 20:00:00,2003.2,2007.4,1996.1,2000.4
2023-11-04 00:00:00,2000.5,2002.6,1998.9,1999.9
2023-11-06 04:00:00,1999.4,2000.1,1993.5,1993.8
2023-11-06 08:00:00,1993.9,1995.1,1988.8,1991.0
2023-11-06 12:00:00,1990.9,1995.4,1989.0,1994.4
2023-11-06 16:00:00,1994.4,1996.3,1990.0,1991.7
2023-11-06 20:00:00,1991.6,1992.8,1986.7,1988.2
2023-11-07 00:00:00,1988.2,1988.4,1984.2,1984.7
2023-11-07 04:00:00,1984.8,1985.2,1979.5,1979.5
2023-11-07 08:00:00,1979.6,1980.8,1977.4,1977.6
2023-11-07 12:00:00,1977.5,1977.6,1970.6,1972.6
2023-11-07 16:00:00,1972.5,1974.0,1962.8,1966.7
2023-11-07 20:00:00,1966.7,1976.5,1966.5,1976.1
2023-11-08 00:00:00,1976.1,1976.6,1973.6,1975.6
2023-11-08 04:00:00,1975.3,1977.5,1973.6,1974.8
2023-11-08 08:00:00,1974.8,1975.3,1971.1,1973.3
2023-11-08 12:00:00,1973.3,1975.3,1965.8,1968.1
2023-11-08 16:00:00,1968.1,1973.0,1965.7,1966.3
2023-11-08 20:00:00,1966.2,1966.7,1956.8,1958.0
2023-11-09 00:00:00,1958.1,1958.1,1953.2,1956.2
2023-11-09 04:00:00,1955.5,1959.8,1954.0,1955.1
2023-11-09 08:00:00,1955.0,1955.5,1952.8,1954.3
2023-11-09 12:00:00,1954.2,1955.6,1948.3,1952.0
2023-11-09 16:00:00,1951.9,1964.1,1949.8,1963.3
2023-11-09 20:00:00,1963.3,1971.5,1960.4,1968.2
2023-11-10 00:00:00,1968.3,1968.5,1961.4,1963.9
2023-11-10 04:00:00,1964.1,1965.6,1961.3,1963.2
2023-11-10 08:00:00,1963.0,1965.3,1960.3,1961.6
2023-11-10 12:00:00,1961.6,1961.9,1955.8,1958.5
2023-11-10 16:00:00,1958.5,1958.6,1945.5,1946.9
2023-11-10 20:00:00,1946.8,1951.5,1936.9,1939.9
2023-11-11 00:00:00,1940.1,1943.1,1938.5,1942.7
2023-11-13 04:00:00,1943.4,1946.1,1941.3,1941.5
2023-11-13 08:00:00,1941.6,1944.1,1938.1,1942.7
2023-11-13 12:00:00,1942.6,1945.3,1939.6,1943.6
2023-11-13 16:00:00,1943.6,1943.8,1936.4,1936.7
2023-11-13 20:00:00,1936.6,1953.5,1935.6,1952.2
2023-11-14 00:00:00,1952.2,1952.3,1949.5,1950.2
2023-11-14 04:00:00,1950.3,1952.6,1948.4,1949.7
2023-11-14 08:00:00,1949.7,1949.8,1947.4,1948.6
2023-11-14 12:00:00,1948.6,1952.0,1948.0,1950.8
2023-11-14 16:00:00,1950.8,1975.3,1938.8,1972.0
2023-11-14 20:00:00,1971.8,1973.3,1965.3,1966.7
2023-11-15 00:00:00,1966.6,1968.6,1966.3,1967.2
2023-11-15 04:00:00,1966.9,1968.2,1965.0,1968.0
2023-11-15 08:00:00,1968.0,1974.2,1968.0,1973.2
2023-11-15 12:00:00,1973.3,1977.8,1970.7,1977.0
2023-11-15 16:00:00,1976.9,1979.2,1958.8,1961.0
2023-11-15 20:00:00,1960.8,1968.3,1960.6,1964.0
2023-11-16 00:00:00,1964.0,1965.7,1962.7,1963.1
2023-11-16 04:00:00,1963.0,1964.4,1959.0,1963.4
2023-11-16 08:00:00,1963.5,1969.9,1963.1,1969.6
2023-11-16 12:00:00,1969.6,1971.2,1967.2,1967.6
2023-11-16 16:00:00,1967.5,1985.9,1964.5,1982.7
2023-11-16 20:00:00,1982.7,1991.1,1982.1,1987.3
2023-11-17 00:00:00,1987.3,1987.5,1983.6,1984.3
2023-11-17 04:00:00,1984.2,1989.5,1983.9,1987.9
2023-11-17 08:00:00,1987.8,1989.6,1985.0,1986.0
2023-11-17 12:00:00,1985.9,1996.4,1985.3,1994.7
2023-11-17 16:00:00,1994.7,1994.7,1981.8,1982.9
2023-11-17 20:00:00,1982.8,1987.9,1981.1,1984.7
2023-11-18 00:00:00,1984.8,1984.8,1981.7,1983.5
2023-11-20 04:00:00,1980.9,1987.8,1975.8,1985.4
2023-11-20 08:00:00,1985.3,1986.1,1981.0,1982.3
2023-11-20 12:00:00,1982.4,1983.2,1977.1,1978.0
2023-11-20 16:00:00,1977.9,1978.4,1967.2,1972.3
2023-11-20 20:00:00,1972.4,1981.5,1970.8,1979.9
2023-11-21 00:00:00,1979.9,1981.4,1978.0,1980.2
2023-11-21 04:00:00,1980.0,1994.4,1979.9,1992.4
2023-11-21 08:00:00,1992.4,1996.2,1991.3,1992.5
2023-11-21 12:00:00,1992.5,1996.2,1986.1,1990.5
2023-11-21 16:00:00,1990.5,2009.7,1987.9,2007.6
2023-11-21 20:00:00,2007.7,2009.8,1999.9,2000.9
2023-11-22 00:00:00,2000.9,2002.8,1998.3,2000.3
2023-11-22 04:00:00,2000.3,2001.8,1997.3,1998.4
2023-11-22 08:00:00,1998.4,2002.6,1997.5,2002.1
2023-11-22 12:00:00,2002.2,2008.3,2000.7,2003.0
2023-11-22 16:00:00,2003.0,2005.3,1998.8,2003.8
2023-11-22 20:00:00,2003.8,2003.9,1988.6,1990.3
2023-11-23 00:00:00,1990.3,1993.3,1990.3,1991.5
2023-11-23 04:00:00,1991.2,1995.6,1991.2,1995.1
2023-11-23 08:00:00,1995.0,1999.5,1993.8,1997.1
2023-11-23 12:00:00,1997.0,1999.4,1992.9,1994.4
2023-11-23 16:00:00,1994.4,1995.8,1992.5,1994.6
2023-11-23 20:00:00,1994.6,1994.9,1990.9,1992.8
2023-11-24 00:00:00,1992.8,1993.7,1992.5,1993.3
2023-11-24 04:00:00,1993.7,1995.6,1992.1,1993.1
2023-11-24 08:00:00,1993.1,1995.7,1992.1,1994.3
2023-11-24 12:00:00,1994.3,1997.4,1992.7,1996.5
2023-11-24 16:00:00,1996.5,2003.9,1995.2,2002.0
2023-11-24 20:00:00,2002.1,2004.5,1997.8,2003.7
2023-11-27 04:00:00,2002.5,2018.9,2001.4,2011.9
2023-11-27 08:00:00,2011.8,2014.4,2007.9,2010.2
2023-11-27 12:00:00,2010.3,2016.1,2009.9,2015.2
2023-11-27 16:00:00,2015.3,2017.5,2010.4,2012.1
2023-11-27 20:00:00,2012.1,2015.5,2006.1,2013.0
2023-11-28 00:00:00,2012.9,2015.2,2012.5,2014.4
2023-11-28 04:00:00,2014.3,2018.2,2013.8,2015.2
2023-11-28 08:00:00,2015.1,2017.1,2014.0,2016.1
2023-11-28 12:00:00,2016.1,2017.0,2012.2,2014.7
2023-11-28 16:00:00,2014.7,2029.3,2011.5,2026.6
2023-11-28 20:00:00,2026.6,2044.1,2024.2,2040.4
2023-11-29 00:00:00,2040.4,2043.5,2040.3,2041.6
2023-11-29 04:00:00,2062.0,2072.7,2062.0,2067.9
2023-11-29 08:00:00,2067.9,2070.1,2064.0,2065.6
2023-11-29 12:00:00,2065.7,2065.8,2055.9,2058.3
2023-11-29 16:00:00,2058.2,2066.8,2058.0,2065.5
2023-11-29 20:00:00,2065.5,2069.4,2060.1,2068.9
2023-11-30 00:00:00,2069.0,2070.8,2063.8,2065.5
2023-11-30 04:00:00,2065.4,2067.0,2062.6,2066.2
2023-11-30 08:00:00,2066.2,2067.4,2061.5,2065.9
2023-11-30 12:00:00,2065.9,2067.0,2056.4,2058.3
2023-11-30 16:00:00,2058.3,2066.6,2051.2,2056.3
2023-11-30 20:00:00,2056.3,2061.4,2052.2,2054.8
2023-12-01 00:00:00,2054.7,2057.0,2054.5,2056.1
2023-12-01 04:00:00,2056.5,2063.1,2056.5,2059.6
2023-12-01 08:00:00,2059.6,2062.5,2058.1,2060.0
2023-12-01 12:00:00,2059.9,2069.7,2058.6,2063.3
2023-12-01 16:00:00,2063.3,2063.8,2052.6,2062.2
2023-12-01 20:00:00,2062.2,2095.7,2061.6,2091.8
2023-12-02 00:00:00,2091.9,2092.2,2085.5,2091.7
2023-12-04 04:00:00,2094.4,2152.3,2091.9,2108.2
2023-12-04 08:00:00,2107.9,2111.1,2093.2,2096.0
2023-12-04 12:00:00,2096.2,2098.3,2077.4,2087.5
2023-12-04 16:00:00,2087.4,2090.8,2061.1,2068.9
2023-12-04 20:00:00,2069.0,2072.8,2038.4,2042.9
2023-12-05 00:00:00,2042.9,2051.0,2042.1,2048.2
2023-12-05 04:00:00,2049.0,2059.6,2046.5,2052.7
2023-12-05 08:00:00,2052.7,2056.6,2048.3,2051.5
2023-12-05 12:00:00,2051.5,2057.8,2041.0,2043.4
2023-12-05 16:00:00,2043.3,2049.0,2033.4,2034.9
2023-12-05 20:00:00,2034.7,2045.3,2027.6,2036.3
2023-12-06 00:00:00,2036.3,2039.4,2035.6,2037.6
2023-12-06 04:00:00,2037.8,2040.8,2035.3,2038.8
2023-12-06 08:00:00,2038.9,2044.4,2038.0,2043.7
2023-12-06 12:00:00,2043.6,2053.4,2037.6,2040.3
2023-12-06 16:00:00,2040.3,2051.0,2037.7,2042.8
2023-12-06 20:00:00,2042.9,2049.9,2040.3,2048.3
2023-12-07 00:00:00,2048.3,2048.6,2042.4,2043.4
2023-12-07 04:00:00,2043.4,2047.1,2042.5,2045.8
2023-12-07 08:00:00,2045.8,2046.7,2042.1,2046.3
2023-12-07 12:00:00,2046.4,2052.2,2044.9,2050.5
2023-12-07 16:00:00,2050.7,2057.2,2041.5,2043.0
2023-12-07 20:00:00,2042.9,2049.0,2036.6,2047.2
2023-12-08 00:00:00,2047.2,2048.3,2045.0,2045.3
2023-12-08 04:00:00,2045.7,2049.9,2043.5,2048.7
2023-12-08 08:00:00,2048.8,2050.4,2045.2,2046.7
2023-12-08 12:00:00,2046.7,2048.7,2042.7,2046.2
2023-12-08 16:00:00,2046.2,2048.0,2018.5,2024.9
2023-12-08 20:00:00,2024.8,2031.3,2010.6,2015.2
2023-12-09 00:00:00,2015.3,2021.2,2015.1,2020.8
2023-12-11 04:00:00,2020.0,2023.7,2012.6,2014.3
2023-12-11 08:00:00,2014.2,2016.5,2009.8,2014.5
2023-12-11 12:00:00,2014.6,2016.1,2006.2,2008.8
2023-12-11 16:00:00,2008.7,2012.5,2002.1,2002.3
2023-12-11 20:00:00,2002.2,2003.8,1991.2,1997.1
2023-12-12 00:00:00,1997.2,1998.7,1996.0,1997.6
2023-12-12 04:00:00,1997.8,2004.8,1997.0,1997.3
2023-12-12 08:00:00,1997.4,2004.1,1997.2,2002.9
2023-12-12 12:00:00,2002.9,2004.1,1997.8,2001.4
2023-12-12 16:00:00,2001.4,2012.5,1995.2,1997.0
2023-12-12 20:00:00,1997.0,1999.8,1992.3,1994.3
2023-12-13 00:00:00,1994.3,1996.3,1994.2,1995.0
2023-12-13 04:00:00,1995.1,1998.0,1992.9,1994.3
2023-12-13 08:00:00,1994.4,1995.1,1987.9,1989.3
2023-12-13 12:00:00,1989.2,1998.4,1988.3,1998.4
2023-12-13 16:00:00,1998.3,2001.9,1994.7,1997.0
2023-12-13 20:00:00,1996.9,1998.9,1993.4,1997.1
2023-12-14 00:00:00,1996.7,2043.3,1996.7,2043.1
2023-12-14 04:00:00,2043.2,2053.5,2039.1,2047.5
2023-12-14 08:00:00,2047.4,2051.9,2044.6,2050.0
2023-12-14 12:00:00,2050.0,2055.2,2043.7,2048.7
2023-12-14 16:00:00,2048.7,2062.9,2042.0,2058.0
2023-12-14 20:00:00,2058.0,2061.8,2043.5,2045.8
2023-12-15 00:00:00,2045.9,2051.6,2044.5,2051.3
2023-12-15 04:00:00,2051.3,2053.1,2045.5,2050.2
2023-12-15 08:00:00,2050.1,2051.7,2048.1,2050.3
2023-12-15 12:00:00,2050.4,2059.1,2050.0,2057.1
2023-12-15 16:00:00,2057.1,2059.6,2041.0,2047.4
2023-12-15 20:00:00,2047.5,2053.4,2033.8,2033.8
2023-12-16 00:00:00,2033.8,2035.6,2029.2,2033.8
2023-12-18 04:00:00,2033.3,2037.7,2029.5,2035.5
2023-12-18 08:00:00,2035.6,2038.8,2035.0,2037.0
2023-12-18 12:00:00,2037.1,2041.5,2033.0,2033.3
2023-12-18 16:00:00,2033.3,2041.0,2032.8,2038.2
2023-12-18 20:00:00,2038.2,2048.0,2034.0,2040.6
2023-12-19 00:00:00,2040.5,2041.9,2039.5,2041.2
2023-12-19 04:00:00,2041.1,2043.1,2036.9,2038.2
2023-12-19 08:00:00,2038.0,2040.2,2034.8,2038.4
2023-12-19 12:00:00,2038.3,2042.2,2036.4,2039.3
2023-12-19 16:00:00,2039.3,2056.1,2039.0,2055.2
2023-12-19 20:00:00,2055.3,2061.0,2050.4,2052.6
2023-12-20 00:00:00,2052.6,2054.1,2052.0,2053.8
2023-12-20 04:00:00,2053.8,2055.0,2049.7,2053.2
2023-12-20 08:00:00,2053.1,2055.9,2052.1,2054.3
2023-12-20 12:00:00,2054.3,2056.9,2048.7,2049.1
2023-12-20 16:00:00,2049.1,2053.5,2042.5,2051.3
2023-12-20 20:00:00,2051.2,2052.2,2043.6,2049.5
2023-12-21 00:00:00,2049.6,2050.4,2040.6,2044.4
2023-12-21 04:00:00,2044.4,2049.4,2043.3,2048.9
2023-12-21 08:00:00,2048.8,2050.0,2046.2,2048.8
2023-12-21 12:00:00,2048.7,2049.2,2044.5,2045.7
2023-12-21 16:00:00,2045.6,2058.0,2043.5,2053.8
2023-12-21 20:00:00,2053.7,2056.6,2048.4,2050.7
2023-12-22 00:00:00,2050.8,2057.9,2050.7,2057.8
2023-12-22 04:00:00,2061.2,2066.7,2058.2,2061.7
2023-12-22 08:00:00,2061.5,2062.9,2058.5,2059.3
2023-12-22 12:00:00,2059.3,2069.3,2059.0,2067.7
2023-12-22 16:00:00,2067.7,2082.5,2067.2,2080.6
2023-12-22 20:00:00,2080.8,2083.0,2063.3,2069.1
2023-12-23 00:00:00,2069.2,2069.2,2063.5,2064.5
2023-12-26 04:00:00,2066.0,2076.0,2065.1,2075.5
2023-12-26 08:00:00,2075.6,2076.3,2072.4,2075.2
2023-12-26 12:00:00,2075.3,2075.9,2071.8,2074.9
2023-12-26 16:00:00,2074.9,2075.3,2065.5,2068.3
2023-12-26 20:00:00,2068.2,2071.2,2067.3,2069.4
2023-12-27 00:00:00,2069.5,2080.5,2069.4,2079.2
2023-12-27 04:00:00,2079.3,2079.8,2075.2,2076.5
2023-12-27 08:00:00,2076.5,2078.7,2075.2,2076.2
2023-12-27 12:00:00,2076.3,2080.8,2072.8,2076.2
2023-12-27 16:00:00,2076.2,2084.2,2075.8,2081.6
2023-12-27 20:00:00,2081.5,2095.8,2080.3,2090.0
2023-12-28 00:00:00,2090.0,2090.4,2087.6,2089.4
2023-12-28 04:00:00,2089.5,2098.2,2088.6,2097.7
2023-12-28 08:00:00,2097.6,2098.2,2094.2,2096.0
2023-12-28 12:00:00,2095.9,2097.7,2082.8,2087.2
2023-12-28 16:00:00,2087.2,2089.3,2081.1,2088.7
2023-12-28 20:00:00,2088.7,2091.2,2081.4,2082.9
2023-12-29 00:00:00,2082.7,2083.1,2074.6,2075.7
2023-12-29 04:00:00,2076.1,2081.0,2075.6,2077.9
2023-12-29 08:00:00,2077.9,2082.6,2076.9,2082.0
2023-12-29 12:00:00,2081.9,2084.1,2071.0,2074.0
2023-12-29 16:00:00,2074.0,2078.1,2067.6,2072.2
2023-12-29 20:00:00,2072.3,2077.6,2070.4,2074.3
2023-12-30 00:00:00,2074.4,2077.3,2071.8,2071.8
2024-01-02 04:00:00,2072.7,2078.9,2071.4,2076.4
2024-01-02 08:00:00,2076.5,2085.7,2075.1,2082.7
2024-01-02 12:00:00,2082.7,2088.1,2080.6,2085.0
2024-01-02 16:00:00,2085.0,2085.3,2071.0,2079.4
2024-01-02 20:00:00,2079.4,2079.7,2064.3,2069.9
2024-01-03 00:00:00,2069.9,2070.9,2066.8,2067.6
2024-01-03 04:00:00,2067.9,2073.4,2067.2,2073.0
2024-01-03 08:00:00,2072.9,2074.3,2071.5,2072.7
2024-01-03 12:00:00,2072.5,2072.6,2060.6,2063.0
2024-01-03 16:00:00,2063.0,2063.8,2039.6,2045.7
2024-01-03 20:00:00,2045.5,2057.1,2038.3,2043.8
2024-01-04 00:00:00,2043.8,2050.3,2038.5,2049.6
2024-01-04 04:00:00,2049.3,2051.8,2047.0,2051.6
2024-01-04 08:00:00,2051.7,2055.9,2049.6,2054.6
2024-01-04 12:00:00,2054.5,2058.1,2052.5,2055.2
2024-01-04 16:00:00,2055.1,2055.8,2043.3,2046.5
2024-01-04 20:00:00,2046.5,2055.2,2046.2,2050.6
2024-01-05 00:00:00,2050.6,2052.4,2049.9,2051.0
2024-01-05 04:00:00,2051.4,2055.0,2049.9,2052.9
2024-01-05 08:00:00,2053.0,2053.1,2047.6,2049.2
2024-01-05 12:00:00,2049.1,2053.8,2044.2,2046.9
2024-01-05 16:00:00,2047.0,2056.4,2030.8,2054.2
2024-01-05 20:00:00,2054.2,2071.1,2047.2,2055.0
2024-01-06 00:00:00,2055.1,2057.2,2049.9,2052.6
2024-01-08 04:00:00,2052.6,2053.3,2047.7,2047.8
2024-01-08 08:00:00,2047.7,2048.0,2033.4,2039.3
2024-01-08 12:00:00,2039.2,2039.5,2032.7,2033.9
2024-01-08 16:00:00,2033.9,2034.3,2022.7,2032.8
2024-01-08 20:00:00,2032.7,2043.6,2031.8,2032.8
2024-01-09 00:00:00,2032.8,2036.2,2032.3,2034.1
2024-01-09 04:00:00,2034.5,2042.7,2034.0,2040.1
2024-01-09 08:00:00,2040.2,2041.0,2036.2,2039.0
2024-01-09 12:00:00,2039.0,2044.8,2037.2,2041.4
2024-01-09 16:00:00,2041.5,2048.6,2037.5,2040.6
2024-01-09 20:00:00,2040.6,2041.6,2031.9,2034.8
2024-01-10 00:00:00,2034.9,2037.0,2033.5,2035.9
2024-01-10 04:00:00,2036.0,2038.4,2032.9,2037.2
2024-01-10 08:00:00,2037.2,2037.5,2029.2,2030.0
2024-01-10 12:00:00,2029.6,2046.2,2029.6,2040.6
2024-01-10 16:00:00,2040.6,2041.5,2031.9,2033.1
2024-01-10 20:00:00,2033.0,2035.3,2026.8,2029.1
2024-01-11 00:00:00,2029.1,2030.5,2025.9,2029.8
2024-01-11 04:00:00,2029.4,2036.0,2029.1,2033.6
2024-01-11 08:00:00,2033.6,2039.3,2032.8,2038.3
2024-01-11 12:00:00,2038.2,2040.0,2034.8,2036.4
2024-01-11 16:00:00,2036.5,2056.1,2028.9,2034.3
2024-01-11 20:00:00,2034.2,2037.6,2017.3,2021.1
2024-01-12 00:00:00,2021.1,2034.0,2021.0,2033.1
2024-01-12 04:00:00,2033.2,2039.9,2033.1,2038.1
2024-01-12 08:00:00,2038.0,2041.2,2036.8,2039.3
2024-01-12 12:00:00,2039.3,2050.8,2038.3,2050.5
2024-01-12 16:00:00,2050.6,2067.3,2048.8,2060.7
2024-01-12 20:00:00,2060.6,2065.1,2045.7,2051.9
2024-01-13 00:00:00,2052.0,2053.6,2050.3,2053.6
2024-01-15 04:00:00,2053.4,2060.3,2049.5,2060.3
2024-01-15 08:00:00,2060.2,2061.9,2056.8,2059.4
2024-01-15 12:00:00,2059.5,2062.8,2056.2,2057.2
2024-01-15 16:00:00,2057.3,2058.5,2055.4,2056.2
2024-01-15 20:00:00,2056.1,2060.6,2053.2,2058.8
2024-01-16 00:00:00,2058.9,2059.3,2058.0,2059.0
2024-01-16 04:00:00,2060.4,2060.4,2053.3,2054.1
2024-01-16 08:00:00,2054.0,2055.2,2050.8,2054.1
2024-01-16 12:00:00,2054.0,2054.5,2042.4,2044.6
2024-01-16 16:00:00,2044.6,2048.9,2034.6,2041.9
2024-01-16 20:00:00,2041.9,2045.8,2027.6,2028.5
2024-01-17 00:00:00,2028.6,2033.7,2028.4,2031.7
2024-01-17 04:00:00,2031.7,2036.1,2029.0,2032.0
2024-01-17 08:00:00,2032.1,2032.3,2020.5,2022.3
2024-01-17 12:00:00,2022.4,2031.6,2020.9,2029.1
2024-01-17 16:00:00,2029.1,2032.5,2014.5,2015.4
2024-01-17 20:00:00,2015.2,2017.1,2004.6,2007.7
2024-01-18 00:00:00,2007.7,2009.9,2007.3,2008.8
2024-01-18 04:00:00,2009.1,2013.8,2008.6,2009.3
2024-01-18 08:00:00,2009.3,2014.7,2007.7,2014.4
2024-01-18 12:00:00,2014.3,2015.9,2010.0,2013.7
2024-01-18 16:00:00,2013.7,2019.6,2009.1,2015.0
2024-01-18 20:00:00,2014.9,2024.0,2013.7,2023.1
2024-01-19 00:00:00,2023.0,2025.6,2020.8,2025.1
2024-01-19 04:00:00,2027.4,2027.4,2023.2,2025.9
2024-01-19 08:00:00,2025.9,2026.1,2022.2,2025.7
2024-01-19 12:00:00,2025.8,2033.2,2025.6,2032.6
2024-01-19 16:00:00,2032.6,2041.9,2028.6,2032.0
2024-01-19 20:00:00,2032.1,2035.7,2025.2,2030.2
2024-01-20 00:00:00,2030.3,2032.3,2030.0,2031.8
2024-01-22 04:00:00,2031.8,2034.1,2027.3,2031.4
2024-01-22 08:00:00,2031.3,2031.4,2021.5,2022.3
2024-01-22 12:00:00,2022.3,2027.9,2020.6,2024.4
2024-01-22 16:00:00,2024.4,2032.0,2017.4,2024.4
2024-01-22 20:00:00,2024.3,2028.4,2021.3,2022.8
2024-01-23 00:00:00,2022.9,2023.3,2020.7,2023.1
2024-01-23 04:00:00,2023.2,2025.4,2020.8,2023.8
2024-01-23 08:00:00,2023.7,2037.2,2022.8,2036.3
2024-01-23 12:00:00,2036.3,2039.3,2026.0,2026.4
2024-01-23 16:00:00,2026.3,2032.4,2022.6,2024.4
2024-01-23 20:00:00,2024.4,2029.1,2023.8,2026.4
2024-01-24 00:00:00,2026.4,2032.0,2025.9,2030.6
2024-01-24 04:00:00,2030.7,2030.9,2024.8,2025.1
2024-01-24 08:00:00,2025.0,2028.8,2023.6,2026.8
2024-01-24 12:00:00,2026.7,2035.8,2026.6,2033.9
2024-01-24 16:00:00,2034.0,2037.9,2024.0,2025.5
2024-01-24 20:00:00,2025.5,2026.4,2012.6,2015.9
2024-01-25 00:00:00,2016.0,2016.1,2011.7,2014.4
2024-01-25 04:00:00,2014.8,2017.7,2014.0,2015.1
2024-01-25 08:00:00,2015.0,2016.6,2014.3,2015.7
2024-01-25 12:00:00,2015.7,2019.6,2012.4,2019.4
2024-01-25 16:00:00,2019.3,2025.6,2004.0,2023.8
2024-01-25 20:00:00,2023.7,2024.9,2012.4,2014.3
2024-01-26 00:00:00,2014.3,2021.3,2013.4,2021.0
2024-01-26 04:00:00,2021.0,2024.2,2019.1,2021.6
2024-01-26 08:00:00,2021.6,2023.3,2020.7,2021.2
2024-01-26 12:00:00,2021.3,2023.9,2017.9,2023.5
2024-01-26 16:00:00,2023.5,2028.1,2018.6,2020.1
2024-01-26 20:00:00,2020.1,2020.1,2015.6,2016.9
2024-01-27 00:00:00,2017.1,2019.0,2015.8,2018.2
2024-01-29 04:00:00,2024.4,2029.0,2018.8,2024.4
2024-01-29 08:00:00,2024.5,2028.2,2023.2,2028.0
2024-01-29 12:00:00,2027.9,2033.2,2025.1,2026.9
2024-01-29 16:00:00,2026.9,2037.2,2020.6,2023.9
2024-01-29 20:00:00,2023.7,2030.4,2019.4,2024.9
2024-01-30 00:00:00,2024.9,2034.6,2024.2,2032.7
2024-01-30 04:00:00,2051.5,2052.3,2047.4,2050.1
2024-01-30 08:00:00,2050.0,2053.9,2049.1,2052.3
2024-01-30 12:00:00,2052.4,2059.2,2052.0,2053.8
2024-01-30 16:00:00,2053.8,2067.2,2048.2,2065.2
2024-01-30 20:00:00,2064.9,2068.0,2047.1,2051.1
2024-01-31 00:00:00,2051.0,2055.4,2050.6,2055.3
2024-01-31 04:00:00,2055.3,2056.7,2050.9,2051.8
2024-01-31 08:00:00,2051.8,2053.7,2051.1,2052.2
2024-01-31 12:00:00,2052.2,2058.6,2051.8,2055.0
2024-01-31 16:00:00,2054.9,2073.8,2054.0,2070.0
2024-01-31 20:00:00,2069.9,2074.6,2064.0,2064.6
2024-02-01 00:00:00,2064.7,2069.4,2048.8,2057.7
2024-02-01 04:00:00,2057.9,2067.0,2056.5,2064.3
2024-02-01 08:00:00,2064.3,2065.7,2059.6,2060.7
2024-02-01 12:00:00,2060.6,2061.3,2047.5,2048.8
2024-02-01 16:00:00,2048.8,2068.3,2046.4,2063.7
2024-02-01 20:00:00,2063.4,2083.2,2056.8,2072.8
2024-02-02 00:00:00,2072.8,2075.3,2070.7,2072.3
2024-02-02 04:00:00,2072.0,2073.8,2069.0,2071.1
2024-02-02 08:00:00,2071.1,2074.1,2070.8,2072.6
2024-02-02 12:00:00,2072.7,2074.2,2069.6,2071.7
2024-02-02 16:00:00,2071.7,2074.7,2044.2,2052.1
2024-02-02 20:00:00,2052.0,2055.8,2045.3,2054.4
2024-02-03 00:00:00,2054.5,2057.1,2053.0,2057.1
2024-02-05 04:00:00,2057.9,2059.1,2049.2,2049.8
2024-02-05 08:00:00,2049.7,2050.8,2042.1,2047.1
2024-02-05 12:00:00,2047.1,2047.8,2036.8,2040.6
2024-02-05 16:00:00,2040.7,2044.5,2030.8,2039.9
2024-02-05 20:00:00,2039.7,2043.5,2031.6,2042.2
2024-02-06 00:00:00,2042.3,2043.9,2040.4,2041.6
2024-02-06 04:00:00,2041.4,2044.7,2039.9,2042.0
2024-02-06 08:00:00,2041.9,2045.7,2039.4,2042.6
2024-02-06 12:00:00,2042.7,2044.9,2038.8,2039.9
2024-02-06 16:00:00,2039.8,2049.4,2038.8,2046.9
2024-02-06 20:00:00,2046.8,2055.3,2045.7,2052.9
2024-02-07 00:00:00,2053.0,2053.4,2051.3,2052.5
2024-02-07 04:00:00,2052.6,2052.6,2050.0,2050.5
2024-02-07 08:00:00,2050.4,2051.5,2048.4,2049.6
2024-02-07 12:00:00,2049.5,2052.3,2047.0,2049.0
2024-02-07 16:00:00,2049.0,2061.3,2046.4,2058.8
2024-02-07 20:00:00,2058.8,2059.6,2050.0,2050.9
2024-02-08 00:00:00,2051.0,2051.8,2049.5,2050.9
2024-02-08 04:00:00,2051.0,2053.8,2049.9,2051.3
2024-02-08 08:00:00,2051.5,2051.9,2046.2,2048.3
2024-02-08 12:00:00,2048.3,2053.3,2043.6,2051.0
2024-02-08 16:00:00,2051.1,2051.3,2034.6,2043.2
2024-02-08 20:00:00,2043.4,2050.5,2042.4,2047.2
2024-02-09 00:00:00,2047.2,2049.8,2046.5,2049.7
2024-02-09 04:00:00,2049.7,2050.1,2046.7,2049.1
2024-02-09 08:00:00,2049.2,2049.6,2046.8,2048.6
2024-02-09 12:00:00,2048.7,2049.8,2045.2,2047.3
2024-02-09 16:00:00,2047.4,2051.9,2037.4,2039.6
2024-02-09 20:00:00,2039.6,2041.9,2034.3,2038.0
2024-02-10 00:00:00,2037.9,2040.5,2037.6,2038.7
2024-02-12 04:00:00,2038.2,2041.2,2036.0,2036.2
2024-02-12 08:00:00,2036.2,2038.6,2035.7,2038.0
2024-02-12 12:00:00,2038.0,2041.3,2033.7,2035.0
2024-02-12 16:00:00,2035.1,2041.8,2026.7,2028.7
2024-02-12 20:00:00,2028.5,2035.3,2025.4,2035.2
2024-02-13 00:00:00,2035.2,2035.3,2032.2,2033.8
2024-02-13 04:00:00,2033.7,2034.7,2031.9,2032.3
2024-02-13 08:00:00,2032.3,2037.6,2030.2,2036.9
2024-02-13 12:00:00,2037.0,2041.9,2036.7,2040.3
2024-02-13 16:00:00,2040.3,2047.3,2005.3,2008.5
2024-02-13 20:00:00,2008.6,2010.8,2002.8,2006.4
2024-02-14 00:00:00,2006.5,2006.7,2004.1,2006.0
2024-02-14 04:00:00,2006.3,2006.3,2000.9,2004.7
2024-02-14 08:00:00,2004.9,2006.1,2003.5,2004.9
2024-02-14 12:00:00,2004.8,2006.3,1998.2,2005.6
2024-02-14 16:00:00,2005.6,2006.0,1998.7,1999.9
2024-02-14 20:00:00,2000.0,2008.8,1996.4,2004.4
2024-02-15 00:00:00,2004.4,2005.7,2002.3,2005.0
2024-02-15 04:00:00,2004.8,2006.2,2003.8,2004.8
2024-02-15 08:00:00,2004.8,2005.2,2001.8,2005.0
2024-02-15 12:00:00,2004.9,2009.5,2003.9,2007.3
2024-02-15 16:00:00,2007.4,2020.2,2007.1,2015.5
2024-02-15 20:00:00,2015.4,2019.9,2009.9,2016.2
2024-02-16 00:00:00,2016.1,2018.1,2015.2,2016.1
2024-02-16 04:00:00,2016.1,2017.5,2013.9,2016.3
2024-02-16 08:00:00,2016.3,2016.6,2014.4,2015.4
2024-02-16 12:00:00,2015.4,2019.0,2015.1,2018.7
2024-02-16 16:00:00,2018.7,2020.1,2006.6,2009.5
2024-02-16 20:00:00,2009.8,2027.2,2008.7,2025.6
2024-02-17 00:00:00,2025.6,2026.9,2022.9,2025.5
2024-02-19 04:00:00,2027.7,2034.3,2023.9,2033.7
2024-02-19 08:00:00,2033.7,2034.1,2029.6,2032.9
2024-02-19 12:00:00,2032.8,2034.3,2029.6,2030.4
2024-02-19 16:00:00,2030.3,2031.1,2027.2,2028.7
2024-02-19 20:00:00,2028.8,2030.1,2024.1,2029.1
2024-02-20 00:00:00,2029.1,2030.0,2029.1,2029.4
2024-02-20 04:00:00,2029.4,2030.3,2026.2,2028.6
2024-02-20 08:00:00,2028.6,2031.8,2028.0,2030.3
2024-02-20 12:00:00,2030.4,2039.2,2029.7,2037.4
2024-02-20 16:00:00,2037.4,2042.7,2036.3,2039.6
2024-02-20 20:00:00,2039.7,2041.6,2037.1,2038.6
2024-02-21 00:00:00,2038.6,2039.1,2034.9,2036.0
2024-02-21 04:00:00,2036.2,2040.3,2034.2,2039.0
2024-02-21 08:00:00,2038.9,2043.5,2038.9,2040.8
2024-02-21 12:00:00,2040.7,2041.4,2036.9,2041.1
2024-02-21 16:00:00,2041.1,2042.5,2038.0,2038.6
2024-02-21 20:00:00,2038.5,2041.4,2032.1,2032.5
2024-02-22 00:00:00,2032.7,2037.8,2030.9,2036.8
2024-02-22 04:00:00,2036.5,2038.3,2035.0,2037.7
2024-02-22 08:00:00,2037.6,2040.8,2035.2,2039.3
2024-02-22 12:00:00,2039.4,2045.5,2038.5,2039.4
2024-02-22 16:00:00,2039.4,2040.0,2031.7,2034.9
2024-02-22 20:00:00,2034.8,2035.4,2029.3,2032.7
2024-02-23 00:00:00,2032.7,2034.9,2032.1,2034.3
2024-02-23 04:00:00,2034.1,2036.8,2032.3,2033.8
2024-02-23 08:00:00,2033.7,2035.9,2027.5,2030.2
2024-02-23 12:00:00,2030.2,2032.6,2025.4,2032.4
2024-02-23 16:00:00,2032.3,2039.1,2031.6,2037.1
2024-02-23 20:00:00,2037.1,2053.2,2035.3,2050.6
2024-02-24 00:00:00,2050.5,2050.6,2045.2,2045.8
2024-02-26 04:00:00,2044.2,2044.9,2039.6,2040.6
2024-02-26 08:00:00,2040.5,2043.8,2040.4,2042.3
2024-02-26 12:00:00,2042.2,2046.8,2041.1,2041.6
2024-02-26 16:00:00,2041.6,2044.2,2034.8,2037.0
2024-02-26 20:00:00,2037.0,2039.5,2034.1,2038.8
2024-02-27 00:00:00,2038.8,2043.5,2038.2,2040.9
2024-02-27 04:00:00,2041.2,2043.7,2040.3,2042.0
2024-02-27 08:00:00,2042.0,2044.3,2041.4,2042.8
2024-02-27 12:00:00,2042.8,2049.1,2042.6,2045.8
2024-02-27 16:00:00,2045.9,2048.5,2043.0,2044.4
2024-02-27 20:00:00,2044.4,2047.3,2039.1,2041.8
2024-02-28 00:00:00,2041.9,2042.0,2038.1,2039.4
2024-02-28 04:00:00,2039.7,2042.5,2037.9,2039.8
2024-02-28 08:00:00,2039.8,2040.9,2037.4,2038.1
2024-02-28 12:00:00,2038.2,2038.2,2033.4,2036.4
2024-02-28 16:00:00,2036.3,2047.4,2035.6,2041.0
2024-02-28 20:00:00,2040.9,2045.0,2039.6,2040.9
2024-02-29 00:00:00,2040.8,2044.6,2040.1,2043.5
2024-02-29 04:00:00,2043.8,2045.5,2042.1,2044.8
2024-02-29 08:00:00,2044.8,2045.4,2042.6,2045.2
2024-02-29 12:00:00,2045.1,2046.2,2038.6,2038.9
2024-02-29 16:00:00,2038.8,2059.0,2036.0,2056.2
2024-02-29 20:00:00,2056.4,2059.4,2051.8,2054.9
2024-03-01 00:00:00,2054.9,2055.5,2051.4,2052.8
2024-03-01 04:00:00,2052.8,2054.4,2051.1,2053.8
2024-03-01 08:00:00,2053.9,2056.3,2051.7,2055.1
2024-03-01 12:00:00,2055.0,2063.9,2047.0,2063.3
2024-03-01 16:00:00,2063.4,2066.1,2051.0,2054.7
2024-03-01 20:00:00,2054.7,2097.1,2054.7,2094.5
2024-03-02 00:00:00,2094.6,2095.6,2091.5,2091.6
2024-03-04 04:00:00,2091.6,2095.1,2088.1,2090.1
2024-03-04 08:00:00,2090.1,2092.4,2088.9,2092.1
2024-03-04 12:00:00,2092.1,2097.0,2090.8,2092.1
2024-03-04 16:00:00,2092.2,2110.1,2089.6,2109.4
2024-03-04 20:00:00,2109.3,2128.4,2106.0,2124.0
2024-03-05 00:00:00,2124.0,2127.1,2122.0,2123.1
2024-03-05 04:00:00,2123.3,2125.1,2118.5,2120.2
2024-03-05 08:00:00,2120.1,2128.0,2119.2,2125.4
2024-03-05 12:00:00,2125.4,2135.8,2122.2,2132.0
2024-03-05 16:00:00,2132.0,2150.5,2129.2,2136.6
2024-03-05 20:00:00,2136.9,2148.2,2132.0,2139.1
2024-03-06 00:00:00,2139.2,2143.8,2135.5,2136.4
2024-03-06 04:00:00,2136.4,2136.7,2132.1,2134.7
2024-03-06 08:00:00,2134.6,2136.0,2131.9,2135.5
2024-03-06 12:00:00,2135.5,2139.6,2132.3,2133.8
2024-03-06 16:00:00,2133.8,2157.5,2133.8,2153.0
2024-03-06 20:00:00,2153.1,2160.7,2140.3,2155.5
2024-03-07 00:00:00,2155.7,2157.4,2147.8,2156.5
2024-03-07 04:00:00,2156.7,2159.7,2151.7,2158.4
2024-03-07 08:00:00,2158.3,2169.0,2157.2,2162.7
2024-03-07 12:00:00,2162.8,2167.1,2159.7,2164.9
2024-03-07 16:00:00,2165.0,2172.2,2155.2,2161.4
2024-03-07 20:00:00,2161.2,2166.7,2156.4,2164.5
2024-03-08 00:00:00,2164.5,2168.3,2163.5,2167.4
2024-03-08 04:00:00,2166.6,2170.7,2162.2,2162.5
2024-03-08 08:00:00,2162.6,2169.0,2161.2,2168.1
2024-03-08 12:00:00,2168.0,2178.0,2166.1,2175.5
2024-03-08 16:00:00,2175.4,2192.7,2163.2,2177.9
2024-03-08 20:00:00,2177.9,2203.0,2174.7,2181.2
2024-03-09 00:00:00,2181.2,2186.2,2175.3,2186.2
2024-03-11 04:00:00,2187.6,2195.5,2184.0,2186.8
2024-03-11 08:00:00,2186.8,2188.2,2183.2,2184.6
2024-03-11 12:00:00,2184.6,2189.6,2182.1,2186.9
2024-03-11 16:00:00,2186.8,2191.6,2180.9,2188.2
2024-03-11 20:00:00,2188.2,2192.2,2181.9,2186.0
2024-03-12 00:00:00,2186.1,2190.4,2183.4,2189.0
2024-03-12 04:00:00,2189.1,2190.8,2186.0,2188.8
2024-03-12 08:00:00,2188.9,2188.9,2180.2,2182.2
2024-03-12 12:00:00,2182.2,2185.1,2179.2,2183.0
2024-03-12 16:00:00,2183.0,2187.8,2161.9,2166.0
2024-03-12 20:00:00,2166.1,2172.2,2158.2,2160.5
2024-03-13 00:00:00,2160.5,2164.5,2156.2,2163.9
2024-03-13 04:00:00,2163.6,2166.6,2161.3,2163.8
2024-03-13 08:00:00,2163.7,2166.7,2162.3,2165.4
2024-03-13 12:00:00,2165.3,2166.9,2162.8,2163.9
2024-03-13 16:00:00,2163.8,2176.9,2163.4,2171.5
2024-03-13 20:00:00,2171.6,2185.6,2169.0,2179.9
2024-03-14 00:00:00,2180.0,2182.0,2177.0,2179.4
2024-03-14 04:00:00,2179.5,2181.3,2177.4,2179.0
2024-03-14 08:00:00,2179.0,2179.7,2172.9,2173.1
2024-03-14 12:00:00,2173.2,2176.3,2171.6,2174.4
2024-03-14 16:00:00,2174.5,2175.4,2162.8,2166.9
2024-03-14 20:00:00,2166.8,2169.5,2157.0,2164.5
2024-03-15 00:00:00,2164.7,2168.3,2164.5,2166.5
2024-03-15 04:00:00,2166.2,2170.0,2164.4,2166.7
2024-03-15 08:00:00,2166.6,2173.4,2165.6,2173.3
2024-03-15 12:00:00,2173.4,2176.9,2169.4,2175.9
2024-03-15 16:00:00,2176.0,2176.7,2160.4,2164.0
2024-03-15 20:00:00,2164.3,2170.7,2158.8,2160.4
2024-03-16 00:00:00,2160.5,2163.9,2158.7,2159.4
2024-03-18 04:00:00,2159.9,2160.8,2153.3,2155.6
2024-03-18 08:00:00,2155.6,2156.7,2149.2,2150.5
2024-03-18 12:00:00,2150.5,2159.3,2150.1,2158.4
2024-03-18 16:00:00,2158.4,2167.2,2158.1,2160.2
2024-03-18 20:00:00,2160.2,2164.8,2158.0,2163.6
2024-03-19 00:00:00,2163.6,2164.7,2162.8,2163.9
2024-03-19 04:00:00,2164.0,2166.3,2161.8,2163.6
2024-03-19 08:00:00,2163.7,2166.0,2160.1,2160.7
2024-03-19 12:00:00,2160.8,2160.8,2150.2,2156.3
2024-03-19 16:00:00,2156.3,2162.0,2153.2,2154.3
2024-03-19 20:00:00,2154.3,2160.6,2151.3,2160.2
2024-03-20 00:00:00,2160.3,2161.9,2158.8,2160.9
2024-03-20 04:00:00,2161.4,2163.0,2158.2,2161.9
2024-03-20 08:00:00,2161.8,2163.3,2159.5,2160.4
2024-03-20 12:00:00,2160.3,2162.4,2155.6,2157.5
2024-03-20 16:00:00,2157.4,2161.7,2152.3,2160.9
2024-03-20 20:00:00,2161.0,2168.2,2157.6,2160.4
2024-03-21 00:00:00,2160.3,2192.2,2160.0,2189.6
2024-03-21 04:00:00,2190.2,2225.3,2190.0,2207.2
2024-03-21 08:00:00,2207.1,2208.8,2204.0,2207.2
2024-03-21 12:00:00,2207.2,2212.4,2198.7,2207.8
2024-03-21 16:00:00,2207.7,2214.1,2193.7,2194.1
2024-03-21 20:00:00,2193.9,2194.1,2168.2,2183.0
2024-03-22 00:00:00,2183.1,2186.3,2182.4,2183.3
2024-03-22 04:00:00,2183.4,2188.0,2174.5,2175.4
2024-03-22 08:00:00,2175.4,2179.0,2173.5,2175.5
2024-03-22 12:00:00,2175.6,2177.6,2163.8,2168.0
2024-03-22 16:00:00,2168.1,2181.8,2166.4,2179.7
2024-03-22 20:00:00,2179.7,2181.5,2158.4,2160.6
2024-03-23 00:00:00,2160.7,2168.6,2160.2,2166.5
2024-03-25 04:00:00,2166.6,2177.9,2165.0,2176.3
2024-03-25 08:00:00,2176.3,2179.5,2168.7,2170.8
2024-03-25 12:00:00,2170.9,2171.5,2164.4,2169.5
2024-03-25 16:00:00,2169.6,2182.5,2168.7,2178.3
2024-03-25 20:00:00,2178.4,2181.5,2175.2,2175.8
2024-03-26 00:00:00,2175.7,2175.7,2171.8,2173.0
2024-03-26 04:00:00,2173.0,2175.0,2168.3,2170.0
2024-03-26 08:00:00,2170.0,2173.8,2169.8,2173.3
2024-03-26 12:00:00,2173.2,2195.6,2169.9,2191.4
2024-03-26 16:00:00,2191.4,2200.6,2178.8,2183.5
2024-03-26 20:00:00,2183.3,2186.6,2172.2,2177.0
2024-03-27 00:00:00,2177.0,2179.8,2175.3,2179.5
2024-03-27 04:00:00,2200.5,2201.1,2193.7,2195.6
2024-03-27 08:00:00,2195.5,2202.3,2195.1,2197.4
2024-03-27 12:00:00,2197.3,2214.5,2196.8,2209.6
2024-03-27 16:00:00,2209.5,2218.3,2204.0,2214.2
2024-03-27 20:00:00,2214.2,2216.1,2208.3,2211.0
2024-03-28 00:00:00,2211.0,2215.9,2209.7,2215.4
2024-03-28 04:00:00,2215.7,2215.9,2207.5,2209.5
2024-03-28 08:00:00,2209.6,2222.2,2209.3,2217.8
2024-03-28 12:00:00,2217.7,2219.4,2211.2,2218.4
2024-03-28 16:00:00,2218.5,2238.7,2217.7,2227.0
2024-03-28 20:00:00,2227.3,2246.8,2223.9,2242.9
2024-03-29 00:00:00,2242.7,2256.9,2238.7,2254.8
2024-04-01 04:00:00,2259.2,2280.0,2255.5,2276.3
2024-04-01 08:00:00,2276.4,2286.4,2275.4,2282.4
2024-04-01 12:00:00,2282.3,2284.0,2269.5,2272.3
2024-04-01 16:00:00,2272.3,2279.0,2259.8,2267.6
2024-04-01 20:00:00,2267.4,2267.4,2249.1,2259.7
2024-04-02 00:00:00,2259.8,2273.1,2258.6,2272.5
2024-04-02 04:00:00,2272.7,2276.0,2267.1,2269.2
2024-04-02 08:00:00,2269.1,2280.1,2268.0,2274.1
2024-04-02 12:00:00,2274.1,2287.5,2272.9,2281.3
2024-04-02 16:00:00,2281.2,2287.9,2273.6,2285.9
2024-04-02 20:00:00,2285.9,2297.9,2271.1,2286.7
2024-04-03 00:00:00,2286.7,2301.9,2286.2,2301.0
2024-04-03 04:00:00,2301.7,2308.8,2296.8,2302.9
2024-04-03 08:00:00,2302.9,2308.3,2301.0,2306.2
2024-04-03 12:00:00,2306.1,2306.2,2287.7,2292.2
2024-04-03 16:00:00,2292.1,2299.5,2285.7,2295.8
2024-04-03 20:00:00,2295.8,2316.3,2294.5,2315.6
2024-04-04 00:00:00,2315.6,2321.8,2314.5,2320.9
2024-04-04 04:00:00,2321.0,2324.8,2316.2,2320.7
2024-04-04 08:00:00,2320.7,2321.8,2314.5,2314.9
2024-04-04 12:00:00,2314.8,2317.5,2310.0,2312.5
2024-04-04 16:00:00,2312.6,2314.6,2301.8,2306.7
2024-04-04 20:00:00,2306.7,2318.9,2305.6,2313.2
2024-04-05 00:00:00,2313.2,2325.3,2298.7,2310.4
2024-04-05 04:00:00,2309.5,2312.3,2286.2,2290.5
2024-04-05 08:00:00,2290.5,2301.0,2289.6,2298.4
2024-04-05 12:00:00,2298.5,2312.6,2295.4,2310.1
2024-04-05 16:00:00,2310.1,2323.0,2299.6,2319.0
2024-04-05 20:00:00,2319.0,2350.0,2315.0,2345.8
2024-04-06 00:00:00,2345.9,2349.7,2339.7,2349.1
2024-04-08 04:00:00,2343.6,2348.1,2321.7,2343.3
2024-04-08 08:00:00,2343.3,2372.5,2340.5,2353.3
2024-04-08 12:00:00,2353.2,2360.3,2350.4,2356.5
2024-04-08 16:00:00,2356.4,2362.6,2341.3,2346.4
2024-04-08 20:00:00,2346.5,2358.2,2336.8,2356.8
2024-04-09 00:00:00,2357.1,2361.3,2356.0,2358.4
2024-04-09 04:00:00,2358.1,2367.5,2355.7,2358.4
2024-04-09 08:00:00,2358.5,2366.5,2356.9,2363.6
2024-04-09 12:00:00,2363.6,2384.5,2361.5,2382.1
2024-04-09 16:00:00,2382.2,2383.2,2364.1,2374.2
2024-04-09 20:00:00,2374.1,2383.1,2357.0,2365.8
2024-04-10 00:00:00,2365.8,2373.1,2363.8,2372.0
2024-04-10 04:00:00,2372.4,2374.3,2362.9,2367.4
2024-04-10 08:00:00,2367.3,2378.1,2366.9,2375.4
2024-04-10 12:00:00,2375.5,2378.0,2363.0,2365.9
2024-04-10 16:00:00,2365.8,2369.4,2337.1,2352.4
2024-04-10 20:00:00,2352.3,2371.0,2343.9,2356.1
2024-04-11 00:00:00,2356.1,2359.4,2344.2,2352.4
2024-04-11 04:00:00,2351.7,2359.5,2350.6,2357.9
2024-04-11 08:00:00,2357.9,2364.1,2356.0,2359.0
2024-04-11 12:00:00,2359.0,2359.4,2343.1,2348.3
2024-04-11 16:00:00,2348.2,2365.2,2348.2,2360.9
2024-04-11 20:00:00,2360.9,2375.0,2349.4,2374.0
2024-04-12 00:00:00,2374.0,2395.6,2373.4,2390.6
2024-04-12 04:00:00,2389.4,2408.8,2388.6,2407.9
2024-04-12 08:00:00,2408.2,2412.8,2400.0,2404.7
2024-04-12 12:00:00,2404.6,2418.2,2401.8,2415.4
2024-04-12 16:00:00,2415.4,2424.3,2407.5,2422.2
2024-04-12 20:00:00,2422.2,2448.8,2363.0,2372.0
2024-04-13 00:00:00,2371.9,2373.6,2350.6,2360.2
2024-04-15 04:00:00,2369.4,2389.6,2363.0,2371.8
2024-04-15 08:00:00,2371.8,2381.0,2368.3,2377.3
2024-04-15 12:00:00,2377.3,2377.7,2360.6,2366.1
2024-04-15 16:00:00,2366.2,2378.2,2359.6,2365.2
2024-04-15 20:00:00,2365.1,2387.3,2340.2,2382.2
2024-04-16 00:00:00,2382.3,2404.3,2380.4,2399.3
2024-04-16 04:00:00,2399.1,2408.5,2395.6,2400.2
2024-04-16 08:00:00,2400.3,2405.9,2396.0,2402.5
2024-04-16 12:00:00,2402.5,2404.3,2379.2,2388.3
2024-04-16 16:00:00,2388.5,2395.6,2381.7,2382.7
2024-04-16 20:00:00,2382.6,2414.8,2379.6,2401.4
2024-04-17 00:00:00,2401.3,2413.1,2395.2,2399.5
2024-04-17 04:00:00,2398.0,2403.3,2396.9,2400.8
2024-04-17 08:00:00,2400.9,2402.3,2390.1,2393.8
2024-04-17 12:00:00,2393.9,2410.6,2389.0,2408.3
2024-04-17 16:00:00,2408.4,2411.5,2394.1,2409.7
2024-04-17 20:00:00,2409.6,2412.0,2376.5,2388.0
2024-04-18 00:00:00,2388.0,2395.0,2370.7,2376.6
2024-04-18 04:00:00,2377.9,2387.0,2377.2,2382.1
2024-04-18 08:00:00,2382.1,2392.0,2381.4,2391.6
2024-04-18 12:00:00,2391.6,2395.8,2389.2,2394.4
2024-04-18 16:00:00,2394.2,2408.0,2390.5,2394.8
2024-04-18 20:00:00,2394.7,2404.5,2384.3,2399.9
2024-04-19 00:00:00,2399.9,2400.4,2392.0,2394.4
2024-04-19 04:00:00,2394.0,2433.3,2388.5,2424.9
2024-04-19 08:00:00,2424.8,2430.2,2393.7,2395.8
2024-04-19 12:00:00,2395.9,2408.8,2392.5,2395.7
2024-04-19 16:00:00,2395.7,2401.7,2386.8,2393.4
2024-04-19 20:00:00,2393.3,2417.1,2393.2,2408.6
2024-04-20 00:00:00,2408.7,2413.2,2401.5,2406.7
2024-04-22 04:00:00,2403.7,2404.3,2390.4,2392.3
2024-04-22 08:00:00,2392.4,2392.4,2374.0,2379.2
2024-04-22 12:00:00,2379.1,2380.7,2365.2,2375.1
2024-04-22 16:00:00,2375.2,2375.4,2344.7,2352.5
2024-04-22 20:00:00,2352.5,2358.0,2342.8,2344.0
2024-04-23 00:00:00,2344.1,2345.7,2338.2,2341.1
2024-04-23 04:00:00,2342.3,2347.9,2308.7,2312.1
2024-04-23 08:00:00,2312.2,2328.4,2311.6,2321.8
2024-04-23 12:00:00,2321.6,2324.8,2304.6,2309.0
2024-04-23 16:00:00,2309.1,2344.5,2308.8,2342.9
2024-04-23 20:00:00,2342.9,2345.8,2327.8,2340.2
2024-04-24 00:00:00,2340.1,2343.6,2334.9,2335.7
2024-04-24 04:00:00,2335.7,2337.9,2329.5,2331.7
2024-04-24 08:00:00,2331.6,2343.6,2328.9,2341.8
2024-04-24 12:00:00,2341.9,2344.4,2324.8,2328.2
2024-04-24 16:00:00,2328.1,2339.5,2325.1,2334.6
2024-04-24 20:00:00,2334.5,2350.9,2330.1,2337.7
2024-04-25 00:00:00,2337.7,2337.9,2326.7,2328.9
2024-04-25 04:00:00,2327.4,2332.5,2327.2,2330.8
2024-04-25 08:00:00,2330.8,2333.9,2316.4,2331.3
2024-04-25 12:00:00,2331.4,2341.3,2329.5,2337.2
2024-04-25 16:00:00,2337.3,2347.4,2323.8,2331.1
2024-04-25 20:00:00,2331.3,2357.6,2329.2,2344.5
2024-04-26 00:00:00,2344.6,2348.8,2342.9,2344.6
2024-04-26 04:00:00,2344.2,2348.0,2338.0,2344.3
2024-04-26 08:00:00,2344.1,2351.5,2343.2,2349.9
2024-04-26 12:00:00,2349.9,2364.4,2349.4,2361.2
2024-04-26 16:00:00,2361.3,2363.9,2348.5,2353.1
2024-04-26 20:00:00,2353.0,2357.2,2340.2,2350.2
2024-04-27 00:00:00,2350.2,2353.2,2347.8,2349.6
2024-04-29 04:00:00,2347.6,2349.0,2331.0,2342.4
2024-04-29 08:00:00,2342.2,2347.7,2334.9,2341.6
2024-04-29 12:00:00,2341.7,2356.0,2338.8,2354.7
2024-04-29 16:00:00,2354.9,2355.8,2336.8,2345.2
2024-04-29 20:00:00,2345.4,2358.9,2344.1,2353.8
2024-04-30 00:00:00,2353.9,2355.6,2344.6,2347.5
2024-04-30 04:00:00,2347.0,2347.6,2343.1,2345.2
2024-04-30 08:00:00,2345.3,2345.6,2332.5,2333.8
2024-04-30 12:00:00,2333.9,2334.5,2321.4,2325.8
2024-04-30 16:00:00,2325.8,2329.0,2313.1,2318.6
2024-04-30 20:00:00,2318.6,2321.6,2302.1,2306.8
2024-05-01 00:00:00,2306.9,2308.5,2296.2,2297.3
2024-05-01 04:00:00,2298.2,2304.0,2295.8,2298.4
2024-05-01 08:00:00,2298.3,2299.1,2291.7,2298.0
2024-05-01 12:00:00,2298.1,2304.0,2293.8,2302.7
2024-05-01 16:00:00,2302.6,2314.3,2299.6,2314.0
2024-05-01 20:00:00,2314.0,2321.5,2308.0,2310.4
2024-05-02 00:00:00,2310.4,2339.5,2305.8,2330.2
2024-05-02 04:00:00,2329.9,2336.1,2328.2,2333.7
2024-05-02 08:00:00,2333.6,2335.3,2322.2,2324.3
2024-05-02 12:00:00,2324.3,2328.7,2308.1,2311.2
2024-05-02 16:00:00,2311.1,2314.6,2294.3,2300.5
2024-05-02 20:00:00,2301.0,2317.9,2297.0,2317.4
2024-05-03 00:00:00,2317.4,2318.7,2310.1,2313.4
2024-05-03 04:00:00,2313.5,2315.6,2309.1,2311.7
2024-05-03 08:00:00,2311.5,2317.6,2308.6,2314.9
2024-05-03 12:00:00,2314.8,2315.4,2306.4,2310.2
2024-05-03 16:00:00,2310.2,2330.7,2285.2,2298.2
2024-05-03 20:00:00,2299.6,2312.7,2291.5,2310.8
2024-05-04 00:00:00,2311.0,2312.3,2304.7,2310.1
2024-05-06 04:00:00,2312.8,2318.2,2300.6,2317.4
2024-05-06 08:00:00,2317.4,2324.5,2316.4,2322.2
2024-05-06 12:00:00,2322.2,2333.1,2320.5,2330.0
2024-05-06 16:00:00,2330.1,2341.9,2322.9,2336.7
2024-05-06 20:00:00,2336.8,2339.4,2326.3,2333.6
2024-05-07 00:00:00,2333.6,2337.4,2332.2,2332.9
2024-05-07 04:00:00,2334.8,2338.7,2330.9,2331.5
2024-05-07 08:00:00,2331.4,2333.5,2328.2,2329.7
2024-05-07 12:00:00,2329.6,2330.9,2320.0,2322.2
2024-05-07 16:00:00,2322.1,2332.5,2318.2,2326.9
2024-05-07 20:00:00,2327.0,2331.1,2319.3,2322.3
2024-05-08 00:00:00,2322.3,2323.9,2320.0,2322.5
2024-05-08 04:00:00,2322.0,2325.2,2314.1,2315.5
2024-05-08 08:00:00,2315.3,2329.6,2315.0,2325.7
2024-05-08 12:00:00,2325.7,2326.9,2311.4,2318.7
2024-05-08 16:00:00,2318.7,2327.1,2314.2,2317.7
2024-05-08 20:00:00,2317.5,2329.0,2316.7,2321.7
2024-05-09 00:00:00,2321.5,2321.6,2315.5,2316.1
2024-05-09 04:00:00,2316.5,2319.2,2314.6,2316.7
2024-05-09 08:00:00,2316.6,2326.5,2314.6,2323.3
2024-05-09 12:00:00,2323.2,2323.8,2312.9,2314.4
2024-05-09 16:00:00,2314.2,2336.6,2314.0,2331.2
2024-05-09 20:00:00,2331.1,2345.8,2330.2,2341.7
2024-05-10 00:00:00,2341.5,2354.2,2340.7,2353.1
2024-05-10 04:00:00,2353.5,2362.8,2352.0,2357.1
2024-05-10 08:00:00,2357.0,2365.9,2353.9,2364.0
2024-05-10 12:00:00,2364.0,2382.9,2362.9,2379.4
2024-05-10 16:00:00,2379.3,2385.3,2366.6,2374.5
2024-05-10 20:00:00,2373.9,2380.0,2363.1,2376.3
2024-05-11 00:00:00,2376.4,2377.7,2366.2,2366.9
2024-05-13 04:00:00,2369.1,2370.8,2361.1,2365.5
2024-05-13 08:00:00,2365.6,2366.1,2357.2,2358.8
2024-05-13 12:00:00,2358.8,2360.7,2345.0,2346.1
2024-05-13 16:00:00,2346.1,2356.3,2344.1,2350.1
2024-05-13 20:00:00,2350.0,2352.5,2337.6,2341.9
2024-05-14 00:00:00,2342.2,2344.6,2341.3,2342.3
2024-05-14 04:00:00,2342.3,2347.5,2340.5,2347.4
2024-05-14 08:00:00,2347.5,2351.5,2345.5,2350.1
2024-05-14 12:00:00,2350.0,2354.0,2341.6,2351.5
2024-05-14 16:00:00,2351.6,2361.1,2342.0,2359.6
2024-05-14 20:00:00,2359.5,2362.9,2351.6,2361.6
2024-05-15 00:00:00,2361.6,2365.2,2360.7,2363.5
2024-05-15 04:00:00,2362.9,2364.8,2360.3,2362.8
2024-05-15 08:00:00,2363.0,2366.8,2361.0,2363.9
2024-05-15 12:00:00,2363.9,2380.2,2362.1,2374.9
2024-05-15 16:00:00,2375.0,2386.4,2357.1,2363.5
2024-05-15 20:00:00,2363.4,2396.1,2358.8,2395.0
2024-05-16 00:00:00,2395.0,2395.2,2389.3,2391.8
2024-05-16 04:00:00,2391.5,2402.7,2390.1,2396.4
2024-05-16 08:00:00,2396.4,2398.8,2391.2,2394.5
2024-05-16 12:00:00,2394.6,2396.0,2388.2,2389.9
2024-05-16 16:00:00,2390.1,2391.1,2376.0,2379.4
2024-05-16 20:00:00,2379.4,2388.3,2375.2,2386.0
2024-05-17 00:00:00,2386.1,2386.5,2380.4,2380.8
2024-05-17 04:00:00,2381.4,2384.2,2380.2,2382.2
2024-05-17 08:00:00,2382.5,2386.8,2377.8,2385.5
2024-05-17 12:00:00,2385.4,2392.2,2385.0,2386.8
2024-05-17 16:00:00,2386.6,2409.8,2386.0,2406.1
2024-05-17 20:00:00,2406.0,2423.7,2403.2,2418.9
2024-05-18 00:00:00,2418.9,2427.4,2416.2,2419.8
2024-05-20 04:00:00,2422.2,2445.0,2421.0,2438.8
2024-05-20 08:00:00,2439.0,2454.2,2432.7,2453.5
2024-05-20 12:00:00,2453.6,2453.7,2435.8,2446.1
2024-05-20 16:00:00,2446.1,2447.6,2411.1,2424.2
2024-05-20 20:00:00,2424.2,2441.0,2418.7,2439.6
2024-05-21 00:00:00,2439.7,2441.5,2427.6,2430.3
2024-05-21 04:00:00,2431.5,2436.9,2423.1,2424.2
2024-05-21 08:00:00,2424.1,2426.3,2408.5,2419.9
2024-05-21 12:00:00,2419.8,2425.9,2412.1,2419.9
2024-05-21 16:00:00,2419.8,2435.6,2417.7,2431.7
2024-05-21 20:00:00,2431.7,2438.2,2421.8,2424.0
2024-05-22 00:00:00,2423.9,2429.2,2421.3,2425.2
2024-05-22 04:00:00,2425.4,2427.6,2422.8,2425.6
2024-05-22 08:00:00,2425.5,2430.5,2414.6,2420.6
2024-05-22 12:00:00,2420.7,2422.1,2414.0,2421.0
2024-05-22 16:00:00,2420.9,2422.9,2408.0,2415.2
2024-05-22 20:00:00,2415.0,2415.0,2385.3,2391.6
2024-05-23 00:00:00,2391.6,2393.9,2378.0,2382.3
2024-05-23 04:00:00,2383.0,2385.7,2368.4,2375.0
2024-05-23 08:00:00,2374.8,2377.6,2360.2,2362.0
2024-05-23 12:00:00,2362.2,2369.3,2356.8,2366.1
2024-05-23 16:00:00,2366.2,2372.2,2352.1,2360.6
2024-05-23 20:00:00,2360.3,2365.8,2332.4,2333.7
2024-05-24 00:00:00,2333.7,2338.0,2328.1,2330.6
2024-05-24 04:00:00,2330.4,2336.5,2327.6,2335.2
2024-05-24 08:00:00,2335.1,2340.2,2326.3,2339.7
2024-05-24 12:00:00,2339.6,2344.5,2336.4,2338.8
2024-05-24 16:00:00,2338.7,2349.0,2335.8,2338.4
2024-05-24 20:00:00,2338.4,2344.5,2332.8,2333.8
2024-05-25 00:00:00,2333.9,2337.9,2332.8,2335.2
2024-05-27 04:00:00,2338.0,2342.2,2333.8,2341.2
2024-05-27 08:00:00,2341.2,2348.9,2340.2,2344.5
2024-05-27 12:00:00,2344.6,2347.3,2339.2,2344.4
2024-05-27 16:00:00,2344.5,2358.5,2343.6,2356.3
2024-05-27 20:00:00,2356.4,2360.0,2353.5,2356.4
2024-05-28 00:00:00,2356.5,2356.5,2352.0,2352.5
2024-05-28 04:00:00,2353.5,2357.1,2350.1,2355.4
2024-05-28 08:00:00,2355.5,2356.5,2350.5,2351.3
2024-05-28 12:00:00,2351.2,2351.3,2340.8,2344.6
2024-05-28 16:00:00,2344.6,2365.5,2344.0,2355.7
2024-05-28 20:00:00,2355.6,2363.0,2348.6,2357.6
2024-05-29 00:00:00,2357.5,2362.5,2353.5,2362.4
2024-05-29 04:00:00,2362.5,2363.7,2356.3,2357.1
2024-05-29 08:00:00,2357.0,2361.8,2355.0,2357.0
2024-05-29 12:00:00,2356.7,2356.9,2341.1,2346.2
2024-05-29 16:00:00,2346.1,2347.8,2334.2,2346.1
2024-05-29 20:00:00,2346.1,2346.8,2335.8,2343.3
2024-05-30 00:00:00,2343.3,2343.9,2335.1,2336.9
2024-05-30 04:00:00,2361.0,2361.7,2354.1,2355.7
2024-05-30 08:00:00,2355.5,2358.2,2343.3,2346.0
2024-05-30 12:00:00,2346.0,2359.5,2345.1,2354.4
2024-05-30 16:00:00,2354.5,2370.3,2352.0,2370.3
2024-05-30 20:00:00,2370.4,2373.7,2362.2,2365.8
2024-05-31 00:00:00,2365.7,2365.9,2360.8,2364.5
2024-05-31 04:00:00,2364.5,2368.8,2363.1,2367.9
2024-05-31 08:00:00,2367.8,2369.0,2358.3,2363.5
2024-05-31 12:00:00,2363.4,2368.0,2360.7,2363.1
2024-05-31 16:00:00,2363.1,2381.2,2362.5,2369.6
2024-05-31 20:00:00,2369.7,2370.5,2344.6,2346.8
2024-06-01 00:00:00,2346.8,2351.2,2341.1,2347.7
2024-06-03 04:00:00,2348.0,2351.4,2343.5,2351.0
2024-06-03 08:00:00,2350.9,2351.3,2335.4,2340.4
2024-06-03 12:00:00,2340.4,2349.5,2334.8,2348.0
2024-06-03 16:00:00,2348.2,2357.5,2345.9,2354.1
2024-06-03 20:00:00,2354.3,2375.5,2354.3,2369.1
2024-06-04 00:00:00,2369.2,2371.5,2365.3,2371.4
2024-06-04 04:00:00,2371.3,2373.1,2363.5,2367.6
2024-06-04 08:00:00,2367.6,2370.4,2364.4,2367.9
2024-06-04 12:00:00,2367.6,2372.0,2346.6,2349.9
2024-06-04 16:00:00,2349.9,2358.4,2341.8,2344.1
2024-06-04 20:00:00,2344.2,2352.6,2335.1,2348.7
2024-06-05 00:00:00,2348.6,2349.6,2345.8,2346.4
2024-06-05 04:00:00,2347.1,2350.7,2345.3,2350.0
2024-06-05 08:00:00,2350.0,2361.7,2349.4,2357.2
2024-06-05 12:00:00,2357.2,2358.4,2347.8,2352.0
2024-06-05 16:00:00,2352.1,2366.1,2348.7,2365.2
2024-06-05 20:00:00,2365.3,2377.6,2353.8,2375.1
2024-06-06 00:00:00,2375.3,2377.0,2372.7,2375.3
2024-06-06 04:00:00,2375.3,2394.0,2373.4,2386.6
2024-06-06 08:00:00,2386.6,2394.6,2384.2,2386.9
2024-06-06 12:00:00,2386.9,2387.7,2377.4,2380.5
2024-06-06 16:00:00,2380.5,2386.3,2372.2,2379.3
2024-06-06 20:00:00,2379.4,2397.8,2377.0,2392.4
2024-06-07 00:00:00,2392.2,2395.3,2388.0,2395.2
2024-06-07 04:00:00,2395.7,2398.9,2389.2,2390.2
2024-06-07 08:00:00,2390.0,2406.7,2388.3,2394.8
2024-06-07 12:00:00,2394.6,2398.2,2355.7,2357.5
2024-06-07 16:00:00,2357.5,2357.8,2322.5,2327.2
2024-06-07 20:00:00,2327.3,2339.5,2320.2,2323.3
2024-06-08 00:00:00,2323.4,2325.1,2304.2,2311.1
2024-06-10 04:00:00,2311.0,2317.0,2305.9,2314.8
2024-06-10 08:00:00,2314.7,2318.3,2308.8,2312.6
2024-06-10 12:00:00,2312.7,2314.7,2304.5,2312.2
2024-06-10 16:00:00,2312.3,2326.3,2312.3,2323.1
2024-06-10 20:00:00,2322.9,2331.3,2318.4,2329.3
2024-06-11 00:00:00,2329.5,2329.8,2326.0,2328.0
2024-06-11 04:00:00,2329.5,2329.9,2318.8,2319.9
2024-06-11 08:00:00,2320.0,2321.6,2314.5,2316.3
2024-06-11 12:00:00,2316.5,2324.5,2315.5,2323.3
2024-06-11 16:00:00,2323.4,2337.3,2322.1,2331.9
2024-06-11 20:00:00,2331.8,2335.3,2322.7,2330.0
2024-06-12 00:00:00,2330.1,2334.1,2329.3,2333.9
2024-06-12 04:00:00,2334.0,2334.4,2327.8,2331.4
2024-06-12 08:00:00,2331.4,2333.3,2327.2,2331.7
2024-06-12 12:00:00,2331.6,2334.5,2327.6,2330.7
2024-06-12 16:00:00,2330.5,2358.8,2328.2,2346.7
2024-06-12 20:00:00,2346.7,2356.7,2337.1,2352.2
2024-06-13 00:00:00,2351.5,2352.2,2332.2,2340.7
2024-06-13 04:00:00,2340.9,2341.3,2323.8,2328.3
2024-06-13 08:00:00,2328.4,2331.9,2324.4,2327.1
2024-06-13 12:00:00,2327.0,2334.2,2326.6,2331.0
2024-06-13 16:00:00,2331.0,2342.4,2319.2,2326.1
2024-06-13 20:00:00,2326.0,2332.9,2310.9,2317.0
2024-06-14 00:00:00,2316.9,2320.5,2315.5,2319.7
2024-06-14 04:00:00,2319.6,2322.2,2316.7,2321.0
2024-06-14 08:00:00,2321.0,2326.6,2318.6,2324.8
2024-06-14 12:00:00,2324.7,2338.2,2322.2,2338.1
2024-06-14 16:00:00,2338.2,2352.3,2336.4,2345.9
2024-06-14 20:00:00,2345.8,2351.6,2339.6,2349.9
2024-06-15 00:00:00,2349.9,2351.1,2346.6,2348.4
2024-06-17 04:00:00,2348.5,2348.7,2337.1,2341.2
2024-06-17 08:00:00,2341.0,2341.2,2332.2,2333.1
2024-06-17 12:00:00,2333.0,2337.4,2330.1,2334.6
2024-06-17 16:00:00,2334.6,2341.3,2331.3,2335.8
2024-06-17 20:00:00,2335.7,2342.6,2324.3,2331.6
2024-06-18 00:00:00,2331.6,2335.6,2331.0,2333.6
2024-06-18 04:00:00,2333.7,2341.1,2333.7,2337.3
2024-06-18 08:00:00,2337.5,2340.5,2333.9,2336.7
2024-06-18 12:00:00,2336.7,2337.2,2324.6,2325.5
2024-06-18 16:00:00,2325.5,2342.4,2320.2,2341.4
2024-06-18 20:00:00,2341.3,2348.2,2333.3,2344.6
2024-06-19 00:00:00,2344.6,2346.4,2342.2,2344.2
2024-06-19 04:00:00,2344.2,2345.5,2341.1,2344.7
2024-06-19 08:00:00,2344.7,2346.3,2341.4,2344.0
2024-06-19 12:00:00,2344.0,2349.7,2342.3,2342.8
2024-06-19 16:00:00,2342.9,2347.3,2339.9,2342.8
2024-06-19 20:00:00,2342.8,2346.0,2338.5,2344.7
2024-06-20 00:00:00,2344.7,2344.7,2342.3,2342.7
2024-06-20 04:00:00,2342.9,2352.9,2341.3,2349.9
2024-06-20 08:00:00,2350.0,2358.8,2345.7,2354.1
2024-06-20 12:00:00,2354.0,2359.2,2345.2,2348.0
2024-06-20 16:00:00,2348.0,2363.3,2346.8,2363.1
2024-06-20 20:00:00,2363.2,2379.5,2362.7,2370.9
2024-06-21 00:00:00,2371.0,2374.6,2370.9,2373.6
2024-06-21 04:00:00,2373.8,2378.3,2370.6,2373.2
2024-06-21 08:00:00,2373.1,2379.3,2371.6,2378.2
2024-06-21 12:00:00,2378.1,2381.9,2368.6,2377.4
2024-06-21 16:00:00,2377.4,2382.6,2347.7,2353.6
2024-06-21 20:00:00,2353.5,2353.6,2329.5,2332.1
2024-06-22 00:00:00,2332.1,2336.3,2329.2,2334.7
2024-06-24 04:00:00,2333.5,2338.7,2329.5,2336.0
2024-06-24 08:00:00,2335.9,2339.7,2332.0,2337.5
2024-06-24 12:00:00,2337.5,2345.4,2332.9,2337.3
2024-06-24 16:00:00,2337.1,2346.5,2335.6,2340.7
2024-06-24 20:00:00,2340.5,2346.3,2339.3,2344.7
2024-06-25 00:00:00,2344.6,2347.5,2343.7,2347.2
2024-06-25 04:00:00,2346.8,2347.1,2335.6,2338.3
2024-06-25 08:00:00,2338.3,2342.3,2334.8,2337.0
2024-06-25 12:00:00,2337.0,2346.5,2335.1,2345.5
2024-06-25 16:00:00,2345.5,2349.7,2332.3,2338.0
2024-06-25 20:00:00,2337.9,2340.5,2327.1,2331.4
2024-06-26 00:00:00,2331.5,2332.7,2329.1,2331.7
2024-06-26 04:00:00,2331.8,2335.8,2322.0,2324.6
2024-06-26 08:00:00,2324.5,2333.1,2323.4,2323.7
2024-06-26 12:00:00,2323.6,2330.1,2321.3,2327.8
2024-06-26 16:00:00,2327.8,2329.8,2304.7,2307.6
2024-06-26 20:00:00,2307.5,2315.6,2306.6,2313.3
2024-06-27 00:00:00,2313.3,2313.5,2308.2,2309.8
2024-06-27 04:00:00,2309.4,2311.0,2307.2,2308.7
2024-06-27 08:00:00,2308.6,2311.8,2307.3,2308.0
2024-06-27 12:00:00,2308.0,2323.9,2306.8,2322.7
2024-06-27 16:00:00,2322.9,2337.7,2322.6,2334.1
2024-06-27 20:00:00,2334.0,2342.0,2333.4,2336.7
2024-06-28 00:00:00,2336.6,2339.4,2333.3,2338.7
2024-06-28 04:00:00,2338.6,2338.7,2329.7,2331.1
2024-06-28 08:00:00,2331.0,2337.8,2330.3,2336.5
2024-06-28 12:00:00,2336.4,2342.9,2335.4,2340.6
2024-06-28 16:00:00,2340.5,2350.6,2336.6,2341.1
2024-06-28 20:00:00,2340.8,2344.3,2333.2,2337.4
2024-06-29 00:00:00,2337.4,2339.0,2333.1,2336.9
2024-07-01 04:00:00,2336.2,2338.9,2332.3,2338.1
2024-07-01 08:00:00,2338.0,2338.0,2328.2,2331.6
2024-07-01 12:00:00,2331.6,2339.4,2331.0,2337.3
2024-07-01 16:00:00,2337.4,2348.8,2332.0,2336.9
2024-07-01 20:00:00,2337.1,2344.1,2329.1,2339.3
2024-07-02 00:00:00,2339.2,2342.4,2337.0,2341.9
2024-07-02 04:00:00,2341.6,2343.8,2340.4,2343.5
2024-07-02 08:00:00,2343.5,2343.8,2334.4,2339.2
2024-07-02 12:00:00,2339.2,2341.8,2332.4,2334.1
2024-07-02 16:00:00,2334.1,2346.1,2327.4,2343.7
2024-07-02 20:00:00,2343.9,2345.4,2329.7,2333.5
2024-07-03 00:00:00,2333.6,2340.4,2333.4,2338.6
2024-07-03 04:00:00,2338.6,2341.3,2337.5,2338.1
2024-07-03 08:00:00,2338.2,2344.8,2335.7,2342.4
2024-07-03 12:00:00,2342.4,2357.0,2342.2,2355.6
2024-07-03 16:00:00,2355.7,2368.1,2351.8,2365.0
2024-07-03 20:00:00,2365.4,2374.5,2363.2,2366.2
2024-07-04 00:00:00,2366.1,2367.5,2363.0,2365.4
2024-07-04 04:00:00,2365.8,2371.1,2364.3,2370.5
2024-07-04 08:00:00,2370.4,2370.7,2364.1,2365.4
2024-07-04 12:00:00,2365.3,2368.1,2359.0,2366.1
2024-07-04 16:00:00,2366.1,2368.8,2364.8,2368.0
2024-07-04 20:00:00,2367.9,2370.6,2363.6,2364.7
2024-07-05 00:00:00,2364.7,2365.6,2364.4,2365.3
2024-07-05 04:00:00,2365.1,2368.5,2362.2,2366.6
2024-07-05 08:00:00,2366.6,2373.5,2366.3,2373.0
2024-07-05 12:00:00,2372.9,2376.3,2370.0,2370.3
2024-07-05 16:00:00,2370.2,2393.6,2356.0,2391.4
2024-07-05 20:00:00,2391.4,2398.3,2382.6,2394.1
2024-07-06 00:00:00,2394.1,2401.5,2393.3,2399.8
2024-07-08 04:00:00,2396.2,2399.3,2392.1,2394.7
2024-07-08 08:00:00,2394.6,2395.4,2388.8,2390.7
2024-07-08 12:00:00,2390.8,2392.2,2376.1,2378.0
2024-07-08 16:00:00,2378.0,2385.2,2377.3,2383.2
2024-07-08 20:00:00,2383.1,2387.4,2358.3,2364.8
2024-07-09 00:00:00,2364.7,2367.4,2362.2,2366.4
2024-07-09 04:00:00,2366.5,2372.5,2365.8,2370.5
2024-07-09 08:00:00,2370.3,2375.5,2367.4,2371.5
2024-07-09 12:00:00,2371.5,2372.5,2365.1,2371.3
2024-07-09 16:00:00,2371.4,2375.2,2362.8,2374.5
2024-07-09 20:00:00,2374.4,2378.3,2356.0,2368.6
2024-07-10 00:00:00,2368.6,2372.4,2367.8,2371.1
2024-07-10 04:00:00,2371.0,2376.3,2369.7,2374.5
2024-07-10 08:00:00,2374.6,2376.8,2372.8,2374.8
2024-07-10 12:00:00,2374.9,2381.5,2373.5,2378.4
2024-07-10 16:00:00,2378.5,2393.4,2378.3,2390.0
2024-07-10 20:00:00,2389.9,2391.7,2376.9,2379.5
2024-07-11 00:00:00,2379.4,2380.2,2376.3,2377.9
2024-07-11 04:00:00,2377.4,2381.9,2376.8,2381.5
2024-07-11 08:00:00,2381.5,2388.2,2379.6,2387.7
2024-07-11 12:00:00,2387.6,2390.0,2383.6,2389.5
2024-07-11 16:00:00,2389.5,2418.7,2383.1,2412.2
2024-07-11 20:00:00,2412.1,2430.4,2409.8,2419.2
2024-07-12 00:00:00,2419.2,2424.3,2418.4,2420.9
2024-07-12 04:00:00,2421.0,2421.8,2412.5,2413.3
2024-07-12 08:00:00,2413.3,2416.4,2410.7,2413.3
2024-07-12 12:00:00,2413.2,2413.6,2405.5,2410.1
2024-07-12 16:00:00,2410.0,2410.8,2396.1,2408.6
2024-07-12 20:00:00,2408.4,2423.2,2408.4,2422.8
2024-07-13 00:00:00,2422.9,2423.0,2415.6,2416.0
2024-07-15 04:00:00,2419.3,2420.0,2409.6,2414.9
2024-07-15 08:00:00,2415.0,2418.7,2412.8,2412.8
2024-07-15 12:00:00,2413.0,2417.3,2406.1,2415.3
2024-07-15 16:00:00,2415.4,2425.8,2415.4,2423.7
2024-07-15 20:00:00,2423.7,2445.0,2422.8,2426.3
2024-07-16 00:00:00,2426.3,2429.5,2424.5,2427.4
2024-07-16 04:00:00,2427.1,2432.6,2424.5,2431.9
2024-07-16 08:00:00,2432.0,2437.5,2429.9,2436.5
2024-07-16 12:00:00,2436.5,2448.1,2432.4,2447.1
2024-07-16 16:00:00,2447.2,2452.6,2433.8,2447.5
2024-07-16 20:00:00,2447.5,2471.6,2445.2,2469.5
2024-07-17 00:00:00,2469.5,2474.5,2467.3,2473.6
2024-07-17 04:00:00,2473.2,2486.2,2470.8,2484.6
2024-07-17 08:00:00,2484.3,2487.4,2469.0,2470.2
2024-07-17 12:00:00,2470.2,2483.4,2466.6,2479.5
2024-07-17 16:00:00,2479.7,2488.2,2470.8,2487.7
2024-07-17 20:00:00,2487.6,2488.4,2456.0,2456.7
2024-07-18 00:00:00,2456.6,2464.7,2455.5,2463.1
2024-07-18 04:00:00,2462.5,2467.9,2461.1,2466.0
2024-07-18 08:00:00,2465.8,2473.4,2463.6,2470.4
2024-07-18 12:00:00,2470.3,2478.5,2467.8,2468.9
2024-07-18 16:00:00,2468.9,2472.4,2460.2,2468.2
2024-07-18 20:00:00,2468.0,2473.2,2454.4,2459.3
2024-07-19 00:00:00,2459.3,2459.5,2442.9,2447.9
2024-07-19 04:00:00,2448.0,2448.4,2423.2,2428.7
2024-07-19 08:00:00,2428.4,2432.0,2423.4,2425.8
2024-07-19 12:00:00,2425.7,2426.5,2415.3,2418.2
2024-07-19 16:00:00,2418.2,2418.5,2395.7,2405.8
2024-07-19 20:00:00,2405.7,2410.7,2397.3,2400.8
2024-07-20 00:00:00,2400.8,2403.3,2398.8,2402.8
2024-07-22 04:00:00,2403.7,2414.4,2402.5,2408.5
2024-07-22 08:00:00,2408.4,2411.2,2404.5,2404.5
2024-07-22 12:00:00,2404.4,2407.3,2400.6,2406.1
2024-07-22 16:00:00,2406.2,2410.0,2390.2,2394.1
2024-07-22 20:00:00,2394.0,2397.8,2385.2,2395.4
2024-07-23 00:00:00,2395.3,2401.7,2393.7,2398.2
2024-07-23 04:00:00,2398.0,2405.3,2395.9,2402.1
2024-07-23 08:00:00,2402.2,2403.9,2391.8,2393.4
2024-07-23 12:00:00,2393.4,2409.4,2389.2,2408.2
2024-07-23 16:00:00,2408.1,2413.5,2400.6,2403.2
2024-07-23 20:00:00,2403.2,2409.4,2400.5,2406.0
2024-07-24 00:00:00,2406.0,2411.0,2404.9,2410.6
2024-07-24 04:00:00,2410.7,2413.1,2405.7,2409.2
2024-07-24 08:00:00,2409.0,2419.6,2408.1,2417.1
2024-07-24 12:00:00,2417.0,2420.3,2410.6,2414.1
2024-07-24 16:00:00,2414.2,2427.5,2411.5,2422.7
2024-07-24 20:00:00,2422.6,2433.0,2408.4,2409.6
2024-07-25 00:00:00,2409.5,2410.1,2397.0,2397.5
2024-07-25 04:00:00,2398.1,2400.8,2369.4,2375.4
2024-07-25 08:00:00,2375.3,2379.7,2365.7,2375.6
2024-07-25 12:00:00,2375.7,2378.1,2365.1,2373.2
2024-07-25 16:00:00,2373.2,2382.2,2361.3,2364.2
2024-07-25 20:00:00,2364.2,2367.9,2351.9,2355.3
2024-07-26 00:00:00,2355.4,2364.6,2353.4,2363.4
2024-07-26 04:00:00,2363.8,2372.7,2354.6,2372.0
2024-07-26 08:00:00,2372.2,2378.0,2366.8,2372.6
2024-07-26 12:00:00,2372.8,2373.0,2363.6,2372.3
2024-07-26 16:00:00,2372.3,2382.4,2368.9,2380.4
2024-07-26 20:00:00,2380.6,2389.7,2378.0,2382.4
2024-07-27 00:00:00,2382.5,2387.9,2381.7,2385.7
2024-07-29 04:00:00,2386.9,2402.1,2386.0,2391.7
2024-07-29 08:00:00,2391.5,2394.7,2388.6,2391.0
2024-07-29 12:00:00,2390.8,2393.8,2385.4,2391.2
2024-07-29 16:00:00,2391.1,2394.5,2384.1,2389.9
2024-07-29 20:00:00,2390.0,2392.1,2367.3,2375.5
2024-07-30 00:00:00,2375.6,2382.8,2374.3,2381.5
2024-07-30 04:00:00,2429.0,2429.9,2421.5,2424.6
2024-07-30 08:00:00,2424.5,2434.6,2423.4,2433.5
2024-07-30 12:00:00,2433.5,2436.8,2432.3,2433.8
2024-07-30 16:00:00,2433.8,2442.9,2430.6,2439.3
2024-07-30 20:00:00,2439.1,2457.5,2428.1,2451.0
2024-07-31 00:00:00,2451.1,2458.3,2448.7,2456.0
2024-07-31 04:00:00,2455.6,2457.4,2449.2,2454.2
2024-07-31 08:00:00,2454.2,2467.0,2449.5,2462.5
2024-07-31 12:00:00,2462.4,2470.4,2460.4,2465.8
2024-07-31 16:00:00,2465.9,2472.5,2462.0,2471.2
2024-07-31 20:00:00,2471.3,2474.3,2464.0,2471.2
2024-08-01 00:00:00,2471.8,2496.6,2466.5,2493.4
2024-08-01 04:00:00,2493.4,2502.8,2488.0,2495.5
2024-08-01 08:00:00,2495.3,2495.4,2481.6,2491.0
2024-08-01 12:00:00,2490.9,2492.9,2474.0,2476.8
2024-08-01 16:00:00,2476.9,2501.9,2475.9,2497.8
2024-08-01 20:00:00,2498.1,2506.6,2479.5,2483.2
2024-08-02 00:00:00,2483.1,2492.0,2478.6,2490.9
2024-08-02 04:00:00,2490.8,2496.9,2479.5,2491.6
2024-08-02 08:00:00,2491.5,2511.5,2491.0,2511.3
2024-08-02 12:00:00,2511.5,2513.4,2504.4,2508.3
2024-08-02 16:00:00,2508.4,2522.5,2499.4,2513.8
2024-08-02 20:00:00,2513.7,2518.4,2453.1,2470.5
2024-08-03 00:00:00,2470.6,2486.6,2468.4,2486.1
2024-08-05 04:00:00,2490.3,2490.4,2455.7,2481.5
2024-08-05 08:00:00,2481.6,2500.8,2473.6,2479.7
2024-08-05 12:00:00,2479.6,2486.8,2460.0,2464.9
2024-08-05 16:00:00,2465.0,2466.4,2403.8,2434.1
2024-08-05 20:00:00,2433.4,2452.8,2426.1,2446.2
2024-08-06 00:00:00,2446.2,2454.7,2444.9,2452.1
2024-08-06 04:00:00,2451.7,2459.5,2445.4,2453.4
2024-08-06 08:00:00,2453.2,2454.1,2438.5,2439.2
2024-08-06 12:00:00,2439.4,2456.2,2434.6,2454.1
2024-08-06 16:00:00,2454.0,2457.1,2429.3,2436.2
2024-08-06 20:00:00,2436.2,2444.1,2421.8,2432.9
2024-08-07 00:00:00,2432.9,2437.1,2427.6,2432.1
2024-08-07 04:00:00,2432.6,2433.1,2418.8,2424.0
2024-08-07 08:00:00,2424.0,2436.2,2420.7,2431.3
2024-08-07 12:00:00,2431.3,2437.6,2428.0,2434.4
2024-08-07 16:00:00,2434.5,2447.3,2433.2,2440.3
2024-08-07 20:00:00,2440.1,2443.5,2429.6,2430.0
2024-08-08 00:00:00,2429.9,2432.0,2421.7,2423.5
2024-08-08 04:00:00,2422.8,2430.4,2420.2,2425.4
2024-08-08 08:00:00,2425.3,2435.1,2424.8,2434.2
2024-08-08 12:00:00,2434.3,2439.7,2431.5,2435.0
2024-08-08 16:00:00,2435.1,2455.3,2435.1,2453.4
2024-08-08 20:00:00,2453.4,2464.5,2448.5,2463.0
2024-08-09 00:00:00,2463.0,2467.9,2461.1,2467.4
2024-08-09 04:00:00,2467.3,2467.6,2459.4,2466.7
2024-08-09 08:00:00,2466.6,2468.7,2456.4,2456.5
2024-08-09 12:00:00,2456.3,2466.2,2456.1,2462.6
2024-08-09 16:00:00,2462.7,2472.7,2460.0,2466.1
2024-08-09 20:00:00,2466.0,2476.5,2464.5,2470.0
2024-08-10 00:00:00,2470.1,2470.7,2466.6,2470.6
2024-08-12 04:00:00,2470.1,2472.3,2463.5,2465.0
2024-08-12 08:00:00,2464.8,2473.8,2462.7,2473.4
2024-08-12 12:00:00,2473.4,2484.3,2472.4,2481.9
2024-08-12 16:00:00,2481.9,2497.2,2478.8,2493.7
2024-08-12 20:00:00,2493.7,2508.5,2483.7,2507.1
2024-08-13 00:00:00,2507.0,2513.4,2506.3,2513.4
2024-08-13 04:00:00,2512.6,2517.3,2501.2,2506.7
2024-08-13 08:00:00,2506.6,2507.8,2498.7,2503.0
2024-08-13 12:00:00,2503.1,2505.9,2498.2,2500.0
2024-08-13 16:00:00,2500.0,2515.6,2498.2,2512.4
2024-08-13 20:00:00,2512.4,2512.8,2503.2,2507.3
2024-08-14 00:00:00,2507.3,2508.8,2502.0,2504.9
2024-08-14 04:00:00,2506.3,2512.2,2502.4,2504.9
2024-08-14 08:00:00,2504.8,2505.1,2494.5,2501.3
2024-08-14 12:00:00,2501.5,2517.9,2499.6,2511.8
2024-08-14 16:00:00,2511.9,2519.7,2487.7,2496.2
2024-08-14 20:00:00,2496.1,2497.1,2476.2,2479.9
2024-08-15 00:00:00,2479.9,2486.8,2478.9,2486.0
2024-08-15 04:00:00,2486.2,2491.5,2484.0,2488.0
2024-08-15 08:00:00,2488.2,2493.0,2487.2,2491.5
2024-08-15 12:00:00,2491.6,2496.4,2490.2,2494.3
2024-08-15 16:00:00,2494.3,2508.0,2469.2,2481.9
2024-08-15 20:00:00,2481.7,2497.7,2481.7,2493.2
2024-08-16 00:00:00,2493.3,2499.4,2491.9,2494.5
2024-08-16 04:00:00,2494.4,2497.7,2491.8,2495.1
2024-08-16 08:00:00,2494.8,2495.4,2488.2,2493.0
2024-08-16 12:00:00,2493.1,2502.1,2488.5,2500.9
2024-08-16 16:00:00,2500.8,2538.7,2500.4,2533.3
2024-08-16 20:00:00,2533.3,2538.7,2515.8,2538.2
2024-08-17 00:00:00,2538.3,2548.3,2536.8,2546.2
2024-08-19 04:00:00,2549.7,2549.9,2533.7,2537.0
2024-08-19 08:00:00,2536.9,2544.8,2534.7,2539.9
2024-08-19 12:00:00,2539.6,2545.8,2537.9,2538.4
2024-08-19 16:00:00,2538.3,2538.5,2523.7,2532.9
2024-08-19 20:00:00,2532.8,2545.8,2531.5,2541.6
2024-08-20 00:00:00,2541.5,2544.3,2540.9,2542.6
2024-08-20 04:00:00,2542.4,2546.4,2539.3,2540.0
2024-08-20 08:00:00,2539.9,2541.4,2536.5,2537.3
2024-08-20 12:00:00,2537.2,2563.8,2535.1,2560.3
2024-08-20 16:00:00,2560.2,2570.4,2558.3,2568.2
2024-08-20 20:00:00,2568.5,2568.8,2538.6,2548.8
2024-08-21 00:00:00,2548.7,2555.3,2547.5,2552.1
2024-08-21 04:00:00,2552.2,2555.2,2548.8,2554.7
2024-08-21 08:00:00,2554.8,2558.0,2551.2,2553.0
2024-08-21 12:00:00,2553.1,2557.5,2542.6,2543.8
2024-08-21 16:00:00,2543.7,2552.0,2535.4,2540.8
2024-08-21 20:00:00,2540.7,2549.2,2528.2,2547.3
2024-08-22 00:00:00,2547.2,2557.3,2547.0,2550.2
2024-08-22 04:00:00,2549.9,2551.4,2543.4,2544.1
2024-08-22 08:00:00,2544.0,2544.9,2536.1,2542.1
2024-08-22 12:00:00,2542.0,2547.2,2537.1,2543.3
2024-08-22 16:00:00,2543.4,2545.3,2518.7,2523.5
2024-08-22 20:00:00,2523.7,2523.7,2506.4,2517.9
2024-08-23 00:00:00,2518.0,2520.7,2514.2,2520.6
2024-08-23 04:00:00,2521.1,2527.9,2519.8,2526.5
2024-08-23 08:00:00,2526.6,2531.3,2522.1,2527.3
2024-08-23 12:00:00,2527.3,2537.4,2526.0,2534.5
2024-08-23 16:00:00,2534.4,2539.6,2530.1,2533.8
2024-08-23 20:00:00,2533.9,2554.5,2532.1,2546.6
2024-08-24 00:00:00,2546.6,2548.7,2543.5,2548.7
2024-08-26 04:00:00,2545.1,2552.3,2544.6,2548.7
2024-08-26 08:00:00,2548.7,2550.8,2544.0,2545.9
2024-08-26 12:00:00,2546.0,2561.7,2545.2,2561.0
2024-08-26 16:00:00,2561.0,2563.2,2551.0,2551.6
2024-08-26 20:00:00,2551.6,2559.4,2546.1,2553.9
2024-08-27 00:00:00,2553.8,2556.8,2551.3,2553.6
2024-08-27 04:00:00,2553.8,2554.5,2543.5,2545.1
2024-08-27 08:00:00,2544.9,2548.8,2540.9,2548.6
2024-08-27 12:00:00,2548.6,2552.7,2538.5,2544.2
2024-08-27 16:00:00,2544.1,2550.4,2538.9,2547.8
2024-08-27 20:00:00,2547.4,2557.1,2542.9,2555.5
2024-08-28 00:00:00,2555.4,2561.4,2555.2,2560.0
2024-08-28 04:00:00,2559.8,2564.3,2552.0,2552.3
2024-08-28 08:00:00,2552.3,2553.7,2540.3,2540.6
2024-08-28 12:00:00,2540.5,2546.2,2537.9,2544.9
2024-08-28 16:00:00,2545.0,2545.5,2527.8,2541.1
2024-08-28 20:00:00,2541.1,2545.0,2530.8,2539.9
2024-08-29 00:00:00,2539.9,2544.0,2537.3,2539.0
2024-08-29 04:00:00,2539.2,2548.3,2538.4,2546.2
2024-08-29 08:00:00,2546.2,2553.4,2544.6,2552.2
2024-08-29 12:00:00,2552.1,2557.8,2548.2,2556.1
2024-08-29 16:00:00,2556.2,2557.6,2536.5,2550.1
2024-08-29 20:00:00,2550.0,2562.2,2547.5,2559.2
2024-08-30 00:00:00,2559.4,2559.9,2554.0,2554.6
2024-08-30 04:00:00,2553.6,2554.8,2547.8,2549.5
2024-08-30 08:00:00,2549.4,2551.3,2545.7,2547.2
2024-08-30 12:00:00,2547.1,2560.1,2546.5,2557.2
2024-08-30 16:00:00,2557.3,2558.1,2546.1,2549.0
2024-08-30 20:00:00,2548.8,2551.7,2526.6,2532.1
2024-08-31 00:00:00,2532.2,2537.2,2530.8,2536.0
2024-09-02 04:00:00,2536.0,2537.2,2529.1,2530.4
2024-09-02 08:00:00,2530.3,2531.4,2522.1,2528.7
2024-09-02 12:00:00,2528.7,2539.5,2528.0,2531.5
2024-09-02 16:00:00,2531.4,2535.6,2529.5,2532.1
2024-09-02 20:00:00,2532.0,2534.7,2530.0,2531.5
2024-09-03 00:00:00,2531.6,2532.4,2530.8,2531.7
2024-09-03 04:00:00,2531.8,2532.1,2521.1,2525.7
2024-09-03 08:00:00,2525.7,2528.7,2524.2,2526.8
2024-09-03 12:00:00,2526.7,2538.5,2524.6,2532.9
2024-09-03 16:00:00,2532.8,2534.2,2506.8,2511.6
2024-09-03 20:00:00,2511.7,2523.7,2504.4,2520.9
2024-09-04 00:00:00,2521.0,2526.0,2518.6,2524.8
2024-09-04 04:00:00,2524.6,2526.4,2522.4,2524.8
2024-09-04 08:00:00,2524.6,2528.4,2523.8,2524.3
2024-09-04 12:00:00,2524.4,2524.7,2502.7,2512.7
2024-09-04 16:00:00,2512.7,2522.5,2512.2,2516.4
2024-09-04 20:00:00,2516.2,2531.5,2515.5,2525.4
2024-09-05 00:00:00,2525.4,2528.0,2522.5,2526.5
2024-09-05 04:00:00,2526.4,2529.6,2524.5,2526.6
2024-09-05 08:00:00,2526.6,2533.3,2523.7,2531.9
2024-09-05 12:00:00,2531.9,2547.6,2530.8,2545.8
2024-09-05 16:00:00,2545.7,2554.0,2542.6,2544.7
2024-09-05 20:00:00,2544.9,2550.9,2533.7,2545.5
2024-09-06 00:00:00,2545.6,2547.4,2544.0,2547.1
2024-09-06 04:00:00,2547.1,2547.9,2543.1,2543.5
2024-09-06 08:00:00,2543.5,2551.9,2542.8,2550.1
2024-09-06 12:00:00,2550.1,2551.7,2545.6,2549.1
2024-09-06 16:00:00,2549.1,2559.8,2531.6,2539.3
2024-09-06 20:00:00,2539.1,2548.4,2513.9,2524.8
2024-09-07 00:00:00,2525.0,2527.3,2520.0,2526.8
2024-09-09 04:00:00,2526.5,2527.8,2523.7,2526.8
2024-09-09 08:00:00,2526.9,2529.5,2516.3,2516.8
2024-09-09 12:00:00,2516.9,2526.6,2514.2,2525.3
2024-09-09 16:00:00,2525.4,2534.7,2522.1,2529.0
2024-09-09 20:00:00,2528.9,2535.8,2522.2,2529.0
2024-09-10 00:00:00,2529.0,2536.5,2528.4,2535.5
2024-09-10 04:00:00,2536.0,2536.5,2531.6,2532.5
2024-09-10 08:00:00,2532.7,2533.8,2529.6,2532.9
2024-09-10 12:00:00,2533.0,2536.8,2528.9,2535.0
2024-09-10 16:00:00,2535.0,2544.3,2533.0,2535.9
2024-09-10 20:00:00,2535.8,2547.5,2529.7,2541.9
2024-09-11 00:00:00,2541.9,2546.6,2540.8,2545.7
2024-09-11 04:00:00,2545.7,2552.0,2543.6,2547.7
2024-09-11 08:00:00,2547.6,2551.3,2545.7,2550.2
2024-09-11 12:00:00,2550.2,2558.0,2549.8,2552.2
2024-09-11 16:00:00,2552.1,2553.5,2530.7,2538.4
2024-09-11 20:00:00,2538.2,2549.0,2529.0,2543.4
2024-09-12 00:00:00,2543.3,2545.2,2538.3,2540.2
2024-09-12 04:00:00,2540.6,2543.1,2538.7,2541.0
2024-09-12 08:00:00,2541.1,2547.5,2538.9,2547.2
2024-09-12 12:00:00,2547.2,2550.0,2542.2,2546.7
2024-09-12 16:00:00,2546.7,2580.4,2540.9,2573.8
2024-09-12 20:00:00,2573.8,2583.6,2569.8,2582.4
2024-09-13 00:00:00,2582.5,2588.5,2580.4,2587.2
2024-09-13 04:00:00,2587.5,2596.3,2585.0,2591.4
2024-09-13 08:00:00,2591.4,2599.0,2589.6,2594.9
2024-09-13 12:00:00,2594.7,2601.0,2591.4,2596.2
2024-09-13 16:00:00,2596.3,2611.7,2591.4,2605.8
2024-09-13 20:00:00,2605.6,2614.6,2601.2,2610.7
2024-09-14 00:00:00,2610.9,2612.1,2605.7,2606.2
2024-09-16 04:00:00,2608.0,2610.4,2605.5,2609.4
2024-09-16 08:00:00,2609.3,2616.9,2609.2,2616.2
2024-09-16 12:00:00,2616.3,2617.4,2607.2,2612.9
2024-09-16 16:00:00,2613.1,2616.8,2602.5,2615.8
2024-09-16 20:00:00,2615.7,2616.1,2603.7,2610.1
2024-09-17 00:00:00,2610.2,2611.0,2607.1,2610.0
2024-09-17 04:00:00,2609.8,2611.5,2605.4,2609.7
2024-09-17 08:00:00,2609.6,2613.4,2601.2,2606.2
2024-09-17 12:00:00,2606.3,2613.7,2598.9,2600.5
2024-09-17 16:00:00,2600.5,2609.0,2594.9,2600.5
2024-09-17 20:00:00,2600.4,2609.5,2587.3,2596.7
2024-09-18 00:00:00,2596.5,2598.4,2593.7,2596.4
2024-09-18 04:00:00,2596.0,2602.9,2595.8,2598.5
2024-09-18 08:00:00,2598.7,2602.8,2591.9,2594.0
2024-09-18 12:00:00,2594.1,2598.6,2592.9,2598.6
2024-09-18 16:00:00,2598.8,2607.3,2595.2,2598.5
2024-09-18 20:00:00,2598.5,2602.0,2593.5,2594.0
2024-09-19 00:00:00,2594.4,2627.2,2572.5,2584.8
2024-09-19 04:00:00,2585.1,2586.6,2575.3,2580.1
2024-09-19 08:00:00,2580.2,2599.2,2580.2,2599.2
2024-09-19 12:00:00,2599.1,2620.5,2598.6,2617.1
2024-09-19 16:00:00,2617.1,2617.1,2594.3,2600.1
2024-09-19 20:00:00,2599.9,2618.2,2596.6,2616.0
2024-09-20 00:00:00,2616.1,2616.3,2610.8,2611.7
2024-09-20 04:00:00,2611.2,2614.4,2608.7,2613.3
2024-09-20 08:00:00,2613.1,2620.2,2612.2,2619.5
2024-09-20 12:00:00,2619.6,2637.9,2619.3,2631.3
2024-09-20 16:00:00,2631.4,2644.9,2627.5,2631.9
2024-09-20 20:00:00,2631.9,2651.0,2629.9,2644.7
2024-09-21 00:00:00,2644.8,2648.7,2642.9,2647.1
2024-09-23 04:00:00,2646.2,2647.8,2640.7,2645.0
2024-09-23 08:00:00,2644.9,2656.1,2643.5,2654.6
2024-09-23 12:00:00,2654.8,2654.8,2638.6,2646.4
2024-09-23 16:00:00,2646.3,2659.4,2644.5,2656.6
2024-09-23 20:00:00,2656.6,2659.8,2650.6,2653.0
2024-09-24 00:00:00,2652.9,2653.9,2650.4,2653.4
2024-09-24 04:00:00,2653.3,2655.2,2648.5,2653.9
2024-09-24 08:00:00,2653.9,2664.6,2649.9,2650.1
2024-09-24 12:00:00,2650.3,2655.7,2647.1,2655.3
2024-09-24 16:00:00,2655.4,2662.2,2647.9,2660.2
2024-09-24 20:00:00,2660.3,2680.3,2659.0,2679.1
2024-09-25 00:00:00,2679.0,2689.4,2678.4,2682.1
2024-09-25 04:00:00,2682.8,2687.7,2679.8,2684.3
2024-09-25 08:00:00,2684.2,2694.9,2678.6,2681.2
2024-09-25 12:00:00,2681.1,2683.7,2674.2,2681.1
2024-09-25 16:00:00,2681.2,2691.5,2678.1,2689.0
2024-09-25 20:00:00,2688.7,2691.9,2673.4,2684.8
2024-09-26 00:00:00,2684.9,2685.9,2680.3,2681.3
2024-09-26 04:00:00,2681.2,2685.1,2678.5,2684.5
2024-09-26 08:00:00,2684.3,2686.7,2680.3,2684.8
2024-09-26 12:00:00,2684.5,2693.7,2681.1,2692.2
2024-09-26 16:00:00,2692.1,2708.7,2677.5,2683.5
2024-09-26 20:00:00,2683.5,2696.0,2682.4,2693.9
2024-09-27 00:00:00,2694.0,2700.9,2693.1,2695.1
2024-09-27 04:00:00,2695.1,2695.7,2688.5,2691.9
2024-09-27 08:00:00,2691.9,2696.4,2684.4,2687.2
2024-09-27 12:00:00,2687.3,2691.7,2680.6,2686.2
2024-09-27 16:00:00,2686.2,2696.9,2684.3,2688.9
2024-09-27 20:00:00,2688.8,2689.6,2665.3,2667.7
2024-09-28 00:00:00,2667.8,2682.7,2665.8,2680.8
2024-09-30 04:00:00,2680.5,2687.7,2668.8,2674.4
2024-09-30 08:00:00,2674.1,2681.0,2672.0,2679.4
2024-09-30 12:00:00,2679.4,2682.4,2670.0,2671.4
2024-09-30 16:00:00,2671.4,2671.7,2651.7,2657.1
2024-09-30 20:00:00,2657.0,2663.4,2650.2,2659.2
2024-10-01 00:00:00,2659.2,2659.8,2646.2,2656.4
2024-10-01 04:00:00,2656.1,2661.4,2653.8,2661.3
2024-10-01 08:00:00,2661.3,2665.8,2655.8,2664.4
2024-10-01 12:00:00,2664.3,2670.7,2662.9,2670.1
2024-10-01 16:00:00,2670.1,2694.0,2668.0,2689.8
2024-10-01 20:00:00,2690.8,2694.7,2675.2,2683.8
2024-10-02 00:00:00,2683.7,2686.4,2678.9,2684.8
2024-10-02 04:00:00,2684.6,2684.6,2677.2,2681.6
2024-10-02 08:00:00,2681.6,2682.6,2665.4,2669.0
2024-10-02 12:00:00,2669.1,2676.9,2668.1,2674.1
2024-10-02 16:00:00,2674.0,2682.3,2664.9,2680.8
2024-10-02 20:00:00,2681.0,2684.8,2662.1,2673.6
2024-10-03 00:00:00,2673.7,2681.2,2672.4,2680.2
2024-10-03 04:00:00,2679.9,2683.4,2675.4,2678.8
2024-10-03 08:00:00,2678.7,2679.2,2672.3,2673.6
2024-10-03 12:00:00,2673.6,2677.9,2660.8,2664.9
2024-10-03 16:00:00,2664.8,2675.9,2661.8,2667.6
2024-10-03 20:00:00,2667.3,2682.4,2657.8,2676.9
2024-10-04 00:00:00,2677.0,2679.9,2675.6,2675.9
2024-10-04 04:00:00,2675.7,2679.0,2673.9,2678.1
2024-10-04 08:00:00,2678.1,2687.7,2677.8,2687.2
2024-10-04 12:00:00,2687.2,2687.5,2676.6,2677.4
2024-10-04 16:00:00,2677.4,2682.6,2651.6,2671.9
2024-10-04 20:00:00,2671.9,2690.6,2661.8,2670.1
2024-10-05 00:00:00,2670.2,2673.8,2662.6,2673.2
2024-10-07 04:00:00,2671.7,2672.6,2663.0,2665.7
2024-10-07 08:00:00,2665.7,2668.2,2659.0,2660.3
2024-10-07 12:00:00,2660.3,2676.9,2659.1,2676.4
2024-10-07 16:00:00,2676.3,2679.2,2657.3,2662.2
2024-10-07 20:00:00,2662.2,2669.8,2658.7,2667.4
2024-10-08 00:00:00,2667.5,2667.6,2658.8,2661.9
2024-10-08 04:00:00,2662.8,2668.2,2656.7,2666.2
2024-10-08 08:00:00,2666.5,2667.3,2652.7,2664.3
2024-10-08 12:00:00,2664.2,2665.9,2647.3,2660.6
2024-10-08 16:00:00,2660.6,2672.4,2655.6,2658.7
2024-10-08 20:00:00,2658.8,2659.4,2623.4,2633.0
2024-10-09 00:00:00,2633.1,2642.9,2632.3,2640.6
2024-10-09 04:00:00,2640.7,2642.9,2636.9,2638.7
2024-10-09 08:00:00,2638.6,2642.8,2633.4,2638.2
2024-10-09 12:00:00,2638.1,2638.1,2627.6,2636.6
2024-10-09 16:00:00,2636.7,2641.0,2625.1,2628.0
2024-10-09 20:00:00,2628.1,2636.5,2622.8,2628.1
2024-10-10 00:00:00,2628.3,2629.6,2623.3,2626.1
2024-10-10 04:00:00,2625.8,2629.7,2623.1,2626.2
2024-10-10 08:00:00,2626.1,2633.8,2625.0,2630.1
2024-10-10 12:00:00,2630.4,2635.9,2627.4,2634.2
2024-10-10 16:00:00,2634.3,2645.4,2618.8,2644.2
2024-10-10 20:00:00,2644.2,2647.2,2633.2,2641.0
2024-10-11 00:00:00,2641.1,2648.9,2640.4,2647.3
2024-10-11 04:00:00,2647.4,2655.1,2645.3,2655.0
2024-10-11 08:00:00,2654.8,2663.3,2652.1,2661.8
2024-10-11 12:00:00,2662.0,2664.9,2653.2,2654.9
2024-10-11 16:00:00,2654.8,2670.6,2654.0,2666.9
2024-10-11 20:00:00,2666.8,2679.0,2663.8,2677.0
2024-10-12 00:00:00,2677.0,2677.1,2671.5,2674.2
2024-10-14 04:00:00,2673.1,2673.8,2660.6,2663.1
2024-10-14 08:00:00,2662.9,2677.9,2660.0,2676.0
2024-10-14 12:00:00,2676.0,2684.2,2673.6,2675.3
2024-10-14 16:00:00,2675.3,2678.3,2664.6,2672.1
2024-10-14 20:00:00,2672.3,2673.8,2660.6,2665.4
2024-10-15 00:00:00,2665.4,2670.2,2662.7,2665.8
2024-10-15 04:00:00,2663.5,2667.7,2663.5,2664.7
2024-10-15 08:00:00,2664.6,2669.3,2654.4,2658.4
2024-10-15 12:00:00,2658.4,2672.3,2657.9,2670.3
2024-10-15 16:00:00,2670.3,2674.3,2662.3,2664.9
2024-10-15 20:00:00,2665.1,2685.9,2664.2,2680.4
2024-10-16 00:00:00,2680.6,2683.3,2676.2,2679.4
2024-10-16 04:00:00,2679.5,2684.4,2674.9,2684.2
2024-10-16 08:00:00,2684.2,2686.9,2681.6,2685.8
2024-10-16 12:00:00,2685.9,2699.4,2683.3,2696.7
2024-10-16 16:00:00,2696.9,2702.5,2688.9,2691.6
2024-10-16 20:00:00,2691.5,2698.5,2683.1,2691.7
2024-10-17 00:00:00,2691.7,2693.2,2689.0,2690.4
2024-10-17 04:00:00,2690.4,2698.9,2688.8,2698.6
2024-10-17 08:00:00,2698.8,2700.6,2689.9,2699.2
2024-10-17 12:00:00,2699.3,2701.4,2692.0,2695.1
2024-10-17 16:00:00,2695.0,2705.8,2688.2,2704.3
2024-10-17 20:00:00,2704.4,2712.7,2699.5,2707.4
2024-10-18 00:00:00,2707.4,2708.3,2704.0,2708.3
2024-10-18 04:00:00,2707.8,2722.2,2707.3,2720.0
2024-10-18 08:00:00,2719.8,2729.3,2719.3,2726.5
2024-10-18 12:00:00,2726.3,2728.4,2716.9,2726.4
2024-10-18 16:00:00,2726.6,2732.3,2720.2,2728.9
2024-10-18 20:00:00,2729.0,2735.5,2727.0,2731.3
2024-10-19 00:00:00,2731.3,2737.8,2730.8,2736.4
2024-10-21 04:00:00,2736.3,2744.3,2734.6,2741.3
2024-10-21 08:00:00,2741.4,2747.8,2739.5,2740.0
2024-10-21 12:00:00,2739.8,2751.7,2738.6,2749.3
2024-10-21 16:00:00,2749.4,2755.4,2742.7,2753.8
2024-10-21 20:00:00,2753.8,2754.3,2731.4,2737.5
2024-10-22 00:00:00,2737.4,2737.7,2728.5,2734.5
2024-10-22 04:00:00,2734.7,2744.8,2733.5,2742.3
2024-10-22 08:00:00,2742.0,2750.2,2742.0,2744.9
2024-10-22 12:00:00,2744.9,2752.5,2744.0,2745.9
2024-10-22 16:00:00,2745.7,2756.8,2743.8,2750.3
2024-10-22 20:00:00,2750.4,2762.9,2748.0,2761.4
2024-10-23 00:00:00,2761.4,2763.3,2758.3,2763.1
2024-10-23 04:00:00,2762.6,2762.8,2752.3,2753.0
2024-10-23 08:00:00,2752.9,2767.3,2752.1,2765.4
2024-10-23 12:00:00,2765.3,2772.6,2762.0,2764.8
2024-10-23 16:00:00,2764.8,2767.0,2745.4,2751.2
2024-10-23 20:00:00,2751.3,2752.5,2722.1,2730.3
2024-10-24 00:00:00,2730.1,2731.9,2725.4,2729.0
2024-10-24 04:00:00,2729.2,2739.9,2728.7,2736.7
2024-10-24 08:00:00,2736.7,2742.6,2733.2,2741.6
2024-10-24 12:00:00,2741.7,2752.2,2741.0,2749.3
2024-10-24 16:00:00,2749.3,2756.3,2742.4,2746.4
2024-10-24 20:00:00,2746.6,2750.0,2735.1,2748.5
2024-10-25 00:00:00,2748.5,2750.7,2746.3,2748.8
2024-10-25 04:00:00,2748.6,2748.6,2742.3,2742.5
2024-10-25 08:00:00,2742.5,2743.1,2736.5,2741.2
2024-10-25 12:00:00,2741.4,2745.0,2729.1,2733.4
2024-10-25 16:00:00,2733.4,2745.1,2729.3,2740.2
2024-10-25 20:00:00,2740.1,2757.8,2740.0,2757.0
2024-10-26 00:00:00,2757.1,2760.9,2753.1,2760.8
2024-10-28 04:00:00,2749.2,2752.5,2736.9,2744.7
2024-10-28 08:00:00,2744.7,2750.9,2741.3,2750.4
2024-10-28 12:00:00,2750.5,2756.6,2740.5,2741.5
2024-10-28 16:00:00,2741.4,2756.0,2740.1,2753.1
2024-10-28 20:00:00,2753.0,2758.3,2751.0,2755.9
2024-10-29 00:00:00,2755.9,2756.0,2752.5,2754.7
2024-10-29 04:00:00,2754.3,2764.8,2752.0,2764.6
2024-10-29 08:00:00,2764.6,2770.2,2760.9,2762.0
2024-10-29 12:00:00,2762.0,2768.8,2758.5,2764.4
2024-10-29 16:00:00,2764.4,2776.6,2757.9,2773.4
2024-10-29 20:00:00,2773.4,2784.9,2772.5,2782.1
2024-10-30 00:00:00,2782.2,2787.7,2780.5,2787.4
2024-10-30 04:00:00,2786.9,2794.4,2785.0,2793.9
2024-10-30 08:00:00,2793.9,2796.8,2788.3,2795.1
2024-10-30 12:00:00,2795.1,2801.7,2791.5,2796.5
2024-10-30 16:00:00,2796.5,2799.5,2782.4,2789.6
2024-10-30 20:00:00,2789.6,2801.3,2783.4,2800.3
2024-10-31 00:00:00,2800.4,2801.8,2796.1,2799.1
2024-10-31 04:00:00,2799.1,2801.2,2794.7,2795.8
2024-10-31 08:00:00,2795.8,2800.1,2793.2,2796.3
2024-10-31 12:00:00,2796.4,2797.2,2787.9,2789.1
2024-10-31 16:00:00,2789.0,2793.7,2764.8,2765.8
2024-10-31 20:00:00,2765.7,2767.7,2741.8,2749.8
2024-11-01 00:00:00,2749.7,2760.0,2749.7,2754.1
2024-11-01 04:00:00,2754.0,2759.8,2753.8,2759.6
2024-11-01 08:00:00,2759.4,2765.0,2755.5,2764.7
2024-11-01 12:00:00,2764.8,2767.5,2756.8,2761.3
2024-11-01 16:00:00,2761.3,2772.4,2754.8,2766.1
2024-11-01 20:00:00,2766.2,2769.7,2744.6,2746.1
2024-11-02 00:00:00,2745.9,2747.7,2742.6,2745.9
2024-11-04 04:00:00,2743.5,2750.8,2739.4,2749.3
2024-11-04 08:00:00,2749.5,2753.0,2745.0,2750.8
2024-11-04 12:00:00,2750.7,2754.4,2740.7,2747.6
2024-11-04 16:00:00,2747.6,2757.5,2745.4,2752.6
2024-11-04 20:00:00,2752.9,2755.0,2741.0,2747.7
2024-11-05 00:00:00,2747.6,2749.2,2745.1,2745.8
2024-11-05 04:00:00,2746.0,2746.9,2733.4,2737.1
2024-11-05 08:00:00,2737.1,2747.7,2736.6,2746.6
2024-11-05 12:00:00,2746.5,2754.2,2741.0,2747.0
2024-11-05 16:00:00,2747.5,2759.5,2745.8,2756.2
2024-11-05 20:00:00,2756.2,2756.2,2742.2,2750.8
2024-11-06 00:00:00,2750.8,2754.1,2748.9,2753.4
2024-11-06 04:00:00,2752.6,2758.8,2741.6,2746.4
2024-11-06 08:00:00,2746.4,2752.7,2709.8,2716.2
2024-11-06 12:00:00,2716.1,2742.8,2713.1,2729.1
2024-11-06 16:00:00,2729.1,2731.8,2660.7,2668.4
2024-11-06 20:00:00,2668.4,2687.0,2666.1,2674.2
2024-11-07 00:00:00,2674.3,2677.1,2667.5,2668.0
2024-11-07 04:00:00,2667.7,2671.8,2650.3,2664.6
2024-11-07 08:00:00,2664.7,2668.3,2659.5,2663.9
2024-11-07 12:00:00,2663.8,2675.2,2662.9,2673.3
2024-11-07 16:00:00,2673.2,2702.6,2670.6,2699.3
2024-11-07 20:00:00,2699.2,2707.8,2697.4,2703.0
2024-11-08 00:00:00,2703.2,2718.3,2694.6,2714.0
2024-11-08 04:00:00,2713.6,2717.8,2702.4,2704.8
2024-11-08 08:00:00,2704.8,2707.9,2693.1,2693.6
2024-11-08 12:00:00,2693.5,2699.0,2687.3,2695.6
2024-11-08 16:00:00,2695.9,2711.7,2693.3,2699.2
2024-11-08 20:00:00,2699.0,2700.4,2690.2,2692.7
2024-11-09 00:00:00,2692.8,2696.2,2690.4,2691.7
2024-11-11 04:00:00,2692.1,2693.4,2673.1,2678.8
2024-11-11 08:00:00,2678.7,2681.3,2673.5,2679.9
2024-11-11 12:00:00,2679.8,2682.6,2667.7,2668.7
2024-11-11 16:00:00,2668.8,2673.9,2623.9,2629.0
2024-11-11 20:00:00,2628.9,2633.0,2617.1,2625.6
2024-11-12 00:00:00,2625.6,2632.8,2624.4,2626.1
2024-11-12 04:00:00,2625.7,2633.4,2625.1,2628.0
2024-11-12 08:00:00,2628.2,2629.8,2609.6,2614.2
2024-11-12 12:00:00,2614.3,2615.5,2595.7,2602.7
2024-11-12 16:00:00,2602.7,2624.1,2598.6,2616.9
2024-11-12 20:00:00,2616.8,2618.3,2598.8,2605.5
2024-11-13 00:00:00,2605.6,2607.9,2601.6,2604.7
2024-11-13 04:00:00,2604.7,2618.4,2603.7,2617.9
2024-11-13 08:00:00,2618.1,2619.1,2609.3,2611.1
2024-11-13 12:00:00,2611.0,2617.7,2606.7,2614.8
2024-11-13 16:00:00,2614.7,2625.0,2606.6,2607.8
2024-11-13 20:00:00,2607.7,2613.0,2583.3,2588.6
2024-11-14 00:00:00,2588.7,2591.0,2578.1,2578.4
2024-11-14 04:00:00,2578.1,2585.8,2563.8,2565.5
2024-11-14 08:00:00,2565.5,2569.9,2556.4,2559.7
2024-11-14 12:00:00,2559.6,2565.2,2541.5,2552.0
2024-11-14 16:00:00,2551.9,2571.1,2550.0,2564.6
2024-11-14 20:00:00,2564.6,2582.7,2563.5,2575.0
2024-11-15 00:00:00,2575.0,2582.3,2569.0,2570.6
2024-11-15 04:00:00,2570.4,2576.5,2567.6,2574.9
2024-11-15 08:00:00,2575.0,2576.1,2558.9,2565.8
2024-11-15 12:00:00,2565.9,2575.3,2563.7,2572.6
2024-11-15 16:00:00,2572.5,2580.4,2565.3,2577.5
2024-11-15 20:00:00,2577.5,2580.8,2563.7,2572.1
2024-11-16 00:00:00,2572.2,2572.7,2563.9,2567.4
2024-11-18 04:00:00,2571.5,2601.9,2568.5,2595.6
2024-11-18 08:00:00,2595.5,2597.7,2584.9,2590.7
2024-11-18 12:00:00,2590.6,2601.8,2585.8,2598.5
2024-11-18 16:00:00,2598.4,2614.9,2594.7,2612.5
2024-11-18 20:00:00,2612.5,2619.5,2610.3,2615.4
2024-11-19 00:00:00,2615.5,2617.0,2612.4,2616.1
2024-11-19 04:00:00,2616.3,2628.3,2614.2,2626.6
2024-11-19 08:00:00,2626.5,2630.6,2625.0,2629.0
2024-11-19 12:00:00,2629.1,2640.6,2621.4,2638.9
2024-11-19 16:00:00,2638.9,2643.4,2626.2,2626.9
2024-11-19 20:00:00,2626.9,2637.0,2624.5,2633.9
2024-11-20 00:00:00,2634.0,2638.4,2632.7,2635.7
2024-11-20 04:00:00,2635.8,2645.3,2634.9,2643.4
2024-11-20 08:00:00,2643.6,2644.7,2631.6,2632.8
2024-11-20 12:00:00,2632.6,2633.5,2621.9,2628.3
2024-11-20 16:00:00,2628.3,2649.9,2624.6,2646.7
2024-11-20 20:00:00,2646.5,2659.0,2644.2,2651.9
2024-11-21 00:00:00,2651.9,2656.7,2650.7,2654.1
2024-11-21 04:00:00,2653.5,2663.3,2651.6,2656.3
2024-11-21 08:00:00,2656.3,2664.6,2653.1,2663.8
2024-11-21 12:00:00,2663.7,2674.0,2662.3,2672.4
2024-11-21 16:00:00,2672.5,2676.2,2662.8,2667.4
2024-11-21 20:00:00,2667.3,2676.0,2663.6,2675.1
2024-11-22 00:00:00,2675.1,2676.5,2670.3,2672.2
2024-11-22 04:00:00,2672.0,2688.8,2670.1,2688.5
2024-11-22 08:00:00,2688.4,2695.6,2683.4,2695.3
2024-11-22 12:00:00,2695.2,2711.1,2693.0,2710.0
2024-11-22 16:00:00,2710.1,2712.4,2686.4,2696.8
2024-11-22 20:00:00,2697.1,2713.7,2696.6,2713.1
2024-11-23 00:00:00,2713.2,2718.5,2707.2,2718.2
2024-11-25 04:00:00,2716.9,2723.2,2690.0,2697.0
2024-11-25 08:00:00,2697.0,2699.2,2660.0,2668.7
2024-11-25 12:00:00,2668.6,2679.9,2665.2,2679.4
2024-11-25 16:00:00,2679.4,2690.3,2634.5,2642.6
2024-11-25 20:00:00,2642.5,2642.8,2616.6,2620.2
2024-11-26 00:00:00,2620.2,2630.0,2619.6,2626.4
2024-11-26 04:00:00,2626.2,2632.6,2605.3,2625.6
2024-11-26 08:00:00,2625.5,2631.6,2617.1,2622.3
2024-11-26 12:00:00,2622.3,2633.5,2610.9,2631.8
2024-11-26 16:00:00,2631.8,2642.7,2616.7,2623.0
2024-11-26 20:00:00,2623.0,2633.3,2619.7,2623.8
2024-11-27 00:00:00,2624.0,2634.0,2622.7,2633.8
2024-11-27 04:00:00,2658.3,2665.9,2652.2,2662.9
2024-11-27 08:00:00,2663.0,2673.1,2661.2,2672.9
2024-11-27 12:00:00,2673.0,2679.1,2670.4,2673.6
2024-11-27 16:00:00,2673.5,2683.4,2667.3,2676.5
2024-11-27 20:00:00,2676.4,2676.7,2660.3,2664.1
2024-11-28 00:00:00,2664.2,2664.7,2658.7,2661.1
2024-11-28 04:00:00,2660.6,2662.7,2644.1,2652.1
2024-11-28 08:00:00,2651.8,2663.5,2649.3,2660.6
2024-11-28 12:00:00,2660.9,2673.4,2658.3,2671.2
2024-11-28 16:00:00,2671.3,2673.3,2664.9,2665.4
2024-11-28 20:00:00,2665.3,2667.2,2660.4,2664.1
2024-11-29 00:00:00,2664.1,2664.1,2661.4,2661.5
2024-11-29 04:00:00,2661.9,2686.9,2657.5,2681.5
2024-11-29 08:00:00,2681.7,2690.5,2678.8,2689.2
2024-11-29 12:00:00,2689.4,2689.7,2678.5,2686.8
2024-11-29 16:00:00,2686.6,2688.6,2675.5,2677.4
2024-11-29 20:00:00,2677.6,2686.5,2674.6,2677.3
2024-12-02 04:00:00,2673.8,2678.5,2645.3,2649.3
2024-12-02 08:00:00,2649.6,2653.9,2644.5,2648.7
2024-12-02 12:00:00,2648.8,2660.7,2648.0,2658.8
2024-12-02 16:00:00,2658.8,2675.0,2658.6,2669.0
2024-12-02 20:00:00,2668.9,2672.8,2656.3,2659.9
2024-12-03 00:00:00,2659.9,2667.4,2658.1,2661.8
2024-12-03 04:00:00,2662.0,2668.3,2656.6,2659.7
2024-12-03 08:00:00,2659.5,2672.8,2658.9,2669.7
2024-12-03 12:00:00,2669.8,2670.9,2661.9,2665.2
2024-12-03 16:00:00,2665.2,2678.4,2660.1,2669.2
2024-12-03 20:00:00,2669.6,2671.7,2657.8,2668.2
2024-12-04 00:00:00,2668.3,2668.8,2662.4,2666.0
2024-12-04 04:00:00,2665.8,2670.3,2659.5,2668.1
2024-12-04 08:00:00,2668.2,2673.6,2665.2,2671.3
2024-12-04 12:00:00,2671.5,2671.5,2658.7,2666.1
2024-12-04 16:00:00,2666.3,2676.8,2654.2,2672.6
2024-12-04 20:00:00,2672.6,2682.0,2671.3,2673.5
2024-12-05 00:00:00,2673.4,2679.9,2671.0,2674.3
2024-12-05 04:00:00,2674.2,2675.3,2669.1,2670.5
2024-12-05 08:00:00,2670.3,2680.0,2668.3,2671.7
2024-12-05 12:00:00,2671.6,2676.0,2665.8,2672.4
2024-12-05 16:00:00,2672.2,2677.9,2662.8,2663.5
2024-12-05 20:00:00,2663.6,2666.7,2646.3,2652.6
2024-12-06 00:00:00,2652.7,2655.6,2651.1,2655.0
2024-12-06 04:00:00,2655.0,2656.8,2635.6,2647.9
2024-12-06 08:00:00,2648.0,2666.7,2647.6,2661.3
2024-12-06 12:00:00,2661.3,2667.9,2655.0,2655.6
2024-12-06 16:00:00,2655.5,2665.3,2645.5,2657.1
2024-12-06 20:00:00,2657.0,2663.7,2654.2,2659.1
2024-12-07 00:00:00,2659.2,2659.3,2653.0,2654.9
2024-12-09 04:00:00,2665.0,2672.9,2649.7,2667.7
2024-12-09 08:00:00,2667.7,2668.3,2656.6,2665.3
2024-12-09 12:00:00,2665.3,2680.4,2664.4,2679.4
2024-12-09 16:00:00,2679.4,2698.8,2675.3,2697.5
2024-12-09 20:00:00,2697.4,2700.0,2684.3,2685.8
2024-12-10 00:00:00,2685.7,2686.1,2679.4,2683.0
2024-12-10 04:00:00,2684.4,2694.4,2680.7,2691.6
2024-12-10 08:00:00,2691.6,2696.9,2688.0,2692.5
2024-12-10 12:00:00,2692.4,2699.5,2683.3,2698.1
2024-12-10 16:00:00,2698.1,2717.2,2692.1,2713.8
2024-12-10 20:00:00,2713.7,2721.1,2709.0,2718.0
2024-12-11 00:00:00,2718.1,2721.7,2717.2,2721.5
2024-12-11 04:00:00,2721.2,2738.9,2720.3,2736.1
2024-12-11 08:00:00,2736.1,2741.0,2726.4,2731.8
2024-12-11 12:00:00,2731.8,2735.4,2720.7,2725.6
2024-12-11 16:00:00,2725.6,2742.6,2719.1,2742.2
2024-12-11 20:00:00,2742.1,2759.7,2742.0,2750.6
2024-12-12 00:00:00,2750.6,2755.3,2749.5,2753.8
2024-12-12 04:00:00,2753.6,2761.3,2743.1,2746.0
2024-12-12 08:00:00,2746.1,2752.0,2744.5,2751.9
2024-12-12 12:00:00,2751.8,2755.3,2743.3,2744.8
2024-12-12 16:00:00,2744.9,2745.1,2704.8,2711.0
2024-12-12 20:00:00,2710.8,2715.3,2696.7,2707.9
2024-12-13 00:00:00,2708.1,2710.3,2703.2,2705.2
2024-12-13 04:00:00,2704.9,2716.4,2703.5,2709.3
2024-12-13 08:00:00,2709.3,2714.1,2703.8,2710.0
2024-12-13 12:00:00,2710.0,2711.0,2684.8,2686.7
2024-12-13 16:00:00,2686.7,2695.1,2675.3,2679.4
2024-12-13 20:00:00,2679.3,2683.7,2671.2,2674.4
2024-12-14 00:00:00,2674.5,2675.4,2663.3,2665.9
2024-12-16 04:00:00,2668.0,2674.1,2661.4,2670.3
2024-12-16 08:00:00,2670.1,2673.7,2667.6,2671.6
2024-12-16 12:00:00,2671.5,2679.8,2669.4,2677.5
2024-12-16 16:00:00,2677.4,2683.4,2671.8,2673.5
2024-12-16 20:00:00,2673.4,2675.4,2666.6,2672.5
2024-12-17 00:00:00,2672.6,2672.9,2668.5,2670.2
2024-12-17 04:00:00,2670.2,2675.8,2668.0,2672.0
2024-12-17 08:00:00,2672.1,2673.4,2663.7,2666.2
2024-12-17 12:00:00,2666.3,2673.4,2652.5,2653.2
2024-12-17 16:00:00,2653.0,2662.0,2646.1,2649.9
2024-12-17 20:00:00,2649.7,2665.3,2649.0,2663.5
2024-12-18 00:00:00,2663.5,2664.5,2659.9,2663.5
2024-12-18 04:00:00,2663.3,2667.6,2661.3,2662.5
2024-12-18 08:00:00,2662.3,2664.6,2657.3,2661.7
2024-12-18 12:00:00,2661.8,2665.4,2657.3,2664.3
2024-12-18 16:00:00,2664.5,2665.5,2652.8,2654.0
2024-12-18 20:00:00,2653.9,2656.2,2649.6,2652.5
2024-12-19 00:00:00,2651.8,2651.8,2598.1,2599.6
2024-12-19 04:00:00,2600.6,2630.0,2596.7,2624.7
2024-12-19 08:00:00,2624.5,2626.6,2616.1,2625.3
2024-12-19 12:00:00,2625.2,2640.9,2624.1,2633.3
2024-12-19 16:00:00,2633.3,2635.6,2605.9,2606.5
2024-12-19 20:00:00,2606.3,2614.8,2601.0,2614.5
2024-12-20 00:00:00,2614.5,2616.0,2608.3,2610.0
2024-12-20 04:00:00,2609.7,2618.0,2603.7,2611.4
2024-12-20 08:00:00,2611.6,2619.3,2610.1,2618.6
2024-12-20 12:00:00,2618.5,2622.3,2615.9,2619.2
2024-12-20 16:00:00,2619.2,2636.2,2614.4,2634.1
2024-12-20 20:00:00,2634.1,2653.8,2634.0,2647.3
2024-12-21 00:00:00,2647.5,2649.2,2638.0,2640.5
2024-12-23 04:00:00,2639.1,2643.0,2634.2,2641.5
2024-12-23 08:00:00,2641.5,2646.8,2637.7,2645.3
2024-12-23 12:00:00,2645.3,2646.7,2633.6,2634.1
2024-12-23 16:00:00,2633.9,2634.4,2627.2,2629.7
2024-12-23 20:00:00,2629.8,2633.0,2623.2,2627.2
2024-12-24 00:00:00,2627.1,2629.8,2624.9,2629.3
2024-12-24 04:00:00,2629.4,2634.0,2627.4,2630.7
2024-12-24 08:00:00,2630.7,2634.6,2629.4,2632.2
2024-12-24 12:00:00,2632.1,2635.1,2627.5,2630.4
2024-12-24 16:00:00,2630.4,2632.6,2624.4,2625.0
2024-12-24 20:00:00,2625.0,2635.8,2624.2,2633.5
2024-12-26 04:00:00,2638.0,2646.2,2634.1,2645.3
2024-12-26 08:00:00,2645.4,2646.8,2640.1,2641.3
2024-12-26 12:00:00,2641.4,2644.8,2638.4,2644.2
2024-12-26 16:00:00,2644.2,2648.5,2637.9,2646.2
2024-12-26 20:00:00,2646.2,2655.6,2645.3,2653.5
2024-12-27 00:00:00,2653.4,2655.7,2651.2,2653.3
2024-12-27 04:00:00,2653.7,2654.6,2647.2,2651.1
2024-12-27 08:00:00,2651.1,2653.9,2647.3,2649.7
2024-12-27 12:00:00,2649.6,2652.6,2638.3,2641.7
2024-12-27 16:00:00,2641.8,2646.5,2625.2,2629.7
2024-12-27 20:00:00,2629.7,2635.3,2628.0,2634.1
2024-12-28 00:00:00,2634.2,2637.0,2628.6,2636.5
2024-12-30 04:00:00,2636.1,2640.5,2633.6,2636.7
2024-12-30 08:00:00,2636.8,2640.7,2630.2,2631.2
2024-12-30 12:00:00,2630.9,2631.9,2621.5,2623.1
2024-12-30 16:00:00,2623.1,2636.9,2616.8,2623.7
2024-12-30 20:00:00,2623.7,2623.9,2608.4,2619.0
2024-12-31 00:00:00,2619.1,2623.2,2616.5,2620.0
2024-12-31 04:00:00,2620.0,2624.0,2617.8,2619.4
2024-12-31 08:00:00,2619.4,2620.7,2614.3,2619.3
2024-12-31 12:00:00,2619.2,2629.7,2618.7,2624.0
2024-12-31 16:00:00,2624.1,2630.7,2617.4,2626.7
2024-12-31 20:00:00,2626.7,2642.0,2625.5,2638.6
2025-01-01 00:00:00,2638.6,2640.7,2636.8,2639.3
2025-01-02 04:00:00,2641.0,2648.6,2636.1,2646.9
2025-01-02 08:00:00,2646.8,2648.8,2643.2,2646.5
2025-01-02 12:00:00,2646.4,2659.4,2642.6,2654.7
2025-01-02 16:00:00,2654.8,2664.9,2648.2,2660.7
2025-01-02 20:00:00,2660.8,2674.2,2658.5,2669.2
2025-01-03 00:00:00,2669.2,2674.1,2667.5,2671.2
2025-01-03 04:00:00,2671.1,2678.4,2670.1,2676.8
2025-01-03 08:00:00,2676.7,2681.0,2671.7,2674.8
2025-01-03 12:00:00,2674.7,2674.7,2664.3,2672.0
2025-01-03 16:00:00,2672.0,2673.5,2657.0,2661.5
2025-01-03 20:00:00,2661.6,2662.4,2652.3,2656.1
2025-01-04 00:00:00,2655.9,2657.2,2649.7,2652.7
2025-01-06 04:00:00,2652.8,2661.0,2651.2,2657.2
2025-01-06 08:00:00,2657.2,2657.8,2641.3,2643.6
2025-01-06 12:00:00,2643.5,2647.7,2636.6,2645.8
2025-01-06 16:00:00,2645.6,2663.8,2624.6,2643.2
2025-01-06 20:00:00,2643.4,2652.7,2641.2,2645.7
2025-01-07 00:00:00,2645.6,2647.8,2643.7,2647.0
2025-01-07 04:00:00,2647.1,2652.1,2643.5,2648.8
2025-01-07 08:00:00,2648.8,2657.6,2647.6,2652.1
2025-01-07 12:00:00,2652.0,2656.7,2649.7,2655.4
2025-01-07 16:00:00,2655.4,2678.5,2653.3,2672.5
2025-01-07 20:00:00,2672.0,2672.0,2653.8,2663.5
2025-01-08 00:00:00,2663.6,2666.0,2661.3,2663.1
2025-01-08 04:00:00,2662.9,2666.2,2659.4,2662.9
2025-01-08 08:00:00,2662.9,2667.2,2658.4,2666.0
2025-01-08 12:00:00,2666.1,2669.3,2662.9,2666.6
2025-01-08 16:00:00,2666.5,2683.9,2658.9,2677.2
2025-01-08 20:00:00,2677.1,2687.0,2665.3,2669.8
2025-01-09 00:00:00,2670.0,2681.5,2668.9,2680.1
2025-01-09 04:00:00,2679.9,2680.5,2674.3,2677.0
2025-01-09 08:00:00,2677.1,2683.9,2673.7,2683.6
2025-01-09 12:00:00,2683.7,2684.8,2676.9,2683.3
2025-01-09 16:00:00,2683.3,2696.8,2680.9,2691.9
2025-01-09 20:00:00,2691.8,2694.8,2681.8,2692.3
2025-01-10 00:00:00,2692.3,2693.7,2689.6,2692.6
2025-01-10 04:00:00,2692.9,2698.3,2691.8,2696.8
2025-01-10 08:00:00,2696.9,2703.4,2694.9,2702.4
2025-01-10 12:00:00,2702.6,2710.1,2697.0,2709.2
2025-01-10 16:00:00,2709.0,2735.0,2686.9,2723.4
2025-01-10 20:00:00,2723.0,2734.2,2713.3,2717.4
2025-01-11 00:00:00,2717.5,2720.3,2714.5,2717.4
2025-01-13 04:00:00,2716.8,2723.8,2709.9,2717.5
2025-01-13 08:00:00,2717.3,2718.6,2710.8,2716.1
2025-01-13 12:00:00,2716.0,2716.5,2700.8,2706.0
2025-01-13 16:00:00,2705.9,2707.8,2679.9,2690.1
2025-01-13 20:00:00,2690.1,2692.8,2676.0,2678.6
2025-01-14 00:00:00,2678.7,2682.3,2675.2,2681.2
2025-01-14 04:00:00,2682.0,2689.1,2680.8,2686.1
2025-01-14 08:00:00,2686.1,2689.9,2682.0,2684.0
2025-01-14 12:00:00,2684.0,2690.3,2677.8,2679.9
2025-01-14 16:00:00,2679.8,2687.4,2672.0,2678.2
2025-01-14 20:00:00,2678.4,2688.0,2678.2,2685.9
2025-01-15 00:00:00,2685.8,2693.7,2685.3,2693.1
2025-01-15 04:00:00,2693.3,2695.2,2685.4,2689.8
2025-01-15 08:00:00,2689.8,2697.8,2689.0,2695.7
2025-01-15 12:00:00,2695.7,2712.7,2695.0,2711.0
2025-01-15 16:00:00,2711.2,2719.0,2699.3,2704.3
2025-01-15 20:00:00,2704.2,2719.5,2698.0,2718.2
2025-01-16 00:00:00,2718.3,2722.7,2717.2,2722.6
2025-01-16 04:00:00,2722.3,2731.6,2720.4,2726.5
2025-01-16 08:00:00,2726.4,2729.0,2720.9,2724.1
2025-01-16 12:00:00,2724.2,2739.0,2723.6,2737.9
2025-01-16 16:00:00,2738.1,2749.8,2727.6,2749.0
2025-01-16 20:00:00,2748.7,2757.9,2743.5,2748.1
2025-01-17 00:00:00,2748.1,2750.5,2745.0,2746.9
2025-01-17 04:00:00,2746.8,2748.2,2742.5,2746.6
2025-01-17 08:00:00,2746.5,2748.4,2740.1,2741.3
2025-01-17 12:00:00,2741.5,2743.0,2729.2,2729.6
2025-01-17 16:00:00,2729.6,2746.5,2729.4,2745.0
2025-01-17 20:00:00,2745.0,2759.2,2744.2,2744.2
2025-01-18 00:00:00,2744.5,2745.7,2736.0,2740.0
2025-01-20 04:00:00,2739.6,2741.1,2731.1,2739.6
2025-01-20 08:00:00,2739.8,2754.8,2739.7,2752.5
2025-01-20 12:00:00,2752.4,2752.9,2744.6,2745.3
2025-01-20 16:00:00,2745.2,2750.6,2722.8,2729.4
2025-01-20 20:00:00,2729.6,2732.3,2715.6,2731.6
2025-01-21 00:00:00,2731.7,2735.1,2730.1,2731.8
2025-01-21 04:00:00,2731.6,2744.6,2722.7,2743.1
2025-01-21 08:00:00,2743.0,2746.8,2739.4,2739.9
2025-01-21 12:00:00,2739.9,2745.0,2725.5,2732.5
2025-01-21 16:00:00,2732.5,2755.3,2728.0,2753.9
2025-01-21 20:00:00,2753.8,2762.0,2747.9,2760.6
2025-01-22 00:00:00,2760.6,2761.4,2754.0,2758.7
2025-01-22 04:00:00,2758.7,2765.6,2756.2,2764.3
2025-01-22 08:00:00,2764.2,2772.3,2760.5,2762.8
2025-01-22 12:00:00,2762.8,2774.4,2759.5,2771.3
2025-01-22 16:00:00,2771.4,2774.2,2759.6,2763.6
2025-01-22 20:00:00,2763.5,2773.0,2761.1,2769.6
2025-01-23 00:00:00,2769.5,2769.8,2764.6,2766.3
2025-01-23 04:00:00,2765.9,2766.4,2760.3,2762.1
2025-01-23 08:00:00,2761.9,2764.6,2758.7,2761.7
2025-01-23 12:00:00,2761.9,2763.4,2747.2,2757.7
2025-01-23 16:00:00,2757.8,2761.8,2741.0,2752.4
2025-01-23 20:00:00,2752.4,2767.1,2747.5,2764.0
2025-01-24 00:00:00,2764.0,2766.5,2759.8,2762.1
2025-01-24 04:00:00,2761.8,2782.8,2761.0,2781.3
2025-01-24 08:00:00,2781.2,2785.3,2777.5,2779.6
2025-01-24 12:00:00,2779.5,2784.4,2776.3,2783.1
2025-01-24 16:00:00,2783.0,2792.8,2780.3,2785.7
2025-01-24 20:00:00,2785.6,2794.8,2775.7,2780.3
2025-01-25 00:00:00,2780.4,2783.2,2776.9,2777.4
2025-01-27 04:00:00,2778.1,2778.1,2757.6,2761.5
2025-01-27 08:00:00,2761.6,2767.6,2755.8,2760.9
2025-01-27 12:00:00,2761.0,2775.8,2752.0,2772.3
2025-01-27 16:00:00,2772.2,2776.5,2747.7,2754.6
2025-01-27 20:00:00,2754.7,2754.7,2732.0,2739.0
2025-01-28 00:00:00,2739.2,2746.3,2738.7,2743.1
2025-01-28 04:00:00,2742.4,2749.7,2741.9,2742.8
2025-01-28 08:00:00,2742.9,2748.7,2740.8,2742.9
2025-01-28 12:00:00,2742.9,2749.6,2737.4,2747.3
2025-01-28 16:00:00,2747.3,2761.3,2745.4,2758.4
2025-01-28 20:00:00,2758.3,2772.8,2756.1,2772.2
2025-01-29 00:00:00,2772.1,2774.0,2770.1,2771.5
2025-01-29 04:00:00,2771.6,2773.8,2769.5,2771.9
2025-01-29 08:00:00,2771.8,2772.4,2766.0,2766.2
2025-01-29 12:00:00,2766.2,2775.5,2763.7,2766.7
2025-01-29 16:00:00,2766.7,2778.1,2764.7,2776.7
2025-01-29 20:00:00,2776.8,2777.2,2764.9,2768.9
2025-01-30 00:00:00,2768.3,2776.2,2761.0,2772.7
2025-01-30 04:00:00,2796.2,2800.3,2794.9,2796.8
2025-01-30 08:00:00,2796.7,2804.2,2795.5,2803.5
2025-01-30 12:00:00,2803.5,2817.2,2802.9,2816.6
2025-01-30 16:00:00,2816.8,2834.9,2815.2,2834.4
2025-01-30 20:00:00,2834.3,2853.2,2833.7,2845.2
2025-01-31 00:00:00,2845.2,2852.4,2842.3,2851.9
2025-01-31 04:00:00,2851.9,2859.5,2847.1,2848.4
2025-01-31 08:00:00,2848.4,2852.6,2844.9,2845.8
2025-01-31 12:00:00,2845.7,2851.3,2841.8,2844.4
2025-01-31 16:00:00,2844.2,2856.7,2840.7,2856.4
2025-01-31 20:00:00,2856.5,2862.9,2831.1,2834.2
2025-02-01 00:00:00,2834.2,2835.1,2826.0,2831.5
2025-02-03 04:00:00,2846.5,2861.5,2802.2,2811.5
2025-02-03 08:00:00,2811.6,2819.4,2805.8,2819.0
2025-02-03 12:00:00,2819.1,2835.2,2817.5,2830.4
2025-02-03 16:00:00,2830.4,2872.0,2830.4,2871.1
2025-02-03 20:00:00,2870.5,2871.1,2846.1,2857.3
2025-02-04 00:00:00,2857.2,2861.2,2848.0,2850.7
2025-02-04 04:00:00,2850.4,2858.2,2846.3,2853.2
2025-02-04 08:00:00,2853.2,2856.1,2841.2,2843.1
2025-02-04 12:00:00,2843.2,2848.2,2837.4,2841.2
2025-02-04 16:00:00,2841.2,2874.4,2839.2,2868.7
2025-02-04 20:00:00,2869.3,2877.1,2860.1,2873.7
2025-02-05 00:00:00,2873.8,2875.6,2871.7,2874.2
2025-02-05 04:00:00,2873.7,2882.6,2870.1,2881.0
2025-02-05 08:00:00,2881.3,2888.8,2879.0,2885.7
2025-02-05 12:00:00,2885.8,2901.5,2882.1,2892.5
2025-02-05 16:00:00,2892.5,2896.5,2878.8,2894.0
2025-02-05 20:00:00,2894.2,2906.0,2884.4,2888.2
2025-02-06 00:00:00,2888.1,2889.2,2880.1,2884.8
2025-02-06 04:00:00,2885.0,2893.0,2883.9,2889.0
2025-02-06 08:00:00,2889.0,2890.2,2876.0,2879.2
2025-02-06 12:00:00,2879.2,2884.6,2870.4,2882.1
2025-02-06 16:00:00,2882.0,2894.2,2861.1,2861.9
2025-02-06 20:00:00,2861.8,2878.4,2855.0,2877.6
2025-02-07 00:00:00,2877.6,2882.3,2874.0,2880.1
2025-02-07 04:00:00,2880.2,2891.2,2879.6,2891.0
2025-02-07 08:00:00,2890.9,2892.3,2882.8,2884.2
2025-02-07 12:00:00,2884.2,2897.7,2883.4,2891.8
2025-02-07 16:00:00,2891.9,2904.0,2876.1,2900.3
2025-02-07 20:00:00,2900.3,2910.6,2877.8,2884.6
2025-02-08 00:00:00,2884.7,2889.5,2883.5,2886.1
2025-02-10 04:00:00,2884.8,2902.4,2879.9,2900.8
2025-02-10 08:00:00,2900.8,2916.5,2897.7,2913.8
2025-02-10 12:00:00,2913.8,2932.8,2912.1,2930.8
2025-02-10 16:00:00,2930.9,2937.7,2921.2,2932.9
2025-02-10 20:00:00,2932.8,2938.1,2925.4,2933.7
2025-02-11 00:00:00,2933.5,2937.0,2931.8,2936.8
2025-02-11 04:00:00,2937.0,2968.5,2935.0,2945.7
2025-02-11 08:00:00,2945.6,2953.7,2940.2,2942.7
2025-02-11 12:00:00,2942.8,2944.3,2927.7,2929.1
2025-02-11 16:00:00,2929.0,2933.8,2907.0,2922.4
2025-02-11 20:00:00,2922.3,2935.8,2916.5,2934.9
2025-02-12 00:00:00,2935.0,2935.3,2923.0,2926.5
2025-02-12 04:00:00,2927.0,2927.9,2911.8,2919.4
2025-02-12 08:00:00,2919.3,2920.5,2908.2,2918.9
2025-02-12 12:00:00,2918.9,2920.8,2905.0,2907.4
2025-02-12 16:00:00,2907.2,2925.1,2886.5,2921.1
2025-02-12 20:00:00,2921.2,2936.5,2912.9,2927.3
2025-02-13 00:00:00,2927.4,2929.1,2918.3,2929.0
2025-02-13 04:00:00,2928.8,2937.5,2925.8,2936.7
2025-02-13 08:00:00,2936.8,2950.3,2934.6,2942.8
2025-02-13 12:00:00,2942.9,2946.7,2934.9,2944.8
2025-02-13 16:00:00,2944.7,2949.3,2932.7,2942.9
2025-02-13 20:00:00,2942.8,2953.4,2941.0,2951.9
2025-02-14 00:00:00,2951.9,2958.8,2951.2,2957.2
2025-02-14 04:00:00,2957.3,2964.0,2953.8,2955.8
2025-02-14 08:00:00,2955.9,2963.3,2951.7,2960.7
2025-02-14 12:00:00,2960.7,2964.1,2955.3,2960.6
2025-02-14 16:00:00,2960.6,2961.6,2932.5,2938.9
2025-02-14 20:00:00,2939.2,2939.8,2895.6,2897.0
2025-02-15 00:00:00,2897.1,2899.2,2889.9,2893.7
2025-02-17 04:00:00,2895.1,2912.1,2887.6,2911.8
2025-02-17 08:00:00,2912.0,2916.5,2900.6,2909.0
2025-02-17 12:00:00,2909.0,2919.0,2906.7,2914.1
2025-02-17 16:00:00,2914.1,2917.3,2907.1,2916.6
2025-02-17 20:00:00,2916.7,2917.7,2909.2,2911.0
2025-02-18 00:00:00,2911.0,2911.3,2909.5,2911.2
2025-02-18 04:00:00,2911.1,2918.3,2904.9,2916.2
2025-02-18 08:00:00,2916.4,2928.8,2916.0,2926.2
2025-02-18 12:00:00,2926.3,2928.1,2920.6,2924.7
2025-02-18 16:00:00,2924.6,2946.0,2922.9,2944.9
2025-02-18 20:00:00,2945.1,2953.3,2940.3,2952.7
2025-02-19 00:00:00,2952.6,2956.5,2950.2,2954.4
2025-02-19 04:00:00,2954.1,2959.0,2942.6,2947.8
2025-02-19 08:00:00,2947.8,2952.8,2942.3,2948.4
2025-02-19 12:00:00,2948.3,2964.4,2947.1,2962.3
2025-02-19 16:00:00,2962.1,2963.6,2946.3,2954.9
2025-02-19 20:00:00,2954.8,2956.1,2933.7,2940.7
2025-02-20 00:00:00,2940.7,2952.9,2939.1,2949.6
2025-02-20 04:00:00,2949.5,2959.7,2949.1,2958.6
2025-02-20 08:00:00,2958.6,2966.0,2956.8,2964.8
2025-02-20 12:00:00,2964.5,2973.4,2963.2,2970.6
2025-02-20 16:00:00,2970.7,2971.4,2939.3,2950.6
2025-02-20 20:00:00,2950.7,2963.9,2948.1,2957.4
2025-02-21 00:00:00,2957.5,2957.6,2949.2,2955.6
2025-02-21 04:00:00,2955.7,2964.7,2942.7,2953.4
2025-02-21 08:00:00,2953.4,2954.1,2938.1,2944.0
2025-02-21 12:00:00,2944.1,2948.3,2930.1,2945.3
2025-02-21 16:00:00,2945.2,2954.3,2940.7,2947.6
2025-02-21 20:00:00,2947.9,2959.8,2935.1,2958.5
2025-02-22 00:00:00,2958.4,2959.1,2945.8,2949.6
2025-02-24 04:00:00,2950.4,2955.4,2936.8,2952.8
2025-02-24 08:00:00,2952.8,2957.5,2948.3,2952.1
2025-02-24 12:00:00,2952.1,2963.7,2949.4,2953.9
2025-02-24 16:00:00,2953.9,2974.0,2948.6,2953.4
2025-02-24 20:00:00,2953.3,2964.2,2945.5,2962.7
2025-02-25 00:00:00,2962.8,2969.5,2961.7,2968.9
2025-02-25 04:00:00,2968.5,2970.4,2962.0,2964.6
2025-02-25 08:00:00,2964.6,2965.6,2949.3,2951.1
2025-02-25 12:00:00,2951.0,2956.8,2943.4,2950.9
2025-02-25 16:00:00,2951.1,2959.7,2936.2,2946.5
2025-02-25 20:00:00,2946.3,2948.8,2897.0,2922.2
2025-02-26 00:00:00,2922.1,2930.8,2918.0,2928.6
2025-02-26 04:00:00,2929.0,2942.0,2927.7,2934.5
2025-02-26 08:00:00,2934.4,2935.5,2919.5,2919.6
2025-02-26 12:00:00,2919.5,2932.5,2918.7,2925.3
2025-02-26 16:00:00,2925.1,2929.5,2903.3,2915.2
2025-02-26 20:00:00,2915.0,2932.1,2912.5,2929.4
2025-02-27 00:00:00,2929.4,2933.9,2926.5,2931.7
2025-02-27 04:00:00,2931.4,2935.8,2917.4,2919.1
2025-02-27 08:00:00,2919.1,2922.4,2902.1,2906.3
2025-02-27 12:00:00,2906.2,2908.7,2889.4,2906.0
2025-02-27 16:00:00,2906.1,2908.2,2879.0,2884.2
2025-02-27 20:00:00,2884.4,2899.0,2882.1,2899.0
2025-02-28 00:00:00,2899.0,2899.2,2881.5,2887.8
2025-02-28 04:00:00,2889.0,2896.1,2882.7,2884.7
2025-02-28 08:00:00,2884.8,2888.6,2867.2,2875.2
2025-02-28 12:00:00,2875.1,2877.1,2862.7,2874.5
2025-02-28 16:00:00,2874.6,2877.3,2845.2,2846.4
2025-02-28 20:00:00,2846.2,2866.4,2844.1,2855.8
2025-03-01 00:00:00,2855.8,2869.9,2854.3,2867.3
2025-03-03 04:00:00,2872.0,2888.5,2866.3,2878.5
2025-03-03 08:00:00,2878.4,2878.4,2869.2,2875.4
2025-03-03 12:00:00,2875.6,2884.6,2868.8,2882.4
2025-03-03 16:00:00,2882.4,2895.0,2879.6,2888.6
2025-03-03 20:00:00,2888.4,2904.2,2884.7,2900.3
2025-03-04 00:00:00,2900.1,2906.4,2887.8,2904.1
2025-03-04 04:00:00,2904.2,2904.4,2892.5,2895.6
2025-03-04 08:00:00,2895.5,2904.7,2894.8,2897.6
2025-03-04 12:00:00,2897.8,2931.9,2897.1,2924.6
2025-03-04 16:00:00,2924.4,2939.8,2913.8,2914.0
2025-03-04 20:00:00,2913.9,2927.9,2910.6,2921.8
2025-03-05 00:00:00,2921.7,2931.5,2921.5,2928.2
2025-03-05 04:00:00,2929.0,2929.8,2912.5,2915.0
2025-03-05 08:00:00,2914.9,2932.6,2913.8,2927.4
2025-03-05 12:00:00,2927.6,2933.7,2919.2,2923.4
2025-03-05 16:00:00,2923.2,2930.1,2903.4,2921.9
2025-03-05 20:00:00,2921.7,2941.3,2915.1,2926.8
2025-03-06 00:00:00,2926.7,2932.4,2925.2,2929.0
2025-03-06 04:00:00,2929.5,2935.9,2924.0,2934.8
2025-03-06 08:00:00,2934.9,2935.0,2922.8,2928.5
2025-03-06 12:00:00,2928.5,2930.4,2897.6,2907.1
2025-03-06 16:00:00,2907.1,2925.5,2906.2,2923.6
2025-03-06 20:00:00,2923.8,2931.8,2916.9,2924.3
2025-03-07 00:00:00,2924.6,2925.8,2916.1,2919.8
2025-03-07 04:00:00,2919.2,2920.6,2905.3,2915.0
2025-03-07 08:00:00,2914.9,2921.7,2911.0,2920.6
2025-03-07 12:00:00,2920.5,2931.2,2919.1,2926.0
2025-03-07 16:00:00,2925.9,2937.4,2909.2,2934.9
2025-03-07 20:00:00,2934.8,2938.8,2909.6,2915.3
2025-03-08 00:00:00,2915.5,2920.2,2912.6,2917.7
2025-03-10 04:00:00,2919.6,2926.4,2917.4,2918.7
2025-03-10 08:00:00,2918.8,2921.0,2913.1,2916.1
2025-03-10 12:00:00,2916.2,2922.0,2902.9,2918.1
2025-03-10 16:00:00,2918.1,2918.2,2901.8,2910.0
2025-03-10 20:00:00,2910.0,2917.5,2887.0,2892.1
2025-03-11 00:00:00,2891.9,2896.5,2885.2,2893.3
2025-03-11 04:00:00,2893.2,2894.4,2882.5,2892.7
2025-03-11 08:00:00,2893.1,2903.9,2892.6,2899.7
2025-03-11 12:00:00,2899.8,2917.8,2897.8,2916.8
2025-03-11 16:00:00,2916.9,2929.0,2912.1,2924.0
2025-03-11 20:00:00,2923.9,2927.8,2917.3,2923.8
2025-03-12 00:00:00,2923.8,2927.8,2920.8,2922.8
2025-03-12 04:00:00,2922.3,2925.4,2917.3,2921.0
2025-03-12 08:00:00,2920.9,2925.8,2917.8,2921.5
2025-03-12 12:00:00,2921.6,2931.5,2914.1,2920.9
2025-03-12 16:00:00,2920.9,2929.5,2911.0,2921.0
2025-03-12 20:00:00,2920.9,2948.9,2919.9,2944.0
2025-03-13 00:00:00,2943.8,2944.9,2939.3,2943.4
2025-03-13 04:00:00,2943.3,2950.0,2942.4,2946.3
2025-03-13 08:00:00,2946.1,2956.5,2945.8,2949.4
2025-03-13 12:00:00,2949.2,2957.5,2942.2,2956.5
2025-03-13 16:00:00,2956.7,2963.3,2947.6,2960.1
2025-03-13 20:00:00,2960.1,2998.5,2959.5,2991.8
2025-03-14 00:00:00,2991.6,3001.5,2991.1,3001.3
2025-03-14 04:00:00,3001.4,3003.9,2994.8,3001.3
2025-03-14 08:00:00,3001.2,3005.9,2995.0,2999.6
2025-03-14 12:00:00,2999.4,3012.2,2994.3,3011.1
2025-03-14 16:00:00,3010.9,3017.1,2993.7,2997.9
2025-03-14 20:00:00,2997.1,3005.9,2988.6,2997.4
2025-03-15 00:00:00,2997.6,2997.8,2990.0,2993.6
2025-03-17 04:00:00,2994.8,3002.2,2991.9,2998.3
2025-03-17 08:00:00,2998.0,2999.4,2991.4,2994.9
2025-03-17 12:00:00,2995.0,3004.2,2991.5,3003.1
2025-03-17 16:00:00,3003.4,3009.4,2991.6,2996.2
2025-03-17 20:00:00,2996.0,3008.0,2994.8,3006.3
2025-03-18 00:00:00,3006.1,3010.9,3004.6,3010.1
2025-03-18 04:00:00,3009.4,3017.8,3008.2,3015.2
2025-03-18 08:00:00,3015.2,3025.7,3011.7,3021.4
2025-03-18 12:00:00,3021.4,3037.6,3020.2,3030.1
2025-03-18 16:00:00,3030.0,3047.5,3029.3,3040.5
2025-03-18 20:00:00,3040.3,3045.0,3031.3,3040.4
2025-03-19 00:00:00,3040.5,3045.0,3040.1,3041.7
2025-03-19 04:00:00,3041.4,3041.7,3035.0,3036.9
2025-03-19 08:00:00,3036.8,3052.4,3036.3,3051.4
2025-03-19 12:00:00,3051.4,3051.5,3031.3,3038.9
2025-03-19 16:00:00,3038.9,3048.9,3035.0,3041.8
2025-03-19 20:00:00,3041.7,3046.9,3033.6,3038.6
2025-03-20 00:00:00,3038.9,3061.6,3037.5,3057.5
2025-03-20 04:00:00,3058.0,3065.2,3056.9,3057.2
2025-03-20 08:00:00,3057.1,3065.2,3053.2,3055.3
2025-03-20 12:00:00,3055.3,3059.2,3045.5,3048.2
2025-03-20 16:00:00,3048.2,3051.0,3032.8,3039.8
2025-03-20 20:00:00,3039.7,3050.7,3038.0,3048.5
2025-03-21 00:00:00,3048.6,3054.5,3048.1,3052.8
2025-03-21 04:00:00,3052.6,3055.0,3043.8,3043.8
2025-03-21 08:00:00,3044.0,3045.4,3026.9,3035.2
2025-03-21 12:00:00,3035.3,3041.5,3033.1,3036.2
2025-03-21 16:00:00,3036.4,3045.4,3008.6,3010.9
2025-03-21 20:00:00,3010.7,3023.7,3004.1,3019.7
2025-03-22 00:00:00,3019.9,3030.0,3019.6,3028.2
2025-03-24 04:00:00,3027.6,3031.6,3021.2,3025.4
2025-03-24 08:00:00,3025.6,3028.9,3019.2,3026.8
2025-03-24 12:00:00,3026.7,3034.9,3022.2,3028.7
2025-03-24 16:00:00,3028.6,3038.4,3023.1,3027.1
2025-03-24 20:00:00,3026.9,3028.6,3009.8,3013.4
2025-03-25 00:00:00,3013.4,3020.4,3007.7,3017.6
2025-03-25 04:00:00,3017.5,3019.4,3013.7,3015.9
2025-03-25 08:00:00,3015.9,3025.4,3010.8,3022.5
2025-03-25 12:00:00,3022.6,3027.7,3014.7,3027.3
2025-03-25 16:00:00,3027.3,3037.0,3018.8,3034.2
2025-03-25 20:00:00,3034.2,3042.4,3022.9,3028.1
2025-03-26 00:00:00,3028.1,3028.6,3023.1,3026.2
2025-03-26 04:00:00,3025.8,3029.2,3020.2,3028.4
2025-03-26 08:00:00,3028.5,3030.7,3017.8,3026.3
2025-03-26 12:00:00,3026.0,3036.1,3021.9,3023.9
2025-03-26 16:00:00,3023.8,3036.0,3021.8,3022.6
2025-03-26 20:00:00,3022.3,3027.8,3018.0,3024.6
2025-03-27 00:00:00,3024.6,3028.2,3020.7,3026.6
2025-03-27 04:00:00,3025.6,3032.2,3022.3,3028.4
2025-03-27 08:00:00,3028.3,3043.9,3028.2,3036.3
2025-03-27 12:00:00,3036.3,3049.4,3034.2,3048.8
2025-03-27 16:00:00,3048.7,3065.5,3040.6,3049.9
2025-03-27 20:00:00,3049.8,3071.3,3049.8,3066.7
2025-03-28 00:00:00,3066.6,3070.0,3066.4,3069.1
2025-03-28 04:00:00,3099.3,3114.9,3096.3,3114.8
2025-03-28 08:00:00,3114.8,3120.3,3109.3,3117.1
2025-03-28 12:00:00,3117.1,3124.4,3106.9,3110.9
2025-03-28 16:00:00,3110.8,3119.5,3103.4,3118.5
2025-03-28 20:00:00,3118.8,3122.4,3100.9,3110.3
2025-03-29 00:00:00,3110.5,3119.8,3105.6,3118.0
2025-03-31 04:00:00,3118.8,3129.1,3112.4,3127.6
2025-03-31 08:00:00,3127.5,3152.4,3126.7,3149.2
2025-03-31 12:00:00,3149.0,3159.3,3143.3,3147.8
2025-03-31 16:00:00,3147.7,3160.7,3131.4,3146.5
2025-03-31 20:00:00,3146.3,3162.0,3143.2,3150.3
2025-04-01 00:00:00,3150.3,3158.5,3149.9,3157.4
2025-04-01 04:00:00,3157.3,3169.8,3155.0,3166.0
2025-04-01 08:00:00,3166.2,3177.0,3158.6,3161.1
2025-04-01 12:00:00,3161.0,3164.7,3152.2,3159.7
2025-04-01 16:00:00,3159.8,3168.5,3156.5,3165.5
2025-04-01 20:00:00,3165.7,3167.8,3130.5,3146.7
2025-04-02 00:00:00,3146.7,3154.1,3146.0,3148.5
2025-04-02 04:00:00,3147.5,3163.5,3141.2,3161.1
2025-04-02 08:00:00,3161.1,3163.8,3135.7,3147.2
2025-04-02 12:00:00,3147.4,3167.0,3141.2,3164.0
2025-04-02 16:00:00,3164.3,3170.5,3145.3,3159.1
2025-04-02 20:00:00,3159.4,3177.7,3156.0,3167.5
2025-04-03 00:00:00,3167.6,3201.6,3144.2,3190.3
2025-04-03 04:00:00,3196.6,3196.6,3151.0,3178.1
2025-04-03 08:00:00,3178.0,3179.9,3146.2,3154.1
2025-04-03 12:00:00,3154.3,3156.2,3138.2,3142.8
2025-04-03 16:00:00,3142.9,3143.3,3073.5,3106.9
2025-04-03 20:00:00,3107.5,3159.5,3107.5,3131.5
2025-04-04 00:00:00,3131.5,3143.3,3121.8,3138.1
2025-04-04 04:00:00,3138.0,3138.8,3126.1,3129.4
2025-04-04 08:00:00,3129.6,3132.8,3107.0,3129.5
2025-04-04 12:00:00,3129.3,3131.2,3098.7,3111.5
2025-04-04 16:00:00,3111.6,3160.2,3078.0,3081.3
2025-04-04 20:00:00,3081.0,3081.0,3032.7,3043.8
2025-04-05 00:00:00,3043.5,3062.2,3037.1,3056.1
2025-04-07 04:00:00,3055.1,3084.4,2985.0,3058.9
2025-04-07 08:00:00,3059.2,3078.0,3033.0,3047.2
2025-04-07 12:00:00,3047.3,3052.3,3030.1,3041.1
2025-04-07 16:00:00,3041.2,3064.5,3018.4,3032.4
2025-04-07 20:00:00,3032.2,3056.3,2970.4,2984.5
2025-04-08 00:00:00,2984.2,3001.6,2978.7,2998.8
2025-04-08 04:00:00,2997.5,3016.9,2993.1,3013.9
2025-04-08 08:00:00,3013.8,3022.7,3005.1,3020.6
2025-04-08 12:00:00,3020.5,3030.6,3009.0,3021.6
2025-04-08 16:00:00,3021.8,3037.9,3016.3,3024.6
2025-04-08 20:00:00,3024.7,3034.0,2988.6,2999.6
2025-04-09 00:00:00,2999.6,3007.4,2990.9,2998.3
2025-04-09 04:00:00,2998.3,3023.9,2983.3,3022.4
2025-04-09 08:00:00,3022.4,3039.0,3012.4,3032.1
2025-04-09 12:00:00,3032.3,3071.4,3031.1,3062.1
2025-04-09 16:00:00,3062.0,3095.4,3054.0,3092.0
2025-04-09 20:00:00,3091.7,3116.8,3066.1,3076.1
2025-04-10 00:00:00,3076.1,3118.5,3063.4,3099.8
2025-04-10 04:00:00,3099.1,3117.4,3086.1,3109.8
2025-04-10 08:00:00,3109.8,3149.4,3109.4,3139.4
2025-04-10 12:00:00,3139.0,3142.6,3119.4,3132.6
2025-04-10 16:00:00,3132.8,3154.7,3128.0,3134.2
2025-04-10 20:00:00,3134.4,3193.8,3134.0,3179.7
2025-04-11 00:00:00,3179.7,3195.0,3175.1,3194.2
2025-04-11 04:00:00,3194.2,3240.2,3193.4,3226.3
2025-04-11 08:00:00,3226.1,3241.5,3205.0,3215.2
2025-04-11 12:00:00,3214.9,3249.0,3209.6,3246.4
2025-04-11 16:00:00,3246.5,3262.3,3227.2,3241.0
2025-04-11 20:00:00,3241.0,3263.0,3235.4,3251.9
2025-04-12 00:00:00,3252.1,3257.1,3245.4,3254.9
2025-04-14 04:00:00,3246.0,3259.8,3225.6,3256.2
2025-04-14 08:00:00,3255.8,3261.6,3236.7,3249.9
2025-04-14 12:00:00,3249.7,3253.8,3232.3,3239.9
2025-04-14 16:00:00,3239.7,3244.4,3208.7,3221.3
2025-04-14 20:00:00,3221.1,3232.6,3211.7,3229.4
2025-04-15 00:00:00,3229.5,3230.8,3216.6,3226.8
2025-04-15 04:00:00,3226.1,3242.0,3225.5,3239.4
2025-04-15 08:00:00,3239.8,3249.0,3234.7,3240.4
2025-04-15 12:00:00,3240.3,3247.7,3232.7,3238.6
2025-04-15 16:00:00,3238.6,3243.3,3228.0,3229.9
2025-04-15 20:00:00,3229.9,3247.0,3229.8,3244.0
2025-04-16 00:00:00,3244.0,3250.9,3241.7,3246.9
2025-04-16 04:00:00,3248.4,3291.6,3245.2,3286.7
2025-04-16 08:00:00,3286.5,3308.8,3281.3,3307.3
2025-04-16 12:00:00,3307.3,3334.2,3302.8,3319.6
2025-04-16 16:00:00,3320.0,3333.5,3309.1,3328.3
2025-04-16 20:00:00,3328.4,3349.2,3321.0,3344.0
2025-04-17 00:00:00,3343.8,3358.4,3342.1,3357.7
2025-04-17 04:00:00,3357.5,3371.9,3333.1,3337.0
2025-04-17 08:00:00,3336.9,3357.4,3333.5,3342.3
2025-04-17 12:00:00,3342.6,3347.0,3325.5,3335.1
2025-04-17 16:00:00,3335.3,3355.8,3324.4,3327.9
2025-04-17 20:00:00,3327.9,3336.4,3296.4,3332.5
2025-04-18 00:00:00,3332.5,3342.7,3323.7,3341.3
2025-04-21 04:00:00,3347.0,3391.6,3344.0,3390.2
2025-04-21 08:00:00,3390.4,3397.6,3382.0,3396.8
2025-04-21 12:00:00,3396.8,3408.8,3393.3,3406.7
2025-04-21 16:00:00,3406.6,3438.9,3398.1,3432.3
2025-04-21 20:00:00,3432.4,3442.3,3417.1,3434.1
2025-04-22 00:00:00,3434.1,3441.6,3428.2,3435.1
2025-04-22 04:00:00,3435.1,3464.6,3423.9,3462.6
2025-04-22 08:00:00,3462.5,3504.9,3452.4,3503.6
2025-04-22 12:00:00,3503.8,3509.9,3454.1,3466.7
2025-04-22 16:00:00,3466.8,3480.4,3419.0,3430.9
2025-04-22 20:00:00,3431.0,3452.2,3383.2,3414.2
2025-04-23 00:00:00,3414.2,3414.8,3379.1,3392.0
2025-04-23 04:00:00,3367.7,3396.0,3316.0,3388.8
2025-04-23 08:00:00,3388.7,3389.6,3324.7,3329.1
2025-04-23 12:00:00,3329.2,3352.4,3302.6,3328.5
2025-04-23 16:00:00,3328.3,3351.7,3281.6,3288.0
2025-04-23 20:00:00,3287.8,3319.0,3270.8,3294.0
2025-04-24 00:00:00,3294.2,3310.3,3290.6,3301.5
2025-04-24 04:00:00,3301.8,3377.0,3301.3,3366.5
2025-04-24 08:00:00,3366.4,3372.8,3330.6,3334.3
2025-04-24 12:00:00,3334.4,3354.7,3325.3,3347.7
2025-04-24 16:00:00,3347.2,3356.7,3323.5,3326.5
2025-04-24 20:00:00,3326.5,3351.2,3316.9,3349.2
2025-04-25 00:00:00,3349.0,3361.9,3345.2,3361.3
2025-04-25 04:00:00,3362.0,3384.1,3353.1,3356.2
2025-04-25 08:00:00,3356.1,3365.5,3296.0,3303.9
2025-04-25 12:00:00,3303.8,3325.2,3297.4,3302.1
2025-04-25 16:00:00,3302.1,3317.0,3274.8,3290.7
2025-04-25 20:00:00,3290.9,3306.6,3279.8,3304.2
2025-04-26 00:00:00,3304.4,3331.5,3298.7,3330.2
2025-04-28 04:00:00,3336.5,3348.2,3289.0,3290.8
2025-04-28 08:00:00,3290.9,3311.4,3278.0,3304.8
2025-04-28 12:00:00,3305.4,3307.0,3284.2,3284.4
2025-04-28 16:00:00,3284.4,3313.8,3282.6,3303.5
2025-04-28 20:00:00,3303.3,3351.7,3303.3,3346.7
2025-04-29 00:00:00,3346.3,3363.8,3345.1,3354.8
2025-04-29 04:00:00,3354.9,3359.3,3333.1,3337.6
2025-04-29 08:00:00,3337.5,3344.9,3314.8,3320.2
2025-04-29 12:00:00,3320.5,3334.8,3318.5,3318.7
2025-04-29 16:00:00,3318.7,3331.8,3309.2,3317.1
2025-04-29 20:00:00,3317.1,3340.5,3309.6,3324.1
2025-04-30 00:00:00,3323.8,3335.2,3322.8,3327.6
2025-04-30 04:00:00,3324.5,3337.6,3317.0,3317.5
2025-04-30 08:00:00,3317.3,3324.1,3310.7,3319.4
2025-04-30 12:00:00,3319.6,3324.3,3284.0,3285.3
2025-04-30 16:00:00,3285.1,3330.1,3275.6,3318.9
2025-04-30 20:00:00,3318.5,3325.1,3301.6,3315.8
2025-05-01 00:00:00,3315.7,3318.0,3293.9,3299.2
2025-05-01 04:00:00,3299.0,3300.6,3241.6,3246.9
2025-05-01 08:00:00,3246.5,3258.5,3228.3,3244.6
2025-05-01 12:00:00,3245.0,3251.8,3221.8,3226.0
2025-05-01 16:00:00,3226.3,3241.6,3209.4,3233.0
2025-05-01 20:00:00,3232.3,3239.5,3212.2,3221.9
2025-05-02 00:00:00,3222.0,3249.0,3220.2,3248.3
2025-05-02 04:00:00,3247.6,3253.1,3234.5,3244.7
2025-05-02 08:00:00,3245.2,3267.4,3244.2,3260.0
2025-05-02 12:00:00,3260.0,3275.5,3254.6,3273.1
2025-05-02 16:00:00,3273.3,3277.0,3246.6,3258.0
2025-05-02 20:00:00,3257.7,3273.2,3229.5,3238.4
2025-05-03 00:00:00,3238.6,3249.2,3231.7,3247.4
2025-05-05 04:00:00,3247.1,3278.3,3243.1,3272.1
2025-05-05 08:00:00,3272.1,3280.6,3260.9,3267.9
2025-05-05 12:00:00,3267.9,3317.7,3265.0,3317.3
2025-05-05 16:00:00,3317.4,3331.7,3316.7,3325.1
2025-05-05 20:00:00,3324.4,3337.9,3314.0,3325.5
2025-05-06 00:00:00,3325.4,3346.7,3322.3,3343.5
2025-05-06 04:00:00,3345.7,3390.0,3332.1,3388.9
2025-05-06 08:00:00,3388.5,3395.0,3357.4,3369.3
2025-05-06 12:00:00,3369.5,3391.2,3366.2,3390.9
2025-05-06 16:00:00,3390.8,3406.4,3380.6,3399.8
2025-05-06 20:00:00,3399.5,3425.9,3386.9,3422.0
2025-05-07 00:00:00,3422.2,3444.5,3418.1,3441.8
2025-05-07 04:00:00,3448.1,3448.2,3367.0,3382.7
2025-05-07 08:00:00,3382.7,3401.9,3378.2,3396.0
2025-05-07 12:00:00,3396.2,3405.8,3376.9,3377.8
2025-05-07 16:00:00,3377.7,3406.6,3377.0,3402.4
2025-05-07 20:00:00,3402.3,3402.9,3383.3,3393.6
2025-05-08 00:00:00,3393.6,3406.5,3371.2,3372.6
2025-05-08 04:00:00,3373.1,3417.0,3371.3,3415.8
2025-05-08 08:00:00,3415.7,3422.0,3360.3,3361.0
2025-05-08 12:00:00,3361.0,3368.0,3325.4,3337.4
2025-05-08 16:00:00,3337.2,3375.7,3335.2,3361.7
2025-05-08 20:00:00,3361.6,3369.5,3302.4,3313.6
2025-05-09 00:00:00,3313.7,3316.0,3293.3,3310.4
2025-05-09 04:00:00,3310.2,3329.0,3290.6,3295.9
2025-05-09 08:00:00,3295.6,3335.9,3278.9,3326.0
2025-05-09 12:00:00,3325.8,3337.0,3319.7,3329.6
2025-05-09 16:00:00,3329.6,3345.0,3326.3,3335.5
2025-05-09 20:00:00,3335.7,3352.7,3324.7,3346.1
2025-05-10 00:00:00,3346.1,3348.2,3328.5,3329.1
2025-05-12 04:00:00,3281.0,3295.5,3251.5,3275.7
2025-05-12 08:00:00,3275.4,3288.9,3272.2,3279.8
2025-05-12 12:00:00,3279.9,3285.2,3216.0,3218.7
2025-05-12 16:00:00,3218.1,3253.0,3211.2,3244.6
2025-05-12 20:00:00,3244.3,3252.3,3225.1,3226.8
2025-05-13 00:00:00,3227.3,3243.0,3223.9,3241.8
2025-05-13 04:00:00,3240.7,3247.7,3220.1,3229.5
2025-05-13 08:00:00,3229.8,3265.6,3227.5,3261.0
2025-05-13 12:00:00,3260.9,3270.4,3251.8,3257.8
2025-05-13 16:00:00,3257.8,3263.5,3231.4,3232.0
2025-05-13 20:00:00,3231.9,3262.1,3229.5,3251.9
2025-05-14 00:00:00,3251.9,3259.6,3250.3,3254.5
2025-05-14 04:00:00,3254.1,3261.3,3241.6,3243.3
2025-05-14 08:00:00,3243.1,3245.8,3225.2,3237.2
2025-05-14 12:00:00,3237.2,3248.2,3227.7,3236.2
2025-05-14 16:00:00,3236.1,3243.3,3178.3,3195.2
2025-05-14 20:00:00,3195.2,3198.1,3177.5,3185.6
2025-05-15 00:00:00,3185.9,3186.9,3170.7,3180.7
2025-05-15 04:00:00,3180.8,3195.6,3173.5,3174.6
2025-05-15 08:00:00,3175.1,3178.4,3126.4,3132.3
2025-05-15 12:00:00,3132.5,3174.4,3123.3,3167.8
2025-05-15 16:00:00,3168.0,3203.4,3166.7,3194.7
2025-05-15 20:00:00,3194.8,3232.6,3193.5,3224.5
2025-05-16 00:00:00,3224.5,3244.3,3223.1,3243.9
2025-05-16 04:00:00,3243.5,3255.8,3218.4,3226.0
2025-05-16 08:00:00,3226.0,3231.3,3209.2,3221.8
2025-05-16 12:00:00,3221.7,3234.1,3198.5,3211.9
2025-05-16 16:00:00,3212.4,3214.0,3156.4,3183.0
2025-05-16 20:00:00,3183.1,3196.0,3168.5,3192.1
2025-05-17 00:00:00,3192.4,3208.7,3187.2,3205.3
2025-05-19 04:00:00,3220.0,3252.9,3212.2,3222.0
2025-05-19 08:00:00,3221.8,3233.5,3209.1,3226.8
2025-05-19 12:00:00,3226.6,3251.1,3223.0,3245.2
2025-05-19 16:00:00,3245.1,3251.8,3227.2,3232.7
2025-05-19 20:00:00,3232.6,3243.3,3219.7,3228.7
2025-05-20 00:00:00,3229.0,3238.2,3227.8,3232.2
2025-05-20 04:00:00,3233.0,3235.8,3215.9,3224.3
2025-05-20 08:00:00,3224.4,3226.3,3207.4,3216.1
2025-05-20 12:00:00,3215.9,3241.7,3209.7,3238.5
2025-05-20 16:00:00,3238.4,3265.3,3233.9,3264.6
2025-05-20 20:00:00,3264.4,3291.2,3263.7,3289.4
2025-05-21 00:00:00,3289.6,3298.5,3287.3,3292.6
2025-05-21 04:00:00,3293.0,3316.8,3287.0,3296.8
2025-05-21 08:00:00,3296.6,3321.4,3291.1,3318.2
2025-05-21 12:00:00,3317.9,3322.5,3305.7,3315.6
2025-05-21 16:00:00,3316.0,3320.5,3291.5,3306.1
2025-05-21 20:00:00,3306.0,3318.9,3297.3,3318.8
2025-05-22 00:00:00,3318.8,3327.2,3314.2,3316.6
2025-05-22 04:00:00,3318.0,3344.2,3316.3,3339.0
2025-05-22 08:00:00,3338.8,3346.8,3327.4,3333.5
2025-05-22 12:00:00,3333.8,3337.2,3303.8,3305.4
2025-05-22 16:00:00,3305.2,3316.0,3282.2,3286.9
2025-05-22 20:00:00,3286.8,3304.2,3277.8,3295.6
2025-05-23 00:00:00,3295.7,3297.9,3287.7,3295.1
2025-05-23 04:00:00,3295.1,3309.5,3285.5,3303.8
2025-05-23 08:00:00,3304.2,3325.4,3289.3,3323.5
2025-05-23 12:00:00,3323.4,3334.4,3322.2,3328.5
2025-05-23 16:00:00,3328.5,3365.7,3322.7,3340.2
2025-05-23 20:00:00,3339.9,3366.5,3336.2,3363.0
2025-05-24 00:00:00,3363.1,3366.5,3355.9,3357.7
2025-05-26 04:00:00,3355.6,3356.0,3329.3,3343.3
2025-05-26 08:00:00,3343.2,3355.3,3341.3,3346.5
2025-05-26 12:00:00,3346.6,3346.8,3322.9,3328.3
2025-05-26 16:00:00,3328.3,3339.0,3326.1,3338.3
2025-05-26 20:00:00,3338.5,3343.8,3335.8,3341.1
2025-05-27 00:00:00,3341.1,3343.3,3340.9,3342.2
2025-05-27 04:00:00,3342.8,3349.7,3330.6,3335.0
2025-05-27 08:00:00,3335.3,3347.0,3315.0,3322.8
2025-05-27 12:00:00,3322.6,3327.7,3291.7,3295.1
2025-05-27 16:00:00,3295.0,3303.7,3286.1,3294.1
2025-05-27 20:00:00,3293.9,3303.3,3283.0,3300.2
2025-05-28 00:00:00,3300.3,3306.9,3298.2,3299.7
2025-05-28 04:00:00,3300.9,3314.9,3295.1,3300.0
2025-05-28 08:00:00,3299.9,3312.4,3289.9,3305.6
2025-05-28 12:00:00,3305.7,3324.5,3296.6,3323.3
2025-05-28 16:00:00,3323.5,3323.9,3295.2,3303.6
2025-05-28 20:00:00,3303.7,3308.3,3286.1,3294.9
2025-05-29 00:00:00,3295.1,3301.0,3273.5,3284.4
2025-05-29 04:00:00,3311.8,3318.6,3269.1,3286.8
2025-05-29 08:00:00,3287.0,3304.2,3284.0,3296.5
2025-05-29 12:00:00,3296.4,3314.1,3291.9,3306.2
2025-05-29 16:00:00,3306.3,3347.2,3306.3,3337.3
2025-05-29 20:00:00,3337.5,3356.3,3329.0,3349.0
2025-05-30 00:00:00,3349.0,3350.5,3339.2,3342.6
2025-05-30 04:00:00,3343.2,3347.0,3332.2,3334.1
2025-05-30 08:00:00,3333.9,3336.4,3313.7,3327.3
2025-05-30 12:00:00,3327.0,3327.8,3311.3,3320.0
2025-05-30 16:00:00,3319.8,3332.9,3298.9,3300.6
2025-05-30 20:00:00,3300.6,3320.2,3294.8,3315.2
2025-05-31 00:00:00,3315.2,3319.7,3312.7,3313.1
2025-06-02 04:00:00,3323.0,3339.9,3319.4,3326.6
2025-06-02 08:00:00,3326.6,3350.0,3326.4,3347.8
2025-06-02 12:00:00,3347.9,3384.0,3347.6,3372.7
2025-06-02 16:00:00,3372.9,3401.3,3368.8,3395.8
2025-06-02 20:00:00,3396.1,3404.7,3391.8,3399.2
2025-06-03 00:00:00,3399.4,3408.1,3395.8,3406.4
2025-06-03 04:00:00,3406.5,3417.8,3387.8,3397.3
2025-06-03 08:00:00,3397.3,3403.0,3381.1,3389.8
2025-06-03 12:00:00,3389.9,3392.1,3375.6,3381.2
2025-06-03 16:00:00,3381.5,3387.2,3364.5,3370.4
2025-06-03 20:00:00,3369.8,3378.7,3357.2,3377.6
2025-06-04 00:00:00,3377.6,3379.8,3374.6,3376.9
2025-06-04 04:00:00,3377.8,3396.7,3369.7,3395.2
2025-06-04 08:00:00,3395.1,3397.1,3372.0,3374.7
2025-06-04 12:00:00,3374.5,3389.1,3372.5,3387.1
2025-06-04 16:00:00,3386.7,3388.4,3366.9,3377.0
2025-06-04 20:00:00,3377.3,3409.7,3375.1,3403.7
2025-06-05 00:00:00,3403.8,3406.8,3394.4,3397.4
2025-06-05 04:00:00,3398.0,3407.7,3394.1,3397.3
2025-06-05 08:00:00,3397.1,3400.5,3384.5,3387.3
2025-06-05 12:00:00,3387.5,3415.3,3386.8,3413.5
2025-06-05 16:00:00,3413.3,3427.7,3394.8,3401.9
2025-06-05 20:00:00,3401.9,3407.3,3362.3,3376.9
2025-06-06 00:00:00,3376.9,3384.7,3373.1,3376.1
2025-06-06 04:00:00,3377.4,3392.0,3375.9,3386.9
2025-06-06 08:00:00,3386.9,3398.3,3381.7,3389.5
2025-06-06 12:00:00,3389.4,3391.0,3375.0,3379.8
2025-06-06 16:00:00,3380.0,3387.5,3364.8,3365.6
2025-06-06 20:00:00,3365.4,3367.8,3338.5,3345.9
2025-06-07 00:00:00,3346.2,3346.4,3328.8,3331.0
2025-06-09 04:00:00,3333.4,3341.0,3314.5,3315.5
2025-06-09 08:00:00,3315.9,3336.9,3313.1,3335.1
2025-06-09 12:00:00,3335.0,3349.8,3332.7,3339.6
2025-06-09 16:00:00,3339.5,3343.4,3331.5,3340.1
2025-06-09 20:00:00,3339.9,3359.0,3336.9,3354.0
2025-06-10 00:00:00,3354.0,3357.7,3346.1,3346.7
2025-06-10 04:00:00,3346.3,3348.3,3322.6,3326.2
2025-06-10 08:00:00,3325.8,3339.4,3321.3,3337.9
2025-06-10 12:00:00,3337.9,3355.8,3335.6,3350.5
2025-06-10 16:00:00,3350.6,3370.4,3348.8,3364.6
2025-06-10 20:00:00,3364.6,3364.9,3340.8,3345.8
2025-06-11 00:00:00,3345.9,3355.6,3340.1,3344.8
2025-06-11 04:00:00,3344.3,3358.6,3335.4,3349.5
2025-06-11 08:00:00,3349.4,3364.8,3347.9,3360.5
2025-06-11 12:00:00,3360.6,3369.7,3352.7,3354.7
2025-06-11 16:00:00,3354.7,3382.3,3345.7,3350.7
2025-06-11 20:00:00,3350.5,3363.5,3339.4,3344.5
2025-06-12 00:00:00,3344.7,3376.6,3344.0,3376.0
2025-06-12 04:00:00,3377.5,3397.1,3376.3,3391.6
2025-06-12 08:00:00,3391.3,3398.4,3388.0,3394.8
2025-06-12 12:00:00,3394.9,3395.7,3358.5,3385.5
2025-06-12 16:00:00,3385.6,3419.8,3382.5,3412.8
2025-06-12 20:00:00,3412.7,3414.2,3398.1,3403.3
2025-06-13 00:00:00,3403.4,3409.7,3402.3,3406.4
2025-06-13 04:00:00,3406.7,3455.3,3399.6,3449.0
2025-06-13 08:00:00,3448.7,3467.0,3439.0,3447.2
2025-06-13 12:00:00,3447.2,3450.5,3428.3,3444.7
2025-06-13 16:00:00,3444.5,3468.0,3432.0,3457.6
2025-06-13 20:00:00,3457.3,3460.5,3439.2,3450.6
2025-06-14 00:00:00,3450.7,3459.6,3448.6,3452.6
2025-06-16 04:00:00,3473.0,3476.3,3444.0,3460.6
2025-06-16 08:00:00,3460.9,3465.9,3436.7,3441.2
2025-06-16 12:00:00,3440.8,3440.8,3428.9,3431.6
2025-06-16 16:00:00,3431.5,3442.4,3400.9,3407.3
2025-06-16 20:00:00,3407.2,3425.4,3406.5,3412.2
2025-06-17 00:00:00,3412.2,3413.8,3402.2,3404.3
2025-06-17 04:00:00,3404.2,3422.7,3404.0,3412.6
2025-06-17 08:00:00,3412.5,3419.9,3391.3,3411.0
2025-06-17 12:00:00,3410.8,3410.9,3393.7,3403.8
2025-06-17 16:00:00,3404.0,3419.0,3402.1,3409.8
2025-06-17 20:00:00,3409.6,3411.3,3384.4,3408.7
2025-06-18 00:00:00,3408.9,3411.0,3400.7,3406.5
2025-06-18 04:00:00,3409.0,3414.6,3397.3,3397.7
2025-06-18 08:00:00,3397.5,3419.0,3388.8,3405.1
2025-06-18 12:00:00,3405.0,3406.6,3393.5,3396.6
2025-06-18 16:00:00,3396.4,3415.8,3393.9,3411.1
2025-06-18 20:00:00,3411.1,3413.2,3391.7,3403.5
2025-06-19 00:00:00,3403.5,3414.2,3380.1,3386.4
2025-06-19 04:00:00,3387.1,3405.2,3386.3,3392.3
2025-06-19 08:00:00,3391.9,3396.5,3376.9,3381.7
2025-06-19 12:00:00,3381.5,3391.0,3363.6,3387.3
2025-06-19 16:00:00,3387.5,3396.9,3376.7,3386.6
2025-06-19 20:00:00,3386.3,3392.2,3378.4,3385.3
2025-06-20 00:00:00,3385.0,3388.4,3383.5,3387.4
2025-06-20 04:00:00,3386.4,3387.2,3372.5,3372.8
2025-06-20 08:00:00,3373.0,3377.0,3358.7,3360.9
2025-06-20 12:00:00,3360.8,3375.6,3356.2,3371.3
2025-06-20 16:00:00,3371.4,3390.1,3357.3,3386.6
2025-06-20 20:00:00,3386.5,3390.8,3381.3,3383.2
2025-06-21 00:00:00,3383.3,3386.4,3380.2,3384.4
2025-06-23 04:00:00,3400.7,3413.8,3367.5,3371.0
2025-06-23 08:00:00,3370.7,3381.6,3361.4,3371.5
2025-06-23 12:00:00,3371.7,3384.6,3366.4,3382.1
2025-06-23 16:00:00,3382.1,3403.6,3371.1,3396.5
2025-06-23 20:00:00,3396.3,3410.1,3384.9,3397.7
2025-06-24 00:00:00,3397.9,3404.3,3382.9,3384.4
2025-06-24 04:00:00,3383.8,3385.0,3347.0,3362.3
2025-06-24 08:00:00,3362.1,3372.9,3340.6,3346.0
2025-06-24 12:00:00,3346.1,3347.2,3330.7,3332.2
2025-06-24 16:00:00,3332.5,3342.9,3308.3,3315.6
2025-06-24 20:00:00,3316.0,3335.6,3312.0,3332.1
2025-06-25 00:00:00,3332.2,3339.2,3329.8,3338.5
2025-06-25 04:00:00,3338.1,3349.2,3334.6,3348.8
2025-06-25 08:00:00,3348.7,3349.5,3339.3,3345.4
2025-06-25 12:00:00,3345.5,3351.3,3335.0,3338.7
2025-06-25 16:00:00,3339.0,3343.5,3325.5,3328.2
2025-06-25 20:00:00,3328.2,3349.4,3325.6,3342.2
2025-06-26 00:00:00,3342.3,3350.3,3340.3,3346.4
2025-06-26 04:00:00,3347.5,3354.2,3342.8,3343.7
2025-06-26 08:00:00,3343.7,3357.0,3342.6,3348.1
2025-06-26 12:00:00,3347.7,3363.9,3344.1,3353.9
2025-06-26 16:00:00,3353.9,3357.8,3322.5,3332.8
2025-06-26 20:00:00,3332.6,3349.8,3324.4,3346.3
2025-06-27 00:00:00,3346.4,3348.4,3341.2,3341.6
2025-06-27 04:00:00,3341.3,3341.4,3326.0,3329.1
2025-06-27 08:00:00,3328.9,3332.9,3300.4,3309.8
2025-06-27 12:00:00,3310.1,3312.5,3293.4,3294.6
2025-06-27 16:00:00,3294.6,3303.3,3266.5,3286.3
2025-06-27 20:00:00,3286.1,3295.0,3275.3,3289.7
2025-06-28 00:00:00,3289.8,3290.7,3280.0,3286.1
2025-06-30 04:00:00,3284.3,3293.9,3250.5,3285.2
2025-06-30 08:00:00,3285.2,3302.3,3285.0,3299.6
2025-06-30 12:00:00,3299.7,3307.9,3288.3,3299.3
2025-06-30 16:00:00,3299.6,3301.1,3285.6,3296.7
2025-06-30 20:00:00,3296.6,3310.9,3290.9,3305.8
2025-07-01 00:00:00,3305.7,3321.6,3304.3,3315.0
2025-07-01 04:00:00,3315.7,3333.0,3313.7,3328.9
2025-07-01 08:00:00,3328.8,3343.7,3325.6,3339.8
2025-07-01 12:00:00,3340.1,3360.3,3336.0,3357.5
2025-07-01 16:00:00,3357.7,3370.5,3356.2,3363.8
2025-07-01 20:00:00,3364.0,3366.8,3348.7,3352.0
2025-07-02 00:00:00,3352.1,3352.3,3348.2,3349.9
2025-07-02 04:00:00,3350.0,3354.8,3340.7,3342.0
2025-07-02 08:00:00,3341.9,3354.3,3338.4,3348.8
2025-07-02 12:00:00,3348.8,3352.5,3337.2,3351.6
2025-07-02 16:00:00,3351.7,3361.9,3345.1,3347.6
2025-07-02 20:00:00,3347.8,3361.8,3344.2,3360.2
2025-07-03 00:00:00,3360.2,3371.0,3359.1,3368.7
2025-07-03 04:00:00,3369.0,3376.9,3352.4,3356.7
2025-07-03 08:00:00,3356.8,3371.7,3356.2,3370.4
2025-07-03 12:00:00,3370.3,3374.6,3353.8,3356.0
2025-07-03 16:00:00,3356.1,3366.1,3321.4,3342.4
2025-07-03 20:00:00,3342.0,3345.0,3332.7,3339.0
2025-07-04 00:00:00,3339.0,3340.0,3334.6,3336.0
2025-07-04 04:00:00,3335.0,3344.2,3332.8,3339.8
2025-07-04 08:00:00,3339.7,3352.5,3335.8,3348.9
2025-07-04 12:00:00,3349.0,3355.0,3342.6,3344.8
2025-07-04 16:00:00,3344.5,3348.3,3341.1,3343.8
2025-07-04 20:00:00,3343.6,3347.0,3340.6,3346.5
2025-07-07 04:00:00,3344.5,3352.9,3315.4,3325.3
2025-07-07 08:00:00,3325.6,3326.8,3313.5,3322.3
2025-07-07 12:00:00,3322.4,3324.3,3309.6,3318.1
2025-07-07 16:00:00,3318.2,3326.7,3304.4,3326.0
2025-07-07 20:00:00,3326.2,3346.0,3322.7,3341.7
2025-07-08 00:00:00,3341.7,3350.3,3337.8,3346.4
2025-07-08 04:00:00,3348.9,3355.6,3339.6,3344.8
2025-07-08 08:00:00,3344.8,3348.1,3337.1,3344.1
2025-07-08 12:00:00,3343.9,3349.5,3330.5,3331.3
2025-07-08 16:00:00,3331.5,3339.2,3323.5,3324.6
2025-07-08 20:00:00,3324.5,3325.4,3295.4,3315.1
2025-07-09 00:00:00,3315.0,3317.1,3308.6,3311.0
2025-07-09 04:00:00,3310.6,3316.5,3305.2,3310.9
2025-07-09 08:00:00,3310.5,3311.8,3293.3,3297.7
2025-07-09 12:00:00,3297.8,3304.3,3290.2,3297.1
2025-07-09 16:00:00,3297.1,3313.7,3291.1,3308.9
2025-07-09 20:00:00,3308.7,3323.6,3308.4,3318.2
2025-07-10 00:00:00,3318.1,3325.6,3316.3,3322.5
2025-07-10 04:00:00,3322.2,3334.7,3321.4,3330.5
2025-07-10 08:00:00,3330.7,3333.7,3323.5,3329.7
2025-07-10 12:00:00,3329.7,3338.8,3328.1,3335.2
2025-07-10 16:00:00,3335.3,3339.4,3321.1,3322.1
2025-07-10 20:00:00,3322.0,3330.9,3319.2,3326.4
2025-07-11 00:00:00,3326.1,3335.0,3325.1,3333.0
2025-07-11 04:00:00,3333.1,3347.2,3332.3,3340.0
2025-07-11 08:00:00,3340.1,3355.0,3338.1,3346.2
2025-07-11 12:00:00,3346.2,3355.2,3341.8,3350.3
2025-07-11 16:00:00,3350.7,3371.4,3350.7,3363.5
2025-07-11 20:00:00,3363.8,3381.6,3362.6,3367.4
2025-07-12 00:00:00,3367.5,3374.1,3367.3,3370.3
2025-07-14 04:00:00,3376.5,3389.3,3372.0,3373.7
2025-07-14 08:00:00,3373.7,3376.0,3367.0,3370.6
2025-07-14 12:00:00,3370.9,3386.2,3369.5,3381.9
2025-07-14 16:00:00,3382.1,3386.4,3355.4,3363.3
2025-07-14 20:00:00,3363.0,3364.2,3348.5,3359.2
2025-07-15 00:00:00,3359.3,3359.8,3350.1,3352.1
2025-07-15 04:00:00,3352.0,3359.2,3349.6,3355.3
2025-07-15 08:00:00,3355.3,3374.7,3354.8,3371.3
2025-07-15 12:00:00,3371.1,3374.3,3365.4,3372.4
2025-07-15 16:00:00,3372.7,3375.4,3341.5,3355.1
2025-07-15 20:00:00,3355.0,3360.5,3327.3,3334.8
2025-07-16 00:00:00,3334.9,3338.4,3330.1,3330.5
2025-07-16 04:00:00,3330.5,3340.9,3329.4,3336.9
2025-07-16 08:00:00,3337.1,3346.4,3331.5,3344.5
2025-07-16 12:00:00,3344.6,3349.8,3342.2,3347.1
2025-07-16 16:00:00,3347.1,3348.4,3328.8,3333.9
2025-07-16 20:00:00,3333.6,3385.8,3326.1,3362.1
2025-07-17 00:00:00,3362.0,3364.6,3353.3,3354.2
2025-07-17 04:00:00,3354.7,3358.2,3342.7,3350.2
2025-07-17 08:00:00,3350.1,3351.0,3342.3,3345.4
2025-07-17 12:00:00,3345.5,3346.0,3330.3,3331.2
2025-07-17 16:00:00,3331.4,3337.0,3314.3,3323.7
2025-07-17 20:00:00,3323.6,3346.5,3323.3,3342.8
2025-07-18 00:00:00,3342.9,3346.2,3340.9,3345.4
2025-07-18 04:00:00,3347.5,3350.2,3340.5,3343.0
2025-07-18 08:00:00,3343.0,3350.3,3338.8,3338.8
2025-07-18 12:00:00,3338.8,3361.0,3337.2,3358.0
2025-07-18 16:00:00,3358.1,3368.0,3353.7,3362.0
2025-07-18 20:00:00,3362.0,3366.0,3356.9,3358.5
2025-07-19 00:00:00,3358.6,3359.7,3353.3,3355.5
2025-07-21 04:00:00,3355.6,3365.2,3351.0,3362.8
2025-07-21 08:00:00,3362.9,3376.9,3356.9,3374.0
2025-07-21 12:00:00,3374.0,3378.3,3370.4,3373.7
2025-07-21 16:00:00,3373.9,3405.7,3370.3,3400.9
2025-07-21 20:00:00,3400.9,3416.9,3399.0,3407.6
2025-07-22 00:00:00,3407.5,3412.4,3406.2,3410.3
2025-07-22 04:00:00,3410.7,3416.3,3399.6,3400.9
2025-07-22 08:00:00,3400.8,3406.6,3398.6,3399.5
2025-07-22 12:00:00,3399.4,3402.7,3394.9,3396.3
2025-07-22 16:00:00,3396.4,3433.1,3396.0,3423.1
2025-07-22 20:00:00,3423.1,3447.5,3415.7,3442.6
2025-07-23 00:00:00,3442.8,3445.2,3440.6,3444.0
2025-07-23 04:00:00,3444.3,3451.7,3434.9,3435.1
2025-07-23 08:00:00,3435.1,3442.7,3429.8,3434.0
2025-07-23 12:00:00,3434.5,3445.8,3433.2,3444.2
2025-07-23 16:00:00,3444.2,3444.6,3414.6,3422.7
2025-07-23 20:00:00,3422.7,3430.0,3390.6,3402.3
2025-07-24 00:00:00,3402.3,3405.2,3396.6,3397.5
2025-07-24 04:00:00,3398.6,3401.1,3389.8,3392.9
2025-07-24 08:00:00,3393.0,3394.2,3379.1,3385.2
2025-07-24 12:00:00,3385.3,3385.6,3366.9,3368.8
2025-07-24 16:00:00,3368.8,3375.9,3355.2,3370.6
2025-07-24 20:00:00,3370.6,3381.2,3369.0,3372.7
2025-07-25 00:00:00,3372.7,3376.5,3370.0,3371.3
2025-07-25 04:00:00,3372.1,3376.6,3367.6,3372.5
2025-07-25 08:00:00,3372.3,3372.5,3357.2,3360.5
2025-07-25 12:00:00,3360.4,3362.3,3345.3,3348.0
2025-07-25 16:00:00,3348.0,3350.1,3336.2,3345.2
2025-07-25 20:00:00,3345.1,3346.4,3325.5,3336.6
2025-07-26 00:00:00,3336.7,3341.2,3336.4,3338.5
2025-07-28 04:00:00,3321.1,3339.3,3303.0,3331.5
2025-07-28 08:00:00,3331.5,3344.0,3330.0,3343.3
2025-07-28 12:00:00,3343.3,3345.4,3331.2,3337.7
2025-07-28 16:00:00,3337.6,3338.6,3300.3,3300.7
2025-07-28 20:00:00,3300.7,3316.3,3300.0,3309.7
2025-07-29 00:00:00,3309.5,3317.9,3308.9,3314.0
2025-07-29 04:00:00,3313.4,3318.8,3305.8,3316.7
2025-07-29 08:00:00,3316.8,3318.5,3307.4,3317.7
2025-07-29 12:00:00,3317.7,3328.0,3309.3,3323.2
2025-07-29 16:00:00,3323.1,3324.5,3309.9,3315.4
2025-07-29 20:00:00,3315.3,3332.3,3310.0,3326.2
2025-07-30 00:00:00,3326.3,3328.6,3321.3,3325.3
2025-07-30 04:00:00,3383.1,3388.3,3377.0,3378.7
2025-07-30 08:00:00,3378.7,3387.8,3378.7,3379.6
2025-07-30 12:00:00,3379.4,3389.3,3377.5,3386.6
2025-07-30 16:00:00,3386.7,3387.9,3352.1,3356.9
2025-07-30 20:00:00,3356.8,3362.5,3342.3,3354.9
2025-07-31 00:00:00,3354.4,3358.5,3319.2,3327.9
2025-07-31 04:00:00,3327.5,3343.8,3324.4,3343.4
2025-07-31 08:00:00,3343.7,3351.9,3340.5,3349.1
2025-07-31 12:00:00,3349.1,3366.7,3347.6,3358.8
2025-07-31 16:00:00,3358.5,3364.1,3345.5,3353.5
2025-07-31 20:00:00,3353.4,3356.3,3342.0,3347.7
2025-08-01 00:00:00,3347.7,3349.6,3341.9,3342.3
2025-08-01 04:00:00,3342.7,3346.9,3331.4,3333.5
2025-08-01 08:00:00,3333.4,3352.0,3332.9,3348.4
2025-08-01 12:00:00,3348.1,3349.3,3336.0,3346.0
2025-08-01 16:00:00,3346.2,3408.4,3344.8,3395.2
2025-08-01 20:00:00,3395.4,3408.6,3392.2,3400.1
2025-08-02 00:00:00,3400.2,3416.9,3397.8,3416.0
2025-08-04 04:00:00,3416.6,3423.9,3397.9,3405.2
2025-08-04 08:00:00,3405.3,3413.8,3402.9,3409.2
2025-08-04 12:00:00,3409.3,3415.3,3404.3,3411.0
2025-08-04 16:00:00,3410.9,3439.5,3405.8,3437.0
2025-08-04 20:00:00,3437.5,3438.6,3424.3,3428.2
2025-08-05 00:00:00,3428.2,3431.9,3427.3,3428.6
2025-08-05 04:00:00,3428.9,3435.9,3428.0,3433.1
2025-08-05 08:00:00,3433.0,3435.9,3420.9,3427.6
2025-08-05 12:00:00,3427.6,3429.9,3412.5,3413.2
2025-08-05 16:00:00,3413.4,3434.5,3403.3,3428.2
2025-08-05 20:00:00,3428.5,3444.9,3425.0,3434.8
2025-08-06 00:00:00,3434.9,3436.1,3432.3,3435.0
2025-08-06 04:00:00,3434.9,3440.5,3428.4,3431.4
2025-08-06 08:00:00,3431.3,3433.6,3425.3,3428.7
2025-08-06 12:00:00,3428.6,3433.7,3411.7,3413.1
2025-08-06 16:00:00,3412.7,3429.1,3412.3,3427.0
2025-08-06 20:00:00,3427.2,3438.1,3424.7,3436.3
2025-08-07 00:00:00,3436.4,3437.1,3429.7,3431.8
2025-08-07 04:00:00,3431.8,3446.0,3430.0,3445.4
2025-08-07 08:00:00,3445.5,3447.9,3438.4,3444.9
2025-08-07 12:00:00,3445.0,3470.3,3444.6,3450.3
2025-08-07 16:00:00,3450.4,3465.0,3443.2,3451.4
2025-08-07 20:00:00,3451.4,3457.0,3436.0,3455.3
2025-08-08 00:00:00,3455.5,3483.8,3451.1,3482.7
2025-08-08 04:00:00,3487.9,3534.1,3479.5,3488.2
2025-08-08 08:00:00,3488.1,3496.2,3480.4,3487.1
2025-08-08 12:00:00,3487.0,3507.1,3482.1,3494.1
2025-08-08 16:00:00,3494.1,3506.5,3468.6,3495.0
2025-08-08 20:00:00,3494.9,3496.2,3460.1,3464.0
2025-08-09 00:00:00,3463.9,3468.1,3445.0,3458.2
2025-08-11 04:00:00,3458.1,3466.3,3431.0,3442.2
2025-08-11 08:00:00,3442.2,3443.8,3432.3,3439.3
2025-08-11 12:00:00,3439.2,3439.5,3408.2,3409.2
2025-08-11 16:00:00,3409.2,3419.9,3397.3,3415.0
2025-08-11 20:00:00,3414.9,3417.6,3398.9,3409.1
2025-08-12 00:00:00,3409.1,3411.0,3393.0,3393.7
2025-08-12 04:00:00,3393.6,3408.7,3393.0,3401.2
2025-08-12 08:00:00,3401.1,3406.7,3399.6,3404.9
2025-08-12 12:00:00,3405.0,3407.1,3390.6,3394.6
2025-08-12 16:00:00,3394.5,3407.7,3384.4,3395.2
2025-08-12 20:00:00,3395.1,3410.8,3379.1,3399.7
2025-08-13 00:00:00,3399.7,3401.7,3395.7,3399.6
2025-08-13 04:00:00,3399.6,3404.9,3392.7,3401.3
2025-08-13 08:00:00,3401.3,3405.0,3394.8,3398.8
2025-08-13 12:00:00,3398.7,3416.8,3398.5,3415.5
2025-08-13 16:00:00,3415.5,3417.7,3403.9,3414.9
2025-08-13 20:00:00,3414.9,3422.6,3403.7,3404.7
2025-08-14 00:00:00,3404.8,3409.2,3400.2,3407.0
2025-08-14 04:00:00,3407.2,3423.8,3406.1,3416.4
2025-08-14 08:00:00,3416.3,3418.3,3403.7,3407.1
2025-08-14 12:00:00,3406.9,3415.0,3389.2,3404.6
2025-08-14 16:00:00,3404.8,3407.8,3390.5,3392.3
2025-08-14 20:00:00,3392.1,3394.9,3375.5,3383.8
2025-08-15 00:00:00,3383.9,3388.0,3381.5,3382.3
2025-08-15 04:00:00,3383.2,3385.4,3377.7,3384.7
2025-08-15 08:00:00,3385.0,3394.8,3381.7,3389.9
2025-08-15 12:00:00,3390.1,3394.6,3384.2,3389.4
2025-08-15 16:00:00,3389.0,3393.1,3379.3,3382.3
2025-08-15 20:00:00,3382.2,3391.4,3381.6,3382.4
2025-08-16 00:00:00,3382.5,3384.6,3379.8,3381.7
2025-08-18 04:00:00,3382.4,3392.9,3368.0,3392.5
2025-08-18 08:00:00,3392.3,3403.6,3387.5,3395.4
2025-08-18 12:00:00,3395.4,3400.9,3389.5,3393.7
2025-08-18 16:00:00,3393.6,3397.0,3381.3,3382.5
2025-08-18 20:00:00,3382.5,3384.5,3376.3,3379.4
2025-08-19 00:00:00,3379.3,3379.5,3375.3,3378.0
2025-08-19 04:00:00,3378.3,3383.9,3370.6,3376.7
2025-08-19 08:00:00,3376.6,3385.1,3373.4,3380.3
2025-08-19 12:00:00,3380.3,3386.2,3378.2,3383.7
2025-08-19 16:00:00,3383.8,3389.7,3369.1,3377.9
2025-08-19 20:00:00,3377.7,3381.3,3358.1,3361.1
2025-08-20 00:00:00,3361.1,3363.5,3358.1,3358.9
2025-08-20 04:00:00,3359.0,3360.5,3353.4,3357.5
2025-08-20 08:00:00,3357.3,3366.5,3354.2,3365.9
2025-08-20 12:00:00,3366.0,3370.4,3363.6,3368.6
2025-08-20 16:00:00,3368.5,3392.0,3366.5,3388.5
2025-08-20 20:00:00,3388.5,3394.3,3382.7,3390.1
2025-08-21 00:00:00,3390.2,3393.0,3387.0,3392.2
2025-08-21 04:00:00,3392.2,3394.4,3383.1,3385.1
2025-08-21 08:00:00,3385.0,3387.6,3379.4,3381.0
2025-08-21 12:00:00,3380.9,3385.1,3376.5,3383.5
2025-08-21 16:00:00,3383.3,3391.2,3367.4,3382.5
2025-08-21 20:00:00,3382.5,3391.9,3380.9,3381.5
2025-08-22 00:00:00,3381.6,3385.9,3381.1,3383.5
2025-08-22 04:00:00,3383.3,3385.0,3377.0,3377.4
2025-08-22 08:00:00,3377.6,3379.6,3370.2,3373.0
2025-08-22 12:00:00,3372.9,3377.8,3367.2,3372.1
2025-08-22 16:00:00,3372.1,3378.6,3362.8,3376.0
2025-08-22 20:00:00,3376.1,3423.4,3376.1,3419.2
2025-08-23 00:00:00,3419.2,3420.1,3414.5,3417.2
2025-08-25 04:00:00,3417.6,3417.8,3405.5,3407.8
2025-08-25 08:00:00,3407.9,3413.1,3405.6,3408.9
2025-08-25 12:00:00,3408.7,3414.3,3406.3,3411.6
2025-08-25 16:00:00,3411.6,3416.5,3406.3,3415.3
2025-08-25 20:00:00,3415.3,3421.5,3413.8,3415.5
2025-08-26 00:00:00,3415.6,3418.1,3409.6,3410.7
2025-08-26 04:00:00,3410.8,3434.7,3396.1,3424.5
2025-08-26 08:00:00,3424.4,3427.8,3418.0,3424.2
2025-08-26 12:00:00,3424.0,3426.4,3413.1,3419.1
2025-08-26 16:00:00,3418.9,3428.3,3412.9,3422.2
2025-08-26 20:00:00,3422.4,3437.5,3417.9,3430.6
2025-08-27 00:00:00,3430.5,3443.3,3428.5,3443.2
2025-08-27 04:00:00,3443.0,3444.3,3434.6,3436.6
2025-08-27 08:00:00,3436.7,3437.4,3424.3,3426.7
2025-08-27 12:00:00,3426.8,3433.9,3423.0,3426.9
2025-08-27 16:00:00,3426.9,3434.0,3422.2,3426.2
2025-08-27 20:00:00,3426.0,3450.9,3424.3,3447.6
2025-08-28 00:00:00,3447.5,3452.5,3445.0,3451.8
2025-08-28 04:00:00,3452.6,3453.8,3442.7,3443.6
2025-08-28 08:00:00,3443.6,3448.5,3442.5,3446.0
2025-08-28 12:00:00,3446.1,3457.6,3445.8,3455.2
2025-08-28 16:00:00,3455.2,3468.2,3450.3,3464.8
2025-08-28 20:00:00,3464.8,3477.1,3459.2,3475.9
2025-08-29 00:00:00,3475.9,3478.7,3475.1,3476.9
2025-08-29 04:00:00,3477.2,3479.6,3469.9,3472.3
2025-08-29 08:00:00,3472.3,3474.6,3467.2,3470.6
2025-08-29 12:00:00,3470.6,3472.6,3466.1,3467.6
2025-08-29 16:00:00,3467.7,3489.5,3463.0,3489.3
2025-08-29 20:00:00,3489.2,3518.5,3489.2,3512.9
2025-08-30 00:00:00,3513.1,3517.6,3508.4,3516.1
2025-09-01 04:00:00,3517.9,3528.6,3506.0,3526.4
2025-09-01 08:00:00,3526.5,3552.9,3524.1,3548.4
2025-09-01 12:00:00,3548.2,3557.1,3536.2,3538.4
2025-09-01 16:00:00,3538.2,3549.7,3535.8,3544.4
2025-09-01 20:00:00,3544.4,3550.4,3542.7,3547.5
2025-09-02 00:00:00,3547.4,3547.6,3545.6,3545.8
2025-09-02 04:00:00,3547.5,3578.4,3545.6,3569.0
2025-09-02 08:00:00,3569.0,3571.2,3559.3,3561.8
2025-09-02 12:00:00,3561.7,3564.4,3537.5,3546.4
2025-09-02 16:00:00,3546.5,3564.1,3538.6,3552.2
2025-09-02 20:00:00,3552.3,3595.0,3549.8,3594.3
2025-09-03 00:00:00,3594.3,3602.4,3591.4,3599.5
2025-09-03 04:00:00,3600.0,3616.9,3593.4,3604.0
2025-09-03 08:00:00,3603.9,3610.0,3592.4,3595.1
2025-09-03 12:00:00,3595.2,3609.7,3594.2,3601.6
2025-09-03 16:00:00,3601.8,3627.7,3600.2,3619.6
2025-09-03 20:00:00,3619.5,3639.0,3616.0,3637.4
2025-09-04 00:00:00,3637.5,3640.1,3617.2,3619.7
2025-09-04 04:00:00,3619.8,3621.6,3602.5,3605.0
2025-09-04 08:00:00,3605.0,3609.1,3573.7,3584.2
2025-09-04 12:00:00,3584.4,3604.4,3581.5,3596.0
2025-09-04 16:00:00,3596.0,3617.8,3594.3,3605.6
2025-09-04 20:00:00,3605.4,3615.5,3592.2,3600.6
2025-09-05 00:00:00,3600.7,3606.9,3600.4,3602.4
2025-09-05 04:00:00,3602.0,3614.4,3595.4,3611.1
2025-09-05 08:00:00,3611.1,3619.2,3605.0,3617.7
2025-09-05 12:00:00,3617.9,3618.0,3601.6,3609.3
2025-09-05 16:00:00,3609.4,3652.5,3603.6,3651.0
2025-09-05 20:00:00,3650.8,3655.5,3626.0,3651.6
2025-09-06 00:00:00,3651.7,3653.0,3639.0,3639.8
2025-09-08 04:00:00,3635.0,3637.9,3623.0,3631.1
2025-09-08 08:00:00,3631.4,3636.0,3621.7,3631.8
2025-09-08 12:00:00,3631.9,3657.5,3630.6,3654.0
2025-09-08 16:00:00,3654.2,3676.3,3652.4,3673.3
2025-09-08 20:00:00,3673.1,3685.7,3668.2,3674.3
2025-09-09 00:00:00,3674.4,3678.8,3673.2,3677.6
2025-09-09 04:00:00,3676.6,3688.6,3669.8,3687.7
2025-09-09 08:00:00,3687.7,3698.9,3682.4,3694.9
2025-09-09 12:00:00,3695.0,3695.9,3676.8,3692.2
2025-09-09 16:00:00,3692.3,3708.0,3682.4,3705.8
2025-09-09 20:00:00,3705.8,3715.2,3665.3,3682.1
2025-09-10 00:00:00,3682.0,3684.4,3663.7,3663.8
2025-09-10 04:00:00,3662.0,3677.8,3651.4,3668.8
2025-09-10 08:00:00,3669.1,3682.7,3668.0,3680.6
2025-09-10 12:00:00,3680.4,3694.6,3678.3,3693.6
2025-09-10 16:00:00,3693.3,3697.5,3678.8,3690.7
2025-09-10 20:00:00,3690.9,3695.3,3677.5,3686.9
2025-09-11 00:00:00,3686.8,3689.6,3674.6,3680.4
2025-09-11 04:00:00,3680.6,3687.5,3676.6,3679.2
2025-09-11 08:00:00,3679.3,3681.7,3661.1,3663.0
2025-09-11 12:00:00,3662.9,3675.5,3651.8,3659.6
2025-09-11 16:00:00,3659.8,3682.0,3651.0,3667.9
2025-09-11 20:00:00,3667.7,3680.6,3663.6,3673.1
2025-09-12 00:00:00,3673.0,3676.7,3669.3,3673.4
2025-09-12 04:00:00,3672.8,3686.3,3667.3,3685.0
2025-09-12 08:00:00,3685.0,3695.5,3683.4,3691.9
2025-09-12 12:00:00,3691.8,3692.6,3675.3,3684.5
2025-09-12 16:00:00,3684.4,3690.7,3675.5,3688.2
2025-09-12 20:00:00,3688.2,3692.7,3679.2,3687.3
2025-09-13 00:00:00,3687.4,3687.7,3679.3,3680.7
2025-09-15 04:00:00,3680.2,3684.2,3662.8,3671.9
2025-09-15 08:00:00,3672.0,3684.3,3671.5,3681.1
2025-09-15 12:00:00,3681.1,3682.8,3671.5,3678.3
2025-09-15 16:00:00,3678.5,3702.2,3673.7,3694.8
2025-09-15 20:00:00,3694.8,3724.9,3691.2,3721.3
2025-09-16 00:00:00,3721.6,3721.9,3715.0,3719.5
2025-09-16 04:00:00,3720.3,3728.4,3715.5,3717.7
2025-09-16 08:00:00,3717.6,3722.3,3711.8,3720.0
2025-09-16 12:00:00,3720.1,3737.1,3719.4,3736.3
2025-09-16 16:00:00,3736.2,3737.6,3722.1,3733.0
2025-09-16 20:00:00,3732.8,3739.9,3715.2,3723.8
2025-09-17 00:00:00,3723.7,3731.3,3722.5,3727.5
2025-09-17 04:00:00,3727.3,3732.8,3712.4,3716.7
2025-09-17 08:00:00,3716.6,3722.7,3710.7,3716.4
2025-09-17 12:00:00,3716.6,3717.4,3698.6,3703.9
2025-09-17 16:00:00,3703.8,3718.6,3695.4,3714.2
2025-09-17 20:00:00,3714.1,3724.4,3712.2,3722.3
2025-09-18 00:00:00,3722.4,3744.0,3679.5,3694.6
2025-09-18 04:00:00,3692.5,3705.6,3686.6,3692.6
2025-09-18 08:00:00,3692.7,3700.6,3683.1,3685.3
2025-09-18 12:00:00,3685.4,3707.3,3667.3,3706.4
2025-09-18 16:00:00,3706.2,3707.1,3660.5,3675.4
2025-09-18 20:00:00,3675.3,3680.7,3667.5,3676.6
2025-09-19 00:00:00,3676.7,3680.4,3673.6,3678.2
2025-09-19 04:00:00,3677.7,3684.3,3664.4,3672.2
2025-09-19 08:00:00,3672.2,3694.1,3671.2,3685.6
2025-09-19 12:00:00,3685.6,3691.4,3675.9,3691.2
2025-09-19 16:00:00,3691.3,3697.3,3676.2,3696.1
2025-09-19 20:00:00,3696.2,3713.9,3688.9,3713.0
2025-09-20 00:00:00,3713.1,3719.6,3712.7,3719.4
2025-09-22 04:00:00,3721.3,3732.5,3718.1,3724.3
2025-09-22 08:00:00,3724.0,3735.8,3720.5,3732.5
2025-09-22 12:00:00,3732.5,3761.2,3730.9,3757.9
2025-09-22 16:00:00,3757.9,3763.1,3746.0,3756.4
2025-09-22 20:00:00,3756.2,3782.0,3750.7,3781.4
2025-09-23 00:00:00,3781.4,3783.3,3777.1,3781.2
2025-09-23 04:00:00,3781.2,3795.1,3773.5,3790.4
2025-09-23 08:00:00,3790.3,3793.0,3772.4,3787.2
2025-09-23 12:00:00,3787.3,3824.6,3782.8,3818.4
2025-09-23 16:00:00,3818.6,3822.3,3806.6,3816.4
2025-09-23 20:00:00,3816.3,3819.0,3796.6,3810.0
2025-09-24 00:00:00,3810.1,3813.6,3783.9,3796.9
2025-09-24 04:00:00,3796.9,3803.6,3787.2,3789.0
2025-09-24 08:00:00,3788.8,3809.5,3783.0,3808.0
2025-09-24 12:00:00,3808.0,3812.6,3795.9,3801.4
2025-09-24 16:00:00,3801.4,3806.4,3791.8,3794.5
2025-09-24 20:00:00,3794.7,3798.4,3764.5,3766.6
2025-09-25 00:00:00,3766.6,3770.0,3749.7,3768.5
2025-09-25 04:00:00,3768.3,3782.2,3763.9,3766.8
2025-09-25 08:00:00,3766.6,3773.1,3760.5,3768.8
2025-09-25 12:00:00,3769.2,3792.3,3768.2,3787.1
2025-09-25 16:00:00,3787.1,3791.7,3751.9,3764.0
2025-09-25 20:00:00,3764.1,3775.6,3753.4,3772.9
2025-09-26 00:00:00,3773.0,3789.5,3767.5,3780.5
2025-09-26 04:00:00,3781.5,3783.5,3767.3,3768.6
2025-09-26 08:00:00,3768.4,3779.4,3764.0,3771.6
2025-09-26 12:00:00,3771.3,3784.9,3768.8,3781.5
2025-09-26 16:00:00,3781.3,3797.2,3772.8,3792.4
2025-09-26 20:00:00,3792.2,3814.4,3791.8,3812.8
2025-09-27 00:00:00,3813.0,3813.3,3789.0,3789.8
2025-09-29 04:00:00,3788.8,3817.7,3785.5,3808.0
2025-09-29 08:00:00,3807.8,3842.8,3806.3,3841.8
2025-09-29 12:00:00,3842.0,3849.4,3834.4,3837.5
2025-09-29 16:00:00,3837.7,3860.6,3836.5,3850.7
2025-09-29 20:00:00,3850.6,3862.2,3845.7,3857.6
2025-09-30 00:00:00,3857.8,3863.7,3850.9,3862.9
2025-09-30 04:00:00,3863.1,3880.0,3854.4,3877.2
2025-09-30 08:00:00,3877.2,3898.1,3871.0,3897.5
2025-09-30 12:00:00,3897.4,3899.2,3820.6,3826.3
2025-09-30 16:00:00,3825.8,3858.6,3825.8,3852.4
2025-09-30 20:00:00,3852.0,3882.3,3848.7,3872.2
2025-10-01 00:00:00,3872.5,3888.8,3867.2,3887.6
2025-10-01 04:00:00,3887.7,3896.5,3882.4,3896.5
2025-10-01 08:00:00,3896.4,3904.1,3883.5,3890.8
2025-10-01 12:00:00,3890.7,3922.7,3880.3,3916.8
2025-10-01 16:00:00,3917.0,3918.8,3890.7,3899.8
2025-10-01 20:00:00,3899.3,3906.2,3882.8,3887.4
2025-10-02 00:00:00,3887.6,3897.6,3881.4,3892.6
2025-10-02 04:00:00,3892.7,3895.7,3877.0,3889.9
2025-10-02 08:00:00,3889.9,3896.5,3886.5,3892.9
2025-10-02 12:00:00,3893.0,3905.1,3886.8,3904.3
2025-10-02 16:00:00,3904.4,3923.3,3898.1,3899.7
2025-10-02 20:00:00,3900.0,3901.5,3842.8,3868.6
2025-10-03 00:00:00,3868.5,3884.5,3867.8,3880.8
2025-10-03 04:00:00,3880.4,3888.1,3870.9,3882.2
2025-10-03 08:00:00,3882.3,3882.9,3861.1,3878.3
2025-10-03 12:00:00,3878.2,3889.0,3874.2,3887.7
2025-10-03 16:00:00,3887.8,3915.6,3877.6,3907.3
2025-10-03 20:00:00,3907.4,3916.8,3890.7,3906.6
2025-10-04 00:00:00,3906.9,3914.8,3905.2,3912.1
2025-10-06 04:00:00,3913.5,3945.2,3909.2,3943.3
2025-10-06 08:00:00,3943.3,3969.0,3942.7,3957.4
2025-10-06 12:00:00,3957.5,3973.7,3947.4,3966.5
2025-10-06 16:00:00,3966.7,3971.1,3950.0,3968.6
2025-10-06 20:00:00,3968.5,3994.5,3963.8,3982.5
2025-10-07 00:00:00,3982.6,3989.7,3980.6,3984.4
2025-10-07 04:00:00,3983.0,4000.1,3978.7,3980.7
2025-10-07 08:00:00,3980.6,3999.2,3980.0,3987.3
2025-10-07 12:00:00,3987.3,3988.5,3963.4,3977.7
2025-10-07 16:00:00,3977.5,4009.0,3976.4,4002.4
2025-10-07 20:00:00,4002.3,4014.6,3983.4,4003.9
2025-10-08 00:00:00,4003.9,4009.4,3996.7,4007.9
2025-10-08 04:00:00,4007.1,4023.6,4005.6,4023.4
2025-10-08 08:00:00,4023.2,4059.3,4018.1,4051.9
2025-10-08 12:00:00,4052.0,4071.5,4043.5,4070.9
2025-10-08 16:00:00,4070.9,4072.0,4047.5,4059.8
2025-10-08 20:00:00,4059.7,4081.0,4057.3,4072.5
2025-10-09 00:00:00,4072.0,4075.6,4052.5,4060.6
2025-10-09 04:00:00,4061.8,4064.6,4019.2,4040.4
2025-10-09 08:00:00,4040.5,4062.1,4022.4,4058.2
2025-10-09 12:00:00,4058.5,4062.1,4041.1,4057.2
2025-10-09 16:00:00,4057.4,4077.9,4033.8,4034.6
2025-10-09 20:00:00,4034.4,4046.2,3957.9,3963.4
2025-10-10 00:00:00,3963.1,3996.5,3962.5,3991.1
2025-10-10 04:00:00,3990.1,4009.7,3973.0,3987.9
2025-10-10 08:00:00,3988.0,4002.4,3961.2,3990.2
2025-10-10 12:00:00,3990.1,4020.5,3966.3,4010.0
2025-10-10 16:00:00,4009.8,4015.1,3990.3,3996.1
2025-10-10 20:00:00,3995.5,4038.6,3986.7,4004.9
2025-10-11 00:00:00,4005.0,4038.5,3998.7,4035.5
2025-10-13 04:00:00,4018.3,4079.3,4011.3,4072.0
2025-10-13 08:00:00,4071.9,4096.5,4059.7,4082.6
2025-10-13 12:00:00,4082.6,4099.6,4078.9,4097.0
2025-10-13 16:00:00,4097.1,4115.8,4090.6,4113.8
2025-10-13 20:00:00,4113.6,4137.2,4110.1,4123.4
2025-10-14 00:00:00,4123.3,4132.5,4110.3,4130.0
2025-10-14 04:00:00,4130.9,4168.4,4125.9,4154.1
2025-10-14 08:00:00,4154.1,4190.9,4124.3,4135.3
2025-10-14 12:00:00,4135.3,4160.5,4105.0,4143.7
2025-10-14 16:00:00,4143.9,4161.8,4113.6,4140.6
2025-10-14 20:00:00,4140.5,4172.1,4136.7,4164.2
2025-10-15 00:00:00,4164.1,4168.6,4150.6,4159.6
2025-10-15 04:00:00,4160.1,4205.8,4157.3,4200.7
2025-10-15 08:00:00,4201.0,4211.3,4186.0,4204.0
2025-10-15 12:00:00,4203.9,4235.8,4180.0,4208.8
2025-10-15 16:00:00,4208.7,4223.9,4191.2,4207.6
2025-10-15 20:00:00,4207.7,4227.7,4196.1,4214.2
2025-10-16 00:00:00,4214.4,4229.6,4213.0,4224.9
2025-10-16 04:00:00,4225.1,4246.9,4214.5,4243.8
2025-10-16 08:00:00,4243.8,4255.4,4216.4,4218.5
2025-10-16 12:00:00,4218.5,4257.6,4217.4,4254.9
2025-10-16 16:00:00,4255.0,4274.0,4241.9,4262.5
2025-10-16 20:00:00,4262.4,4314.7,4261.7,4309.5
2025-10-17 00:00:00,4309.4,4346.7,4287.2,4344.3
2025-10-17 04:00:00,4348.1,4392.0,4291.3,4326.3
2025-10-17 08:00:00,4326.1,4390.4,4324.2,4378.4
2025-10-17 12:00:00,4378.5,4382.5,4320.0,4353.3
2025-10-17 16:00:00,4353.1,4355.9,4268.2,4286.8
2025-10-17 20:00:00,4286.4,4287.3,4196.0,4233.9
2025-10-18 00:00:00,4234.2,4268.0,4225.0,4267.9
2025-10-20 04:00:00,4269.0,4289.9,4229.7,4274.3
2025-10-20 08:00:00,4274.7,4283.0,4251.4,4251.9
2025-10-20 12:00:00,4252.3,4280.7,4233.6,4275.4
2025-10-20 16:00:00,4275.4,4344.7,4259.5,4317.1
2025-10-20 20:00:00,4316.8,4372.3,4308.3,4365.7
2025-10-21 00:00:00,4365.8,4398.0,4362.1,4374.3
2025-10-21 04:00:00,4371.0,4393.6,4348.4,4367.7
2025-10-21 08:00:00,4368.1,4372.9,4332.6,4339.5
2025-10-21 12:00:00,4338.6,4359.6,4257.7,4278.6
2025-10-21 16:00:00,4278.9,4286.8,4179.1,4185.3
2025-10-21 20:00:00,4185.9,4202.5,4093.0,4124.2
2025-10-22 00:00:00,4124.0,4145.5,4112.4,4138.5
2025-10-22 04:00:00,4137.0,4146.7,4021.2,4100.5
2025-10-22 08:00:00,4100.7,4160.8,4100.6,4148.7
2025-10-22 12:00:00,4148.8,4175.0,4074.0,4084.0
2025-10-22 16:00:00,4083.9,4106.2,4029.1,4090.7
2025-10-22 20:00:00,4090.6,4093.6,4025.1,4086.3
2025-10-23 00:00:00,4086.5,4131.4,4083.0,4116.6
2025-10-23 04:00:00,4114.8,4133.6,4079.6,4088.5
2025-10-23 08:00:00,4088.9,4125.1,4087.2,4124.6
2025-10-23 12:00:00,4124.7,4152.9,4106.4,4139.6
2025-10-23 16:00:00,4139.6,4167.5,4113.7,4161.2
2025-10-23 20:00:00,4161.1,4171.5,4141.0,4153.9
2025-10-24 00:00:00,4153.9,4160.0,4123.5,4143.2
2025-10-24 04:00:00,4144.0,4159.0,4121.2,4133.1
2025-10-24 08:00:00,4133.3,4137.3,4115.5,4118.5
2025-10-24 12:00:00,4118.3,4118.9,4060.9,4075.5
2025-10-24 16:00:00,4074.9,4137.7,4055.7,4120.9
2025-10-24 20:00:00,4121.3,4156.0,4116.5,4123.4
2025-10-25 00:00:00,4123.5,4133.7,4111.0,4126.9
2025-10-27 04:00:00,4103.2,4123.8,4071.8,4094.8
2025-10-27 08:00:00,4094.6,4098.6,4065.8,4093.5
2025-10-27 12:00:00,4093.5,4098.3,4034.2,4053.3
2025-10-27 16:00:00,4053.0,4064.8,4026.9,4036.0
2025-10-27 20:00:00,4035.7,4037.3,3985.9,4021.7
2025-10-28 00:00:00,4021.8,4025.8,3994.2,3997.0
2025-10-28 04:00:00,3999.9,4034.2,3987.2,4024.4
2025-10-28 08:00:00,4024.4,4027.2,3973.0,3980.7
2025-10-28 12:00:00,3980.5,3983.0,3901.3,3919.0
2025-10-28 16:00:00,3918.6,3955.4,3913.5,3953.5
2025-10-28 20:00:00,3953.9,3985.7,3949.5,3976.6
2025-10-29 00:00:00,3976.5,3978.4,3959.1,3968.1
2025-10-29 04:00:00,3967.2,3995.7,3930.0,3987.3
2025-10-29 08:00:00,3987.2,3988.2,3957.2,3976.0
2025-10-29 12:00:00,3976.3,4042.7,3973.2,4037.2
2025-10-29 16:00:00,4037.4,4046.2,4016.8,4026.9
2025-10-29 20:00:00,4026.8,4037.1,3999.2,4009.0
2025-10-30 00:00:00,4008.6,4021.7,3940.4,3941.7
2025-10-30 04:00:00,3942.8,3978.2,3925.1,3960.4
2025-10-30 08:00:00,3960.0,3996.0,3927.6,3976.2
2025-10-30 12:00:00,3975.8,4024.2,3967.0,4010.4
2025-10-30 16:00:00,4010.7,4013.3,3970.9,4007.9
2025-10-30 20:00:00,4007.6,4031.5,3999.6,4017.5
2025-10-31 00:00:00,4017.5,4041.5,4013.3,4038.3
2025-10-31 04:00:00,4038.2,4059.9,4025.4,4032.0
2025-10-31 08:00:00,4031.7,4032.7,4001.9,4016.6
2025-10-31 12:00:00,4016.9,4038.5,4010.0,4019.8
2025-10-31 16:00:00,4020.1,4049.2,4012.8,4028.2
2025-10-31 20:00:00,4028.3,4039.4,3982.3,4009.0
2025-11-01 00:00:00,4009.3,4021.5,4003.4,4013.4
2025-11-03 04:00:00,4001.0,4017.0,3971.3,4014.5
2025-11-03 08:00:00,4014.8,4029.9,4007.0,4028.4
2025-11-03 12:00:00,4028.2,4038.7,4003.3,4010.2
2025-11-03 16:00:00,4010.0,4038.5,4005.9,4034.1
2025-11-03 20:00:00,4035.0,4043.1,4006.0,4018.2
2025-11-04 00:00:00,4018.4,4027.4,4007.1,4013.7
2025-11-04 04:00:00,4013.7,4018.0,3984.2,3996.4
2025-11-04 08:00:00,3996.5,4009.2,3975.0,3993.4
2025-11-04 12:00:00,3993.5,4011.6,3990.7,4004.0
2025-11-04 16:00:00,4004.1,4010.7,3937.1,3966.5
2025-11-04 20:00:00,3966.4,3986.3,3941.7,3947.1
2025-11-05 00:00:00,3947.5,3953.6,3939.8,3941.3
2025-11-05 04:00:00,3939.5,3959.7,3935.7,3957.6
2025-11-05 08:00:00,3957.1,3987.2,3955.9,3975.0
2025-11-05 12:00:00,3975.1,3997.0,3965.1,3973.5
2025-11-05 16:00:00,3973.5,3995.6,3966.4,3983.0
2025-11-05 20:00:00,3982.5,4000.7,3972.9,3992.1
2025-11-06 00:00:00,3992.2,4000.3,3988.5,3990.4
2025-11-06 04:00:00,3992.4,3993.9,3973.2,3991.7
2025-11-06 08:00:00,3991.7,4002.3,3987.6,4000.7
2025-11-06 12:00:00,4000.8,4026.0,4000.3,4017.7
2025-11-06 16:00:00,4017.6,4028.7,3997.4,4001.9
2025-11-06 20:00:00,4001.5,4002.2,3973.2,3995.9
2025-11-07 00:00:00,3995.9,4003.7,3984.3,3984.8
2025-11-07 04:00:00,3986.9,4011.3,3981.6,4002.6
2025-11-07 08:00:00,4002.3,4016.2,3992.6,4014.5
2025-11-07 12:00:00,4014.7,4022.6,4010.3,4015.7
2025-11-07 16:00:00,4015.6,4019.9,3991.2,4001.0
2025-11-07 20:00:00,4000.5,4035.8,3991.0,4012.5
2025-11-08 00:00:00,4012.8,4016.1,4002.4,4007.8
2025-11-10 04:00:00,4007.2,4062.0,4004.2,4056.8
2025-11-10 08:00:00,4056.8,4087.2,4053.5,4083.5
2025-11-10 12:00:00,4083.9,4095.1,4079.5,4089.3
2025-11-10 16:00:00,4089.3,4115.0,4082.4,4091.4
2025-11-10 20:00:00,4091.3,4123.9,4084.6,4117.4
2025-11-11 00:00:00,4118.0,4124.0,4113.8,4123.4
2025-11-11 04:00:00,4124.0,4147.4,4121.5,4143.9
2025-11-11 08:00:00,4144.0,4155.0,4131.4,4136.1
2025-11-11 12:00:00,4136.3,4152.4,4131.2,4148.2
2025-11-11 16:00:00,4148.2,4153.4,4126.0,4131.2
2025-11-11 20:00:00,4131.1,4132.3,4102.8,4119.8
2025-11-12 00:00:00,4119.7,4138.5,4118.0,4133.2
2025-11-12 04:00:00,4132.2,4151.5,4124.5,4129.9
2025-11-12 08:00:00,4130.2,4131.5,4104.4,4123.9
2025-11-12 12:00:00,4123.7,4139.6,4117.4,4133.3
2025-11-12 16:00:00,4133.3,4146.8,4128.5,4142.7
2025-11-12 20:00:00,4142.7,4218.5,4140.7,4213.5
2025-11-13 00:00:00,4213.8,4216.5,4196.0,4201.4
2025-11-13 04:00:00,4202.4,4213.0,4183.2,4194.2
2025-11-13 08:00:00,4194.0,4223.9,4193.9,4214.4
2025-11-13 12:00:00,4214.6,4245.6,4212.4,4230.3
2025-11-13 16:00:00,4230.7,4250.0,4188.6,4199.9
2025-11-13 20:00:00,4199.8,4215.8,4148.5,4161.6
2025-11-14 00:00:00,4161.5,4185.0,4149.5,4174.5
2025-11-14 04:00:00,4174.9,4213.0,4173.1,4209.8
2025-11-14 08:00:00,4209.6,4215.1,4171.7,4177.3
2025-11-14 12:00:00,4177.7,4190.7,4162.1,4170.7
2025-11-14 16:00:00,4171.0,4172.8,4032.6,4083.7
2025-11-14 20:00:00,4083.4,4113.2,4069.1,4100.0
2025-11-15 00:00:00,4100.2,4102.0,4077.5,4084.4
2025-11-17 04:00:00,4084.4,4107.6,4062.6,4082.9
2025-11-17 08:00:00,4082.6,4089.1,4051.1,4067.0
2025-11-17 12:00:00,4066.5,4097.1,4065.7,4072.1
2025-11-17 16:00:00,4071.9,4093.5,4059.8,4077.6
2025-11-17 20:00:00,4077.8,4082.5,4053.1,4063.8
2025-11-18 00:00:00,4063.8,4066.5,4006.8,4045.1
2025-11-18 04:00:00,4045.6,4055.4,4015.8,4018.2
2025-11-18 08:00:00,4018.0,4026.2,4002.5,4008.3
2025-11-18 12:00:00,4008.4,4050.2,3997.4,4043.6
2025-11-18 16:00:00,4043.5,4082.3,4028.1,4065.0
2025-11-18 20:00:00,4064.9,4076.4,4040.1,4072.3
2025-11-19 00:00:00,4073.5,4083.7,4064.9,4067.4
2025-11-19 04:00:00,4067.8,4081.3,4056.1,4075.7
2025-11-19 08:00:00,4075.7,4100.0,4064.1,4091.7
2025-11-19 12:00:00,4091.4,4120.0,4078.2,4109.6
2025-11-19 16:00:00,4109.7,4130.7,4101.0,4129.2
2025-11-19 20:00:00,4129.1,4134.3,4055.6,4087.9
2025-11-20 00:00:00,4087.6,4087.7,4065.0,4078.3
2025-11-20 04:00:00,4079.9,4109.6,4034.0,4065.3
2025-11-20 08:00:00,4065.2,4084.0,4057.5,4066.9
2025-11-20 12:00:00,4066.6,4075.3,4037.4,4058.6
2025-11-20 16:00:00,4058.6,4106.9,4049.6,4092.6
2025-11-20 20:00:00,4092.3,4098.5,4042.6,4060.0
2025-11-21 00:00:00,4060.1,4087.3,4058.6,4076.7
2025-11-21 04:00:00,4074.9,4089.4,4054.9,4055.5
2025-11-21 08:00:00,4055.4,4063.4,4026.0,4030.3
2025-11-21 12:00:00,4030.2,4060.5,4018.1,4034.1
2025-11-21 16:00:00,4034.3,4082.9,4028.1,4070.3
2025-11-21 20:00:00,4070.1,4101.0,4053.4,4081.9
2025-11-22 00:00:00,4082.1,4092.1,4052.2,4062.8
2025-11-24 04:00:00,4069.2,4074.8,4037.2,4040.7
2025-11-24 08:00:00,4041.0,4058.7,4036.4,4049.5
2025-11-24 12:00:00,4049.7,4074.0,4047.9,4061.2
2025-11-24 16:00:00,4061.2,4084.6,4060.2,4078.9
2025-11-24 20:00:00,4079.0,4126.4,4078.9,4119.3
2025-11-25 00:00:00,4119.4,4138.2,4113.0,4133.8
2025-11-25 04:00:00,4133.5,4152.0,4120.5,4147.3
2025-11-25 08:00:00,4147.0,4150.0,4136.0,4138.6
2025-11-25 12:00:00,4138.1,4142.7,4106.7,4128.3
2025-11-25 16:00:00,4128.3,4148.3,4106.8,4121.8
2025-11-25 20:00:00,4121.8,4156.3,4113.9,4131.7
2025-11-26 00:00:00,4131.7,4137.1,4124.4,4126.3
2025-11-26 04:00:00,4167.0,4201.8,4163.6,4196.9
2025-11-26 08:00:00,4197.0,4204.9,4181.2,4185.3
2025-11-26 12:00:00,4185.0,4203.2,4184.1,4194.9
2025-11-26 16:00:00,4195.0,4209.0,4173.6,4176.7
2025-11-26 20:00:00,4176.4,4206.6,4169.9,4198.5
2025-11-27 00:00:00,4198.8,4204.0,4194.9,4196.1
2025-11-27 04:00:00,4198.6,4200.8,4176.4,4177.4
2025-11-27 08:00:00,4177.6,4191.5,4174.6,4189.6
2025-11-27 12:00:00,4189.9,4199.7,4180.4,4188.9
2025-11-27 16:00:00,4188.8,4195.0,4181.5,4185.7
2025-11-27 20:00:00,4185.6,4193.9,4183.6,4191.3
2025-11-28 00:00:00,4191.5,4193.0,4189.6,4189.6
2025-11-28 04:00:00,4191.0,4227.5,4190.1,4221.3
2025-11-28 16:00:00,4214.2,4246.6,4205.5,4233.5
2025-11-28 20:00:00,4233.7,4263.1,4220.1,4256.2
2025-11-29 00:00:00,4256.6,4258.8,4251.1,4256.4
2025-12-01 04:00:00,4258.5,4291.8,4241.1,4277.8
2025-12-01 08:00:00,4278.0,4281.9,4248.0,4269.9
2025-12-01 12:00:00,4270.2,4297.8,4264.2,4290.7
2025-12-01 16:00:00,4290.8,4299.6,4252.8,4273.2
2025-12-01 20:00:00,4274.1,4279.0,4252.3,4274.2
2025-12-02 00:00:00,4274.3,4278.0,4262.7,4265.0
2025-12-02 04:00:00,4265.3,4269.2,4215.0,4253.0
2025-12-02 08:00:00,4252.9,4258.1,4234.4,4244.0
2025-12-02 12:00:00,4244.0,4251.3,4210.2,4216.4
2025-12-02 16:00:00,4216.2,4262.2,4215.4,4251.1
2025-12-02 20:00:00,4250.8,4252.0,4194.0,4222.3
2025-12-03 00:00:00,4222.3,4244.1,4222.3,4238.7
2025-12-03 04:00:00,4241.6,4260.1,4234.1,4258.1
2025-12-03 08:00:00,4258.1,4259.0,4233.6,4238.9
2025-12-03 12:00:00,4239.1,4241.3,4225.1,4230.7
2025-12-03 16:00:00,4231.0,4273.3,4227.1,4244.5
2025-12-03 20:00:00,4243.9,4261.5,4226.1,4228.0
2025-12-04 00:00:00,4228.4,4244.5,4228.0,4234.8
2025-12-04 04:00:00,4234.5,4246.9,4227.9,4229.8
2025-12-04 08:00:00,4229.3,4230.7,4203.3,4219.1
2025-12-04 12:00:00,4219.2,4232.3,4212.1,4227.1
2025-12-04 16:00:00,4227.3,4244.0,4214.8,4231.1
2025-12-04 20:00:00,4231.2,4251.1,4220.8,4238.5
2025-12-05 00:00:00,4238.5,4240.9,4229.9,4237.9
2025-12-05 04:00:00,4239.5,4240.6,4224.6,4237.0
2025-12-05 08:00:00,4237.0,4259.5,4231.3,4254.4
2025-12-05 12:00:00,4254.8,4261.1,4245.8,4252.9
2025-12-05 16:00:00,4252.8,4277.0,4250.0,4272.3
2025-12-05 20:00:00,4272.3,4290.5,4227.8,4239.3
2025-12-06 00:00:00,4239.3,4241.1,4221.4,4227.7
2025-12-08 04:00:00,4228.1,4241.3,4224.5,4236.9
2025-12-08 08:00:00,4237.3,4247.9,4233.2,4245.4
2025-12-08 12:00:00,4245.4,4246.0,4230.1,4232.9
2025-12-08 16:00:00,4233.0,4245.1,4223.2,4225.8
2025-12-08 20:00:00,4225.3,4227.0,4204.0,4216.1
2025-12-09 00:00:00,4216.0,4224.8,4213.0,4219.9
2025-12-09 04:00:00,4219.6,4226.5,4214.4,4218.7
2025-12-09 08:00:00,4218.7,4227.6,4197.8,4209.8
2025-12-09 12:00:00,4209.8,4242.3,4203.2,4233.2
2025-12-09 16:00:00,4233.2,4240.0,4218.0,4233.8
2025-12-09 20:00:00,4233.7,4251.7,4218.4,4238.2
2025-12-10 00:00:00,4237.9,4245.1,4235.7,4236.6
2025-12-10 04:00:00,4237.5,4247.9,4235.2,4246.1
2025-12-10 08:00:00,4246.0,4246.3,4229.7,4235.1
2025-12-10 12:00:00,4235.2,4237.2,4215.3,4221.0
2025-12-10 16:00:00,4221.2,4235.3,4219.5,4221.2
2025-12-10 20:00:00,4221.0,4233.8,4216.6,4221.9
2025-12-11 00:00:00,4221.8,4268.8,4207.8,4258.3
2025-12-11 04:00:00,4258.3,4277.7,4248.6,4250.4
2025-12-11 08:00:00,4250.2,4253.2,4231.2,4241.5
2025-12-11 12:00:00,4241.3,4253.9,4237.2,4244.2
2025-12-11 16:00:00,4244.3,4273.4,4231.9,4257.9
2025-12-11 20:00:00,4257.9,4317.3,4253.9,4298.6
2025-12-12 00:00:00,4298.4,4313.5,4292.6,4309.3
2025-12-12 04:00:00,4309.1,4313.1,4295.5,4301.1
2025-12-12 08:00:00,4301.0,4313.9,4297.0,4313.6
2025-12-12 12:00:00,4313.2,4368.3,4311.6,4365.1
2025-12-12 16:00:00,4364.9,4387.8,4356.5,4381.5
2025-12-12 20:00:00,4381.2,4384.5,4286.0,4327.5
2025-12-13 00:00:00,4327.5,4335.0,4319.2,4329.8
2025-12-15 04:00:00,4330.0,4361.5,4324.4,4358.3
2025-12-15 08:00:00,4358.2,4380.5,4351.8,4376.1
2025-12-15 12:00:00,4376.1,4384.3,4366.7,4374.0
2025-12-15 16:00:00,4373.8,4382.6,4348.7,4355.4
2025-12-15 20:00:00,4355.3,4359.8,4315.9,4342.7
2025-12-16 00:00:00,4342.5,4347.0,4327.9,4334.3
2025-12-16 04:00:00,4334.3,4345.3,4312.6,4316.4
2025-12-16 08:00:00,4316.5,4321.5,4297.4,4315.5
2025-12-16 12:00:00,4315.6,4315.9,4301.0,4305.1
2025-12-16 16:00:00,4304.9,4363.8,4301.2,4356.1
2025-12-16 20:00:00,4355.9,4367.9,4322.9,4341.5
2025-12-17 00:00:00,4341.8,4346.2,4326.3,4332.2
2025-12-17 04:00:00,4333.5,4356.4,4330.7,4343.3
2025-12-17 08:00:00,4343.7,4373.6,4341.6,4359.4
2025-12-17 12:00:00,4359.3,4359.3,4335.7,4346.1
2025-12-17 16:00:00,4346.3,4378.2,4344.2,4369.3
2025-12-17 20:00:00,4369.0,4383.6,4351.0,4367.7
2025-12-18 00:00:00,4367.6,4379.4,4362.4,4371.4
2025-12-18 04:00:00,4371.5,4375.1,4355.2,4364.7
2025-12-18 08:00:00,4364.3,4368.0,4358.5,4364.4
2025-12-18 12:00:00,4364.0,4368.7,4351.0,4357.3
2025-12-18 16:00:00,4357.4,4375.7,4338.0,4360.2
2025-12-18 20:00:00,4360.0,4409.5,4352.6,4363.5
2025-12-19 00:00:00,4363.4,4370.4,4354.6,4363.9
2025-12-19 04:00:00,4363.6,4368.4,4336.3,4344.2
2025-12-19 08:00:00,4344.0,4358.0,4339.9,4355.1
2025-12-19 12:00:00,4355.0,4362.4,4349.2,4358.0
2025-12-19 16:00:00,4358.0,4369.8,4349.8,4363.4
2025-12-19 20:00:00,4363.4,4389.0,4363.4,4380.0
2025-12-20 00:00:00,4380.2,4382.1,4367.8,4368.7
2025-12-22 04:00:00,4369.9,4421.0,4367.9,4417.6
2025-12-22 08:00:00,4417.6,4452.7,4415.9,4452.2
2025-12-22 12:00:00,4451.9,4453.0,4439.1,4442.2
2025-12-22 16:00:00,4442.4,4465.1,4439.5,4454.6
2025-12-22 20:00:00,4454.8,4477.7,4447.3,4470.6
2025-12-23 00:00:00,4470.8,4484.5,4464.1,4480.6
2025-12-23 04:00:00,4481.8,4530.8,4479.8,4525.5
2025-12-23 08:00:00,4525.2,4528.6,4502.6,4513.9
2025-12-23 12:00:00,4513.6,4524.5,4510.0,4516.7
2025-12-23 16:00:00,4516.8,4529.3,4470.8,4476.7
2025-12-23 20:00:00,4475.1,4513.1,4457.7,4512.1
2025-12-24 00:00:00,4512.0,4526.2,4511.7,4515.0
2025-12-24 04:00:00,4516.7,4555.1,4505.7,4508.2
2025-12-24 08:00:00,4509.0,4528.7,4496.5,4520.5
2025-12-24 12:00:00,4520.6,4526.2,4505.1,4517.0
2025-12-24 16:00:00,4516.8,4524.6,4487.5,4491.9
2025-12-24 20:00:00,4491.8,4513.4,4474.3,4505.4
2025-12-26 04:00:00,4523.5,4561.6,4518.0,4538.2
2025-12-26 08:00:00,4538.1,4549.8,4526.9,4541.5
2025-12-26 12:00:00,4541.5,4554.0,4536.3,4544.1
2025-12-26 16:00:00,4544.3,4568.5,4531.2,4552.9
2025-12-26 20:00:00,4552.9,4584.0,4543.4,4562.5
2025-12-27 00:00:00,4562.4,4567.6,4551.1,4562.0
2025-12-29 04:00:00,4568.0,4581.3,4490.3,4536.7
2025-12-29 08:00:00,4536.5,4545.0,4492.1,4496.7
2025-12-29 12:00:00,4495.7,4510.5,4463.3,4482.9
2025-12-29 16:00:00,4483.1,4489.7,4375.4,4378.6
2025-12-29 20:00:00,4378.6,4379.7,4316.0,4349.5
2025-12-30 00:00:00,4350.0,4362.5,4344.3,4350.2
2025-12-30 04:00:00,4350.3,4378.4,4338.8,4376.3
2025-12-30 08:00:00,4376.2,4394.7,4370.5,4379.7
2025-12-30 12:00:00,4379.6,4407.5,4366.6,4400.5
2025-12-30 16:00:00,4400.8,4420.5,4370.5,4381.4
2025-12-30 20:00:00,4381.3,4397.8,4371.4,4380.2
2025-12-31 00:00:00,4380.1,4383.5,4349.2,4352.3
2025-12-31 04:00:00,4353.0,4384.9,4338.1,4360.5
2025-12-31 08:00:00,4361.8,4371.7,4284.3,4339.6
2025-12-31 12:00:00,4338.6,4349.0,4315.5,4318.8
2025-12-31 16:00:00,4318.9,4367.8,4315.0,4360.1
2025-12-31 20:00:00,4360.5,4360.5,4329.7,4333.5
2026-01-01 00:00:00,4333.7,4338.1,4316.8,4332.1
2026-01-02 04:00:00,4340.0,4376.6,4337.3,4376.2
2026-01-02 08:00:00,4376.4,4395.0,4375.5,4387.6
2026-01-02 12:00:00,4387.6,4410.8,4384.2,4408.7
2026-01-02 16:00:00,4408.4,4414.8,4359.2,4364.7
2026-01-02 20:00:00,4364.7,4368.7,4319.7,4325.3
2026-01-03 00:00:00,4325.5,4342.7,4325.5,4341.9
2026-01-05 04:00:00,4368.3,4430.7,4354.6,4415.0
2026-01-05 08:00:00,4414.8,4436.1,4406.1,4429.7
2026-01-05 12:00:00,4429.9,4451.7,4426.3,4447.4
2026-01-05 16:00:00,4447.7,4454.3,4407.0,4447.8
2026-01-05 20:00:00,4448.2,4467.6,4443.2,4459.7
2026-01-06 00:00:00,4459.9,4461.0,4445.6,4459.7
2026-01-06 04:00:00,4459.8,4472.0,4437.9,4464.9
2026-01-06 08:00:00,4464.8,4485.2,4460.2,4475.6
2026-01-06 12:00:00,4475.5,4486.0,4452.5,4461.7
2026-01-06 16:00:00,4461.7,4500.7,4458.4,4498.3
2026-01-06 20:00:00,4498.0,4504.6,4473.0,4499.4
2026-01-07 00:00:00,4499.5,4508.3,4488.0,4505.7
2026-01-07 04:00:00,4505.4,4512.4,4470.1,4486.0
2026-01-07 08:00:00,4486.0,4491.5,4451.5,4454.8
2026-01-07 12:00:00,4454.4,4485.0,4452.0,4474.2
2026-01-07 16:00:00,4474.3,4474.8,4436.6,4454.6
2026-01-07 20:00:00,4454.6,4478.4,4432.9,4461.6
2026-01-08 00:00:00,4461.7,4471.5,4455.0,4467.1
2026-01-08 04:00:00,4467.1,4475.2,4441.7,4449.7
2026-01-08 08:00:00,4450.1,4455.4,4423.6,4441.5
2026-01-08 12:00:00,4441.4,4448.4,4427.4,4441.6
2026-01-08 16:00:00,4441.5,4448.2,4415.0,4441.4
2026-01-08 20:00:00,4441.4,4475.8,4436.3,4458.9
2026-01-09 00:00:00,4458.9,4489.3,4453.7,4487.9
2026-01-09 04:00:00,4489.3,4493.7,4461.8,4478.9
2026-01-09 08:00:00,4478.7,4486.0,4466.6,4483.0
2026-01-09 12:00:00,4483.3,4486.4,4472.8,4481.3
2026-01-09 16:00:00,4481.4,4507.8,4467.0,4503.9
2026-01-09 20:00:00,4503.4,4527.0,4491.4,4505.9
2026-01-10 00:00:00,4505.8,4520.3,4502.3,4518.4
2026-01-12 04:00:00,4529.1,4612.7,4520.8,4589.4
2026-01-12 08:00:00,4589.5,4595.6,4574.8,4589.3
2026-01-12 12:00:00,4589.7,4609.6,4585.4,4604.5
2026-01-12 16:00:00,4604.7,4630.8,4587.6,4612.1
2026-01-12 20:00:00,4611.8,4640.5,4609.8,4620.3
2026-01-13 00:00:00,4620.6,4628.9,4598.7,4608.8
2026-01-13 04:00:00,4610.0,4616.9,4584.3,4603.1
2026-01-13 08:00:00,4602.8,4611.2,4582.8,4590.5
2026-01-13 12:00:00,4590.8,4605.4,4585.6,4595.0
2026-01-13 16:00:00,4595.2,4644.0,4586.2,4638.9
2026-01-13 20:00:00,4638.5,4639.9,4589.5,4602.3
2026-01-14 00:00:00,4602.6,4606.8,4576.7,4594.4
2026-01-14 04:00:00,4594.3,4631.5,4594.3,4629.1
2026-01-14 08:00:00,4628.8,4647.6,4621.5,4644.5
2026-01-14 12:00:00,4644.7,4647.2,4628.4,4641.2
2026-01-14 16:00:00,4641.1,4650.1,4613.9,4624.5
2026-01-14 20:00:00,4624.4,4644.9,4605.9,4642.5
2026-01-15 00:00:00,4642.6,4650.5,4623.6,4633.9
2026-01-15 04:00:00,4635.7,4637.2,4587.5,4606.9
2026-01-15 08:00:00,4606.6,4616.4,4584.5,4614.5
2026-01-15 12:00:00,4614.9,4624.9,4602.2,4624.2
2026-01-15 16:00:00,4624.3,4627.0,4584.0,4614.9
2026-01-15 20:00:00,4614.8,4630.1,4605.7,4622.1
2026-01-16 00:00:00,4622.2,4626.5,4604.2,4620.5
2026-01-16 04:00:00,4621.6,4625.5,4594.6,4598.4
2026-01-16 08:00:00,4598.2,4620.2,4595.8,4601.8
2026-01-16 12:00:00,4601.5,4616.2,4600.5,4604.1
2026-01-16 16:00:00,4604.1,4620.5,4586.0,4611.9
2026-01-16 20:00:00,4611.4,4624.6,4539.1,4587.9
2026-01-17 00:00:00,4587.8,4602.1,4585.0,4601.1
2026-01-19 04:00:00,4633.7,4698.0,4622.2,4669.1
2026-01-19 08:00:00,4669.0,4684.3,4665.0,4683.2
2026-01-19 12:00:00,4683.3,4683.8,4666.1,4668.8
2026-01-19 16:00:00,4668.7,4678.8,4664.5,4671.6
2026-01-19 20:00:00,4671.5,4686.2,4669.3,4682.4
2026-01-20 00:00:00,4682.0,4682.4,4673.4,4676.7
2026-01-20 04:00:00,4677.9,4682.5,4665.4,4673.1
2026-01-20 08:00:00,4673.1,4723.4,4670.3,4718.4
2026-01-20 12:00:00,4718.3,4742.9,4717.5,4732.3
2026-01-20 16:00:00,4732.3,4756.6,4720.0,4746.4
2026-01-20 20:00:00,4745.9,4771.2,4726.7,4764.2
2026-01-21 00:00:00,4764.4,4771.5,4752.6,4769.1
2026-01-21 04:00:00,4767.5,4847.7,4761.5,4839.4
2026-01-21 08:00:00,4839.2,4891.1,4829.5,4850.2
2026-01-21 12:00:00,4849.9,4879.4,4835.2,4864.4
2026-01-21 16:00:00,4864.3,4884.5,4840.8,4853.7
2026-01-21 20:00:00,4853.7,4871.2,4804.6,4853.2
2026-01-22 00:00:00,4853.1,4857.2,4757.1,4836.2
2026-01-22 04:00:00,4836.2,4837.7,4772.7,4789.9
2026-01-22 08:00:00,4790.2,4829.6,4785.0,4827.3
2026-01-22 12:00:00,4827.4,4841.1,4815.3,4831.0
2026-01-22 16:00:00,4830.8,4849.4,4809.6,4836.7
2026-01-22 20:00:00,4836.7,4922.5,4826.4,4918.7
2026-01-23 00:00:00,4918.7,4944.3,4909.3,4938.4
2026-01-23 04:00:00,4940.0,4970.0,4932.4,4957.7
2026-01-23 08:00:00,4957.4,4969.0,4939.5,4954.1
2026-01-23 12:00:00,4954.5,4960.7,4901.2,4931.0
2026-01-23 16:00:00,4930.9,4957.3,4912.8,4944.1
2026-01-23 20:00:00,4943.6,4989.9,4938.9,4967.8
2026-01-24 00:00:00,4968.2,4991.4,4968.2,4983.1
2026-01-26 04:00:00,5013.4,5091.5,5002.0,5078.9
2026-01-26 08:00:00,5078.5,5107.9,5049.7,5074.2
2026-01-26 12:00:00,5074.5,5097.4,5070.0,5090.1
2026-01-26 16:00:00,5090.1,5095.4,5052.0,5093.7
2026-01-26 20:00:00,5094.1,5103.0,5053.4,5064.6
2026-01-27 00:00:00,5065.2,5065.5,4983.6,5004.8
2026-01-27 04:00:00,5005.5,5074.8,5004.5,5067.4
2026-01-27 08:00:00,5067.9,5089.6,5051.9,5081.5
2026-01-27 12:00:00,5081.4,5097.3,5068.5,5082.5
2026-01-27 16:00:00,5082.7,5089.4,5042.0,5049.6
2026-01-27 20:00:00,5049.2,5100.3,5042.3,5085.9
2026-01-28 00:00:00,5085.5,5190.8,5078.6,5179.6
2026-01-28 04:00:00,5179.0,5228.9,5154.8,5226.4
2026-01-28 08:00:00,5226.3,5264.4,5218.7,5262.7
2026-01-28 12:00:00,5263.2,5306.0,5255.7,5265.2
2026-01-28 16:00:00,5265.9,5283.0,5232.9,5281.3
2026-01-28 20:00:00,5280.4,5323.4,5228.7,5280.2
2026-01-29 00:00:00,5279.0,5415.2,5265.1,5411.0
2026-01-29 04:00:00,5449.9,5626.8,5449.4,5565.7
2026-01-29 08:00:00,5565.2,5625.9,5538.2,5591.0
2026-01-29 12:00:00,5591.0,5604.0,5503.9,5514.1
2026-01-29 16:00:00,5514.5,5581.3,5501.0,5525.3
2026-01-29 20:00:00,5525.3,5525.3,5126.0,5367.7
2026-01-30 00:00:00,5368.6,5456.2,5311.0,5410.8
2026-01-30 04:00:00,5410.0,5480.2,5145.8,5255.0
2026-01-30 08:00:00,5254.8,5269.2,5171.4,5183.9
2026-01-30 12:00:00,5184.1,5215.0,4962.7,5147.7
2026-01-30 16:00:00,5146.0,5175.6,5018.3,5061.0
2026-01-30 20:00:00,5059.7,5104.0,4700.4,4899.6
2026-01-31 00:00:00,4898.3,4971.9,4828.5,4907.5
2026-02-02 04:00:00,4816.0,4905.6,4604.3,4733.3
2026-02-02 08:00:00,4733.4,4752.7,4423.2,4526.2
2026-02-02 12:00:00,4525.8,4757.6,4504.9,4727.3
2026-02-02 16:00:00,4728.4,4837.6,4692.1,4744.0
2026-02-02 20:00:00,4739.5,4768.0,4617.6,4679.5
2026-02-03 00:00:00,4679.5,4736.0,4653.5,4680.9
2026-02-03 04:00:00,4691.0,4882.0,4690.2,4806.2
2026-02-03 08:00:00,4806.1,4916.0,4774.3,4903.0
2026-02-03 12:00:00,4901.2,4975.5,4893.0,4924.8
2026-02-03 16:00:00,4925.2,4977.7,4905.2,4939.2
2026-02-03 20:00:00,4939.1,5018.1,4900.5,4930.5
2026-02-04 00:00:00,4930.2,4987.5,4902.0,4970.5
2026-02-04 04:00:00,4966.1,5086.8,4930.4,5061.6
2026-02-04 08:00:00,5060.9,5109.3,5056.2,5096.6
2026-02-04 12:00:00,5098.0,5113.9,5064.7,5072.2
2026-02-04 16:00:00,5070.7,5088.1,4988.4,5008.4
2026-02-04 20:00:00,5007.3,5030.7,4867.7,4949.7
2026-02-05 00:00:00,4949.8,4994.1,4936.0,4986.4
2026-02-05 04:00:00,4986.6,5045.0,4822.6,4831.0
2026-02-05 08:00:00,4830.4,4951.9,4805.0,4938.8
2026-02-05 12:00:00,4937.2,4962.0,4868.0,4897.9
2026-02-05 16:00:00,4896.8,4915.5,4822.0,4867.8
2026-02-05 20:00:00,4866.5,4930.0,4820.8,4880.4
2026-02-06 00:00:00,4881.2,4889.0,4779.6,4798.1
2026-02-06 04:00:00,4800.0,4863.5,4670.0,4833.5
2026-02-06 08:00:00,4832.5,4921.6,4816.7,4865.6
2026-02-06 12:00:00,4865.0,4904.5,4849.5,4899.9
2026-02-06 16:00:00,4899.7,4973.7,4885.6,4972.5
2026-02-06 20:00:00,4970.8,4995.6,4945.0,4986.3
2026-02-07 00:00:00,4986.3,4992.1,4960.4,4988.6
2026-02-09 04:00:00,5003.6,5069.0,4988.6,5026.6
2026-02-09 08:00:00,5026.5,5067.6,5025.8,5052.4
2026-02-09 12:00:00,5052.5,5062.6,5002.6,5011.3
2026-02-09 16:00:00,5011.5,5063.3,5009.2,5059.6
2026-02-09 20:00:00,5059.5,5106.8,5045.6,5087.0
2026-02-10 00:00:00,5086.9,5111.1,5072.5,5084.2
2026-02-10 04:00:00,5084.3,5100.9,5011.0,5061.2
2026-02-10 08:00:00,5059.0,5068.4,5032.8,5045.8
2026-02-10 12:00:00,5045.7,5085.3,5040.0,5070.2
2026-02-10 16:00:00,5069.5,5102.7,5042.0,5063.0
2026-02-10 20:00:00,5062.0,5070.9,5021.3,5036.0
2026-02-11 00:00:00,5035.3,5068.9,5031.4,5047.9
2026-02-11 04:00:00,5048.0,5081.0,5046.3,5079.2
2026-02-11 08:00:00,5078.6,5088.8,5067.6,5088.3
2026-02-11 12:00:00,5088.4,5128.8,5068.8,5118.6
2026-02-11 16:00:00,5118.8,5144.5,5036.3,5082.3
2026-02-11 20:00:00,5082.0,5123.4,5062.0,5107.4
2026-02-12 00:00:00,5107.8,5119.4,5094.1,5107.8
2026-02-12 04:00:00,5107.3,5122.8,5065.0,5086.7
2026-02-12 08:00:00,5085.7,5099.3,5068.9,5081.1
2026-02-12 12:00:00,5080.9,5102.5,5073.5,5083.8
2026-02-12 16:00:00,5084.0,5106.7,5061.3,5067.0
2026-02-12 20:00:00,5066.4,5098.0,4900.0,4955.9
2026-02-13 00:00:00,4956.1,4978.3,4931.0,4941.4
2026-02-13 04:00:00,4950.0,5011.0,4907.1,5008.0
2026-02-13 08:00:00,5007.8,5016.4,4963.2,4986.7
2026-02-13 12:00:00,4985.9,5009.5,4967.2,4970.8
2026-02-13 16:00:00,4970.8,5036.7,4952.8,5018.4
2026-02-13 20:00:00,5018.4,5058.9,4995.2,5054.1
2026-02-14 00:00:00,5054.7,5069.1,5043.3,5063.8
2026-02-16 04:00:00,5050.0,5074.4,5011.3,5014.8
2026-02-16 08:00:00,5013.7,5022.1,4981.9,5013.5
2026-02-16 12:00:00,5013.3,5037.5,5008.1,5026.8
2026-02-16 16:00:00,5026.7,5028.8,5001.5,5008.5
2026-02-16 20:00:00,5008.3,5018.7,4989.1,5015.1
2026-02-17 00:00:00,5015.8,5017.3,5011.1,5013.1
2026-02-17 04:00:00,5015.2,5021.4,4941.0,4985.8
2026-02-17 08:00:00,4987.0,4989.2,4875.2,4930.0
2026-02-17 12:00:00,4928.5,4959.5,4922.3,4932.1
2026-02-17 16:00:00,4932.5,4964.0,4854.2,4881.3
2026-02-17 20:00:00,4880.8,4931.0,4867.0,4917.7
2026-02-18 00:00:00,4917.9,4920.6,4891.7,4896.1
2026-02-18 04:00:00,4898.5,4925.8,4868.5,4923.8
2026-02-18 08:00:00,4924.0,4961.8,4922.7,4949.7
2026-02-18 12:00:00,4949.6,4962.2,4929.3,4935.0
2026-02-18 16:00:00,4934.5,5015.5,4925.9,5012.3
2026-02-18 20:00:00,5012.1,5031.9,5001.2,5008.2
2026-02-19 00:00:00,5007.6,5016.4,4993.7,4996.1
2026-02-19 04:00:00,4993.7,5007.8,4971.5,4986.9
2026-02-19 08:00:00,4986.9,5038.0,4985.2,5035.4
2026-02-19 12:00:00,5036.5,5040.9,5000.7,5013.0
2026-02-19 16:00:00,5013.0,5029.6,4982.0,5024.6
2026-02-19 20:00:00,5025.2,5042.8,4994.0,5000.7
2026-02-20 00:00:00,5000.7,5022.8,4996.8,5015.5
2026-02-20 04:00:00,5015.0,5033.4,5003.5,5013.7
2026-02-20 08:00:00,5013.7,5048.9,4999.3,5039.6
2026-02-20 12:00:00,5040.3,5063.0,5023.8,5054.6
2026-02-20 16:00:00,5054.7,5081.2,5025.7,5074.8
2026-02-20 20:00:00,5073.6,5097.3,5005.5,5094.0
2026-02-21 00:00:00,5093.6,5131.0,5091.1,5130.0
2026-02-23 04:00:00,5128.8,5198.8,5120.4,5195.0
2026-02-23 08:00:00,5195.2,5197.6,5166.1,5167.3
2026-02-23 12:00:00,5167.4,5184.8,5142.8,5184.0
2026-02-23 16:00:00,5184.0,5221.9,5161.5,5213.5
2026-02-23 20:00:00,5213.1,5240.9,5196.0,5229.5
2026-02-24 00:00:00,5229.0,5257.3,5226.4,5247.9
2026-02-24 04:00:00,5247.5,5269.4,5164.1,5209.0
2026-02-24 08:00:00,5209.4,5212.2,5173.6,5193.6
2026-02-24 12:00:00,5193.0,5203.6,5182.3,5192.3
2026-02-24 16:00:00,5192.3,5198.0,5109.5,5145.5
2026-02-24 20:00:00,5147.7,5188.5,5135.2,5178.9
2026-02-25 00:00:00,5178.0,5191.4,5158.0,5160.5
2026-02-25 04:00:00,5160.0,5212.0,5135.9,5198.6
2026-02-25 08:00:00,5199.3,5230.0,5189.3,5213.2
2026-02-25 12:00:00,5213.7,5216.6,5188.0,5193.7
2026-02-25 16:00:00,5193.3,5211.8,5173.2,5210.2
2026-02-25 20:00:00,5209.3,5237.3,5190.3,5226.4
2026-02-26 00:00:00,5226.2,5229.3,5163.3,5183.7
2026-02-26 04:00:00,5175.3,5213.4,5170.1,5199.6
2026-02-26 08:00:00,5199.4,5221.9,5198.2,5209.8
2026-02-26 12:00:00,5210.2,5211.5,5180.6,5187.1
2026-02-26 16:00:00,5186.8,5204.2,5154.6,5181.1
2026-02-26 20:00:00,5180.7,5210.1,5144.8,5196.9
2026-02-27 00:00:00,5197.3,5218.2,5195.9,5201.5
2026-02-27 04:00:00,5201.9,5216.2,5182.9,5200.3
2026-02-27 08:00:00,5200.7,5217.5,5197.0,5202.8
2026-02-27 12:00:00,5202.9,5206.5,5183.2,5193.6
2026-02-27 16:00:00,5193.6,5259.3,5188.3,5240.9
2026-02-27 20:00:00,5240.8,5276.6,5232.6,5263.0
2026-02-28 00:00:00,5262.8,5299.0,5258.2,5296.4
2026-03-02 04:00:00,5360.0,5409.7,5315.3,5358.8
2026-03-02 08:00:00,5358.8,5403.9,5353.4,5401.5
2026-03-02 12:00:00,5401.7,5434.1,5393.6,5404.1
2026-03-02 16:00:00,5404.2,5432.2,5318.6,5346.4
2026-03-02 20:00:00,5346.1,5364.3,5272.9,5329.8
2026-03-03 00:00:00,5329.9,5360.9,5328.2,5335.9
2026-03-03 04:00:00,5335.7,5394.2,5334.9,5380.0
2026-03-03 08:00:00,5380.7,5389.2,5292.1,5323.0
2026-03-03 12:00:00,5322.8,5349.0,5236.0,5259.7
2026-03-03 16:00:00,5258.3,5274.8,5025.0,5048.0
2026-03-03 20:00:00,5048.8,5149.8,5005.0,5146.5
2026-03-04 00:00:00,5147.0,5161.5,5093.3,5099.5
2026-03-04 04:00:00,5110.0,5200.7,5092.8,5165.4
2026-03-04 08:00:00,5164.8,5189.6,5130.0,5170.3
2026-03-04 12:00:00,5169.0,5214.7,5157.8,5201.9
2026-03-04 16:00:00,5201.3,5218.3,5148.4,5155.7
2026-03-04 20:00:00,5155.2,5177.3,5119.4,5144.7
2026-03-05 00:00:00,5144.8,5159.2,5133.6,5151.6
2026-03-05 04:00:00,5155.7,5201.8,5152.0,5201.6
2026-03-05 08:00:00,5201.7,5204.3,5129.0,5176.5
2026-03-05 12:00:00,5175.9,5192.5,5146.2,5175.6
2026-03-05 16:00:00,5175.5,5182.7,5085.5,5110.8
2026-03-05 20:00:00,5110.7,5128.5,5058.9,5077.6
2026-03-06 00:00:00,5077.6,5104.4,5063.5,5093.3
2026-03-06 04:00:00,5099.7,5151.3,5074.0,5133.9
2026-03-06 08:00:00,5134.8,5149.8,5118.7,5124.9
2026-03-06 12:00:00,5124.7,5132.3,5084.2,5099.9
2026-03-06 16:00:00,5100.7,5142.4,5071.0,5139.3
2026-03-06 20:00:00,5139.3,5182.0,5136.0,5170.3
2026-03-07 00:00:00,5170.4,5185.0,5157.5,5181.3
2026-03-09 04:00:00,5186.7,5210.4,5021.2,5077.6
2026-03-09 08:00:00,5076.4,5147.6,5061.9,5131.6
2026-03-09 12:00:00,5131.4,5141.7,5094.9,5114.3
2026-03-09 16:00:00,5114.0,5120.5,5075.0,5081.5
2026-03-09 20:00:00,5081.1,5124.7,5066.9,5104.9
2026-03-10 00:00:00,5104.9,5158.0,5101.6,5148.7
2026-03-10 04:00:00,5152.4,5195.2,5127.1,5193.2
2026-03-10 08:00:00,5192.8,5195.8,5162.4,5186.7
2026-03-10 12:00:00,5187.3,5204.0,5167.3,5191.8
2026-03-10 16:00:00,5191.5,5238.9,5165.6,5214.2
2026-03-10 20:00:00,5215.4,5248.7,5193.6,5237.1
2026-03-11 00:00:00,5237.0,5237.3,5169.0,5198.7
2026-03-11 04:00:00,5194.0,5230.9,5191.3,5215.9
2026-03-11 08:00:00,5215.9,5228.7,5197.8,5207.6
2026-03-11 12:00:00,5207.2,5218.4,5183.3,5195.7
2026-03-11 16:00:00,5195.8,5207.5,5155.9,5184.3
2026-03-11 20:00:00,5184.0,5204.3,5158.4,5176.6
2026-03-12 00:00:00,5176.6,5191.5,5176.2,5183.9
2026-03-12 04:00:00,5185.4,5189.8,5130.0,5174.4
2026-03-12 08:00:00,5173.7,5180.6,5142.0,5159.7
2026-03-12 12:00:00,5159.6,5196.2,5152.7,5194.2
2026-03-12 16:00:00,5194.1,5197.8,5152.1,5157.4
2026-03-12 20:00:00,5157.0,5170.2,5109.0,5112.4
2026-03-13 00:00:00,5111.9,5119.5,5058.2,5084.1
2026-03-13 04:00:00,5084.0,5128.5,5074.6,5128.5
2026-03-13 08:00:00,5127.9,5132.4,5100.6,5106.2
2026-03-13 12:00:00,5106.1,5111.3,5066.0,5094.3
2026-03-13 16:00:00,5094.0,5128.5,5085.0,5107.5
2026-03-13 20:00:00,5107.1,5114.1,5022.8,5050.9
2026-03-14 00:00:00,5050.8,5056.0,5014.1,5023.1
2026-03-16 04:00:00,5010.0,5035.4,4970.1,5020.0
2026-03-16 08:00:00,5019.4,5030.1,5001.4,5021.1
2026-03-16 12:00:00,5021.0,5039.8,4976.5,4979.4
2026-03-16 16:00:00,4979.7,5041.3,4973.5,5035.7
2026-03-16 20:00:00,5035.8,5044.5,4978.6,4996.7
2026-03-17 00:00:00,4997.0,5028.0,4995.8,5011.3
2026-03-17 04:00:00,5012.2,5032.7,4998.7,5032.1
2026-03-17 08:00:00,5032.3,5049.4,5024.1,5024.5
2026-03-17 12:00:00,5025.3,5033.5,5009.0,5014.7
2026-03-17 16:00:00,5014.7,5036.7,4994.8,5021.9
2026-03-17 20:00:00,5021.6,5026.5,4977.0,5007.0
2026-03-18 00:00:00,5007.4,5013.5,5000.4,5011.3
2026-03-18 04:00:00,5010.6,5022.0,4994.3,5002.2
2026-03-18 08:00:00,5002.2,5010.7,4984.9,5001.1
2026-03-18 12:00:00,5000.4,5020.5,4981.1,4996.4
2026-03-18 16:00:00,4996.3,4996.4,4837.1,4881.8
2026-03-18 20:00:00,4881.9,4904.0,4859.4,4895.1
2026-03-19 00:00:00,4895.2,4904.5,4809.3,4823.9
2026-03-19 04:00:00,4828.0,4868.7,4806.0,4851.3
2026-03-19 08:00:00,4851.2,4867.4,4828.1,4829.2
2026-03-19 12:00:00,4829.1,4844.2,4688.0,4701.1
2026-03-19 16:00:00,4700.6,4722.0,4505.0,4624.0
2026-03-19 20:00:00,4624.9,4651.8,4566.0,4618.8
2026-03-20 00:00:00,4619.3,4666.9,4598.7,4651.9
2026-03-20 04:00:00,4653.9,4701.5,4635.8,4679.1
2026-03-20 08:00:00,4680.0,4738.2,4672.2,4689.9
2026-03-20 12:00:00,4690.0,4736.3,4660.5,4668.4
2026-03-20 16:00:00,4668.3,4696.9,4613.1,4617.0
2026-03-20 20:00:00,4617.1,4623.2,4542.1,4575.9
2026-03-21 00:00:00,4576.1,4580.5,4478.4,4492.0
2026-03-23 04:00:00,4450.0,4537.1,4322.0,4390.0
2026-03-23 08:00:00,4389.4,4423.8,4305.5,4314.1
2026-03-23 12:00:00,4313.8,4317.1,4100.0,4254.5
2026-03-23 16:00:00,4254.7,4495.5,4241.8,4457.6
2026-03-23 20:00:00,4457.6,4516.5,4350.8,4428.8
2026-03-24 00:00:00,4428.9,4469.5,4385.0,4410.4
2026-03-24 04:00:00,4414.8,4450.5,4309.2,4323.4
2026-03-24 08:00:00,4323.1,4380.1,4306.3,4349.5
2026-03-24 12:00:00,4348.9,4437.6,4345.5,4427.7
2026-03-24 16:00:00,4428.0,4443.2,4350.4,4382.5
2026-03-24 20:00:00,4381.0,4435.0,4372.2,4388.3
2026-03-25 00:00:00,4388.3,4485.6,4383.6,4474.9
2026-03-25 04:00:00,4473.5,4600.0,4458.2,4593.2
2026-03-25 08:00:00,4593.3,4601.0,4546.7,4555.0
2026-03-25 12:00:00,4555.0,4568.7,4525.7,4550.4
2026-03-25 16:00:00,4550.7,4586.2,4519.5,4543.3
2026-03-25 20:00:00,4543.3,4577.6,4522.0,4548.2
2026-03-26 00:00:00,4548.0,4566.6,4484.3,4503.3
2026-03-26 04:00:00,4508.9,4541.6,4485.6,4532.0
2026-03-26 08:00:00,4532.3,4532.3,4434.9,4435.0
2026-03-26 12:00:00,4434.7,4460.5,4409.3,4421.3
2026-03-26 16:00:00,4421.1,4457.8,4412.7,4450.1
2026-03-26 20:00:00,4450.4,4476.6,4362.8,4377.6
2026-03-27 00:00:00,4377.2,4416.8,4348.2,4376.9
2026-03-27 04:00:00,4371.8,4414.3,4369.1,4411.4
2026-03-27 08:00:00,4413.4,4469.3,4413.4,4448.9
2026-03-27 12:00:00,4448.0,4466.8,4416.1,4423.7
2026-03-27 16:00:00,4424.2,4439.4,4399.8,4425.6
2026-03-27 20:00:00,4427.9,4552.1,4427.9,4485.0
2026-03-28 00:00:00,4486.0,4526.0,4486.0,4489.7
2026-03-30 04:00:00,4520.0,4539.6,4444.7,4498.5
2026-03-30 08:00:00,4498.8,4557.4,4487.8,4551.5
2026-03-30 12:00:00,4551.6,4579.2,4543.3,4562.0
2026-03-30 16:00:00,4561.9,4611.4,4546.7,4553.7
2026-03-30 20:00:00,4553.2,4587.1,4540.9,4544.8
2026-03-31 00:00:00,4545.1,4553.1,4522.7,4540.4
2026-03-31 04:00:00,4538.9,4649.5,4510.0,4635.5
2026-03-31 08:00:00,4634.7,4637.6,4575.7,4597.0
2026-03-31 12:00:00,4596.7,4605.5,4571.8,4585.3
2026-03-31 16:00:00,4584.7,4640.0,4558.9,4637.3
2026-03-31 20:00:00,4637.2,4698.5,4625.3,4685.5
2026-04-01 00:00:00,4685.0,4717.6,4684.1,4699.6
2026-04-01 04:00:00,4698.4,4751.9,4690.0,4718.8
2026-04-01 08:00:00,4719.9,4730.0,4693.0,4710.3
2026-04-01 12:00:00,4710.8,4774.2,4708.9,4750.5
2026-04-01 16:00:00,4750.0,4791.5,4742.4,4765.4
2026-04-01 20:00:00,4765.2,4821.0,4751.3,4801.4
2026-04-02 00:00:00,4801.1,4804.4,4768.2,4784.6
2026-04-02 04:00:00,4783.0,4825.9,4675.7,4723.8
2026-04-02 08:00:00,4723.1,4732.2,4612.2,4622.1
2026-04-02 12:00:00,4621.8,4677.0,4580.4,4647.3
2026-04-02 16:00:00,4647.5,4679.1,4605.5,4672.9
2026-04-02 20:00:00,4672.7,4726.4,4657.6,4675.7
2026-04-03 00:00:00,4676.5,4708.6,4674.1,4702.7
2026-04-06 04:00:00,4675.0,4699.3,4626.2,4651.8
2026-04-06 08:00:00,4650.6,4704.4,4649.8,4678.5
2026-04-06 12:00:00,4678.7,4733.1,4669.3,4719.9
2026-04-06 16:00:00,4720.0,4723.9,4684.5,4705.6
2026-04-06 20:00:00,4707.4,4724.0,4671.4,4680.6
2026-04-07 00:00:00,4680.8,4694.0,4672.6,4676.1
2026-04-07 04:00:00,4678.6,4694.9,4641.4,4651.9
2026-04-07 08:00:00,4652.3,4690.3,4645.0,4668.0
2026-04-07 12:00:00,4668.1,4721.2,4661.6,4696.6
2026-04-07 16:00:00,4696.8,4706.6,4653.9,4668.6
2026-04-07 20:00:00,4668.5,4712.8,4631.9,4701.7
2026-04-08 00:00:00,4702.3,4745.7,4683.0,4733.3
2026-04-08 04:00:00,4747.2,4888.0,4740.5,4838.6
2026-04-08 08:00:00,4838.5,4872.2,4819.8,4855.5
2026-04-08 12:00:00,4855.2,4866.8,4802.9,4810.2
2026-04-08 16:00:00,4810.3,4834.8,4792.8,4804.1
2026-04-08 20:00:00,4803.7,4818.8,4755.5,4759.5
2026-04-09 00:00:00,4759.1,4769.8,4720.6,4745.0
2026-04-09 04:00:00,4744.8,4757.7,4718.6,4751.2
2026-04-09 08:00:00,4751.5,4756.6,4728.0,4736.4
2026-04-09 12:00:00,4736.7,4758.6,4727.2,4753.9
2026-04-09 16:00:00,4753.9,4802.8,4748.1,4789.6
2026-04-09 20:00:00,4790.0,4826.0,4772.5,4822.3
2026-04-10 00:00:00,4822.6,4822.7,4784.6,4790.5
2026-04-10 04:00:00,4790.5,4810.0,4773.8,4787.3
2026-04-10 08:00:00,4787.5,4794.6,4760.4,4789.9
2026-04-10 12:00:00,4790.0,4790.2,4752.7,4774.6
2026-04-10 16:00:00,4774.7,4806.9,4765.3,4799.3
2026-04-10 20:00:00,4799.1,4820.0,4768.4,4784.5
2026-04-11 00:00:00,4784.7,4797.7,4764.0,4771.0
2026-04-13 04:00:00,4710.0,4749.5,4626.0,4743.1
2026-04-13 08:00:00,4743.7,4752.6,4729.2,4751.1
2026-04-13 12:00:00,4751.5,4762.5,4733.2,4737.4
2026-04-13 16:00:00,4737.4,4768.0,4725.2,4753.3
2026-04-13 20:00:00,4753.2,4774.4,4722.5,4753.3
2026-04-14 00:00:00,4753.5,4770.7,4746.1,4766.6
2026-04-14 04:00:00,4769.3,4802.8,4767.6,4787.2
2026-04-14 08:00:00,4787.1,4800.4,4780.0,4782.3
2026-04-14 12:00:00,4782.6,4820.4,4782.4,4801.6
2026-04-14 16:00:00,4801.7,4828.9,4773.3,4818.8
2026-04-14 20:00:00,4818.4,4867.7,4814.4,4859.5
2026-04-15 00:00:00,4859.6,4870.3,4855.2,4864.5
2026-04-15 04:00:00,4862.7,4895.4,4851.6,4871.0
2026-04-15 08:00:00,4870.3,4877.2,4835.9,4843.3
2026-04-15 12:00:00,4843.4,4848.5,4808.4,4821.2
2026-04-15 16:00:00,4820.6,4853.5,4812.7,4851.9
2026-04-15 20:00:00,4851.7,4854.6,4807.9,4814.8
2026-04-16 00:00:00,4814.8,4826.1,4810.5,4813.9
2026-04-16 04:00:00,4813.6,4859.7,4812.4,4839.9
2026-04-16 08:00:00,4840.7,4861.3,4834.6,4844.1
2026-04-16 12:00:00,4843.6,4852.8,4827.7,4834.2
2026-04-16 16:00:00,4834.1,4846.2,4805.3,4815.9
2026-04-16 20:00:00,4815.8,4834.7,4792.1,4810.1
2026-04-17 00:00:00,4810.0,4819.7,4806.0,4810.9
2026-04-17 04:00:00,4811.8,4822.2,4785.9,4810.2
2026-04-17 08:00:00,4809.8,4827.2,4804.3,4815.9
2026-04-17 12:00:00,4815.9,4822.7,4800.0,4812.2
2026-04-17 16:00:00,4812.6,4917.7,4803.1,4903.1
2026-04-17 20:00:00,4903.3,4908.9,4875.0,4884.6
2026-04-18 00:00:00,4884.7,4890.1,4848.0,4849.4
2026-04-20 04:00:00,4811.8,4834.5,4752.0,4827.8
2026-04-20 08:00:00,4827.4,4828.8,4797.0,4809.9
2026-04-20 12:00:00,4810.0,4825.4,4802.9,4811.4
2026-04-20 16:00:00,4811.7,4847.3,4806.3,4838.8
2026-04-20 20:00:00,4838.8,4847.9,4811.9,4827.1
2026-04-21 00:00:00,4827.6,4842.7,4827.6,4841.0
2026-04-21 04:00:00,4842.4,4854.8,4825.3,4829.8
2026-04-21 08:00:00,4830.1,4830.2,4801.7,4802.9
2026-04-21 12:00:00,4802.6,4812.2,4790.8,4802.4
2026-04-21 16:00:00,4802.8,4818.0,4777.3,4798.2
2026-04-21 20:00:00,4798.2,4801.9,4715.0,4731.0
2026-04-22 00:00:00,4730.9,4739.6,4685.8,4738.5
2026-04-22 04:00:00,4738.7,4772.5,4733.1,4769.8
2026-04-22 08:00:00,4770.3,4789.9,4767.5,4786.4
2026-04-22 12:00:00,4786.0,4790.8,4770.5,4773.4
2026-04-22 16:00:00,4773.6,4779.6,4754.6,4771.7
2026-04-22 20:00:00,4771.5,4776.3,4742.1,4756.4
2026-04-23 00:00:00,4756.1,4770.2,4748.4,4758.3
2026-04-23 04:00:00,4759.2,4771.3,4710.4,4739.4
2026-04-23 08:00:00,4738.9,4740.9,4705.7,4729.0
2026-04-23 12:00:00,4729.6,4742.1,4710.7,4713.5
2026-04-23 16:00:00,4713.5,4761.7,4700.0,4742.0
2026-04-23 20:00:00,4741.5,4758.2,4680.1,4725.6
2026-04-24 00:00:00,4726.1,4738.7,4702.7,4708.6
2026-04-24 04:00:00,4715.6,4726.7,4702.0,4715.1
2026-04-24 08:00:00,4715.2,4716.4,4672.2,4701.5
2026-04-24 12:00:00,4701.7,4712.7,4681.6,4697.7
2026-04-24 16:00:00,4697.4,4734.2,4689.6,4727.9
2026-04-24 20:00:00,4728.0,4757.1,4723.2,4740.1
2026-04-25 00:00:00,4740.4,4742.4,4721.1,4725.4
2026-04-27 04:00:00,4713.1,4724.8,4686.6,4717.1
2026-04-27 08:00:00,4717.7,4745.8,4710.6,4725.7
2026-04-27 12:00:00,4725.4,4733.5,4714.7,4719.1
2026-04-27 16:00:00,4719.2,4728.0,4703.3,4711.6
2026-04-27 20:00:00,4711.2,4712.2,4681.2,4697.2
2026-04-28 00:00:00,4696.7,4700.2,4691.7,4697.7
2026-04-28 04:00:00,4697.5,4716.5,4681.4,4684.7
2026-04-28 08:00:00,4684.6,4694.0,4638.0,4646.6
2026-04-28 12:00:00,4645.9,4656.9,4617.7,4618.6
2026-04-28 16:00:00,4618.4,4630.5,4567.6,4593.4
2026-04-28 20:00:00,4593.0,4615.9,4570.0,4609.0
2026-04-29 00:00:00,4609.4,4614.8,4605.7,4609.6
2026-04-29 04:00:00,4611.4,4624.3,4589.1,4598.1
2026-04-29 08:00:00,4598.5,4621.3,4598.5,4604.7
2026-04-29 12:00:00,4604.5,4612.3,4564.5,4568.3
2026-04-29 16:00:00,4568.1,4589.5,4522.2,4534.7
2026-04-29 20:00:00,4534.7,4578.3,4530.3,4561.8
2026-04-30 00:00:00,4561.2,4567.3,4532.0,4557.3
2026-04-30 04:00:00,4557.0,4594.1,4550.8,4590.8
2026-04-30 08:00:00,4591.1,4593.8,4552.2,4573.7
2026-04-30 12:00:00,4573.7,4644.6,4570.9,4637.2
2026-04-30 16:00:00,4637.2,4658.8,4622.4,4623.1
2026-04-30 20:00:00,4623.2,4638.7,4618.0,4629.8
2026-05-01 00:00:00,4630.0,4640.3,4627.7,4636.0
2026-05-01 04:00:00,4636.9,4652.0,4625.9,4632.6
2026-05-01 08:00:00,4632.6,4648.1,4614.1,4616.2
2026-05-01 12:00:00,4616.2,4619.4,4570.0,4573.6
2026-05-01 16:00:00,4573.7,4640.9,4572.4,4637.5
2026-05-01 20:00:00,4636.9,4673.0,4630.4,4641.3
2026-05-02 00:00:00,4641.7,4642.8,4619.0,4625.6
2026-05-04 04:00:00,4644.0,4650.6,4603.8,4624.2
2026-05-04 08:00:00,4624.0,4629.9,4602.0,4610.2
2026-05-04 12:00:00,4610.1,4611.9,4582.0,4586.0
2026-05-04 16:00:00,4586.6,4590.4,4535.0,4575.0
2026-05-04 20:00:00,4574.9,4594.7,4510.1,4532.5
2026-05-05 00:00:00,4532.9,4536.9,4519.7,4532.4
2026-05-05 04:00:00,4534.0,4551.5,4522.7,4550.4
2026-05-05 08:00:00,4550.5,4561.2,4537.0,4555.3
2026-05-05 12:00:00,4555.3,4570.5,4543.2,4566.5
2026-05-05 16:00:00,4566.7,4596.2,4550.0,4589.8
2026-05-05 20:00:00,4590.3,4597.5,4563.8,4570.3
2026-05-06 00:00:00,4570.5,4576.5,4562.3,4567.8
2026-05-06 04:00:00,4569.3,4639.8,4556.1,4636.4
2026-05-06 08:00:00,4636.2,4674.8,4635.8,4673.9
2026-05-06 12:00:00,4673.9,4720.2,4667.8,4713.4
2026-05-06 16:00:00,4713.3,4734.6,4671.0,4713.5
2026-05-06 20:00:00,4713.4,4728.7,4689.8,4694.8
2026-05-07 00:00:00,4695.1,4711.3,4692.7,4703.1
2026-05-07 04:00:00,4702.2,4730.5,4694.0,4723.7
2026-05-07 08:00:00,4723.4,4727.3,4700.4,4709.4
2026-05-07 12:00:00,4709.5,4763.6,4709.5,4738.4
2026-05-07 16:00:00,4738.1,4768.5,4736.0,4756.5
2026-05-07 20:00:00,4756.0,4775.2,4696.6,4721.1
2026-05-08 00:00:00,4721.0,4729.1,4693.3,4696.0
2026-05-08 04:00:00,4682.5,4734.3,4671.0,4731.2
2026-05-08 08:00:00,4731.1,4741.4,4715.4,4736.0
2026-05-08 12:00:00,4736.5,4743.5,4706.2,4721.6
2026-05-08 16:00:00,4721.4,4758.6,4709.6,4757.8
2026-05-08 20:00:00,4757.8,4760.4,4711.5,4730.4
2026-05-09 00:00:00,4730.4,4738.6,4723.3,4723.7
2026-05-11 04:00:00,4690.0,4714.1,4678.4,4694.2
2026-05-11 08:00:00,4694.7,4709.0,4655.1,4659.6
2026-05-11 12:00:00,4659.5,4688.7,4656.6,4665.3
2026-05-11 16:00:00,4665.0,4758.4,4664.5,4745.7
2026-05-11 20:00:00,4745.7,4748.5,4716.8,4733.0
2026-05-12 00:00:00,4733.1,4748.5,4730.1,4745.6
2026-05-12 04:00:00,4745.3,4783.4,4729.8,4736.6
2026-05-12 08:00:00,4736.3,4743.4,4717.5,4723.2
2026-05-12 12:00:00,4722.6,4722.6,4692.4,4707.6
2026-05-12 16:00:00,4708.0,4719.8,4684.5,4687.0
2026-05-12 20:00:00,4686.5,4703.0,4645.2,4685.7
2026-05-13 00:00:00,4685.7,4726.7,4683.0,4722.6
2026-05-13 04:00:00,4722.3,4734.8,4709.2,4710.9
2026-05-13 08:00:00,4710.5,4715.7,4696.0,4711.4
2026-05-13 12:00:00,4711.8,4723.1,4692.3,4709.0
2026-05-13 16:00:00,4708.4,4718.2,4676.0,4686.2
2026-05-13 20:00:00,4686.2,4717.9,4679.8,4693.4
2026-05-14 00:00:00,4693.8,4702.0,4685.5,4697.1
2026-05-14 04:00:00,4696.8,4714.0,4690.2,4695.0
2026-05-14 08:00:00,4695.5,4719.7,4673.2,4696.3
2026-05-14 12:00:00,4696.2,4725.8,4692.7,4706.1
2026-05-14 16:00:00,4706.0,4716.9,4671.3,4685.2
2026-05-14 20:00:00,4685.0,4707.3,4676.1,4684.2
2026-05-15 00:00:00,4684.5,4684.5,4649.3,4655.4
2026-05-15 04:00:00,4654.5,4670.1,4611.0,4617.9
2026-05-15 08:00:00,4617.9,4627.4,4560.1,4562.9
2026-05-15 12:00:00,4562.4,4593.8,4535.4,4549.8
2026-05-15 16:00:00,4549.9,4577.0,4513.8,4537.3
2026-05-15 20:00:00,4536.9,4570.9,4529.3,4564.0
2026-05-16 00:00:00,4564.3,4567.3,4537.0,4543.6
2026-05-18 04:00:00,4547.6,4559.0,4483.5,4527.9
2026-05-18 08:00:00,4527.9,4556.0,4524.9,4534.6
2026-05-18 12:00:00,4534.3,4564.0,4533.1,4547.0
2026-05-18 16:00:00,4546.4,4588.6,4533.5,4579.9
2026-05-18 20:00:00,4579.9,4579.9,4536.2,4551.4
2026-05-19 00:00:00,4551.3,4571.6,4538.3,4570.8
2026-05-19 04:00:00,4570.6,4593.2,4557.6,4567.0
2026-05-19 08:00:00,4566.7,4566.7,4533.9,4543.8
2026-05-19 12:00:00,4543.7,4562.7,4536.5,4545.0
2026-05-19 16:00:00,4544.5,4551.5,4467.1,4506.7
2026-05-19 20:00:00,4506.6,4517.0,4487.0,4504.6
2026-05-20 00:00:00,4504.5,4507.5,4484.3,4485.4
2026-05-20 04:00:00,4486.6,4512.0,4458.0,4484.3
2026-05-20 08:00:00,4484.0,4489.6,4455.0,4475.2
2026-05-20 12:00:00,4474.8,4494.2,4463.6,4487.5
2026-05-20 16:00:00,4487.5,4509.0,4484.6,4485.7
2026-05-20 20:00:00,4485.5,4558.4,4469.1,4535.1
2026-05-21 00:00:00,4534.6,4553.8,4532.3,4546.2
2026-05-21 04:00:00,4548.0,4572.4,4535.6,4562.9
2026-05-21 08:00:00,4562.6,4566.8,4519.0,4528.9
2026-05-21 12:00:00,4528.0,4544.2,4513.2,4531.7
2026-05-21 16:00:00,4531.6,4537.6,4488.3,4513.7
2026-05-21 20:00:00,4514.1,4561.2,4498.0,4553.1
2026-05-22 00:00:00,4553.0,4557.8,4528.6,4544.2
2026-05-22 04:00:00,4544.2,4547.0,4521.7,4526.7
2026-05-22 08:00:00,4526.9,4535.4,4508.2,4512.4
2026-05-22 12:00:00,4511.9,4536.7,4511.1,4532.9
2026-05-22 16:00:00,4532.9,4537.6,4510.0,4514.5
2026-05-22 20:00:00,4514.5,4529.9,4488.0,4520.2
2026-05-23 00:00:00,4520.5,4522.7,4505.4,4510.5
2026-05-25 04:00:00,4532.0,4582.6,4531.3,4563.4
2026-05-25 08:00:00,4563.8,4571.2,4553.2,4554.6
2026-05-25 12:00:00,4553.9,4570.6,4551.3,4569.4
2026-05-25 16:00:00,4569.4,4579.0,4554.4,4564.8
2026-05-25 20:00:00,4564.6,4581.0,4564.3,4567.5
2026-05-26 00:00:00,4567.5,4573.9,4566.6,4573.6
2026-05-26 04:00:00,4571.6,4583.3,4528.1,4538.0
2026-05-26 08:00:00,4538.2,4546.0,4523.4,4527.8
2026-05-26 12:00:00,4527.9,4539.9,4512.3,4523.1
2026-05-26 16:00:00,4523.0,4540.9,4500.2,4514.6
2026-05-26 20:00:00,4515.1,4525.6,4487.4,4490.0
2026-05-27 00:00:00,4490.0,4511.8,4480.0,4507.3
2026-05-27 04:00:00,4507.4,4528.1,4498.9,4507.5
2026-05-27 08:00:00,4508.6,4516.2,4490.5,4496.5
2026-05-27 12:00:00,4496.4,4497.8,4473.4,4488.9
2026-05-27 16:00:00,4488.9,4489.3,4398.5,4424.7
2026-05-27 20:00:00,4425.8,4454.3,4424.8,4448.9
2026-05-28 00:00:00,4448.3,4457.2,4446.2,4454.9
2026-05-28 04:00:00,4488.0,4502.0,4437.3,4440.4
2026-05-28 08:00:00,4441.6,4443.2,4395.6,4417.1
2026-05-28 12:00:00,4417.2,4429.0,4403.8,4424.0
2026-05-28 16:00:00,4424.1,4469.4,4405.5,4460.6
2026-05-28 20:00:00,4460.1,4545.4,4450.6,4539.2
2026-05-29 00:00:00,4539.2,4547.1,4525.6,4527.3
2026-05-29 04:00:00,4527.6,4551.2,4519.5,4536.9
2026-05-29 08:00:00,4536.6,4547.0,4525.2,4545.8
2026-05-29 12:00:00,4546.1,4571.2,4540.0,4562.0
2026-05-29 16:00:00,4562.0,4574.4,4543.4,4567.3
2026-05-29 20:00:00,4567.0,4627.1,4556.1,4584.4
2026-05-30 00:00:00,4584.2,4592.7,4567.3,4569.9
2026-06-01 04:00:00,4575.2,4577.3,4545.5,4556.2
2026-06-01 08:00:00,4556.1,4565.7,4537.6,4548.2
2026-06-01 12:00:00,4548.1,4548.6,4518.6,4525.6
2026-06-01 16:00:00,4525.9,4542.8,4476.2,4480.1
2026-06-01 20:00:00,4479.1,4525.6,4476.0,4517.5
2026-06-02 00:00:00,4517.4,4520.2,4509.1,4514.8
2026-06-02 04:00:00,4515.8,4526.8,4492.3,4503.6
2026-06-02 08:00:00,4503.7,4558.8,4502.0,4547.0
2026-06-02 12:00:00,4546.9,4571.3,4546.9,4559.4
2026-06-02 16:00:00,4559.7,4564.2,4532.1,4532.1
2026-06-02 20:00:00,4532.0,4538.2,4511.3,4514.0
2026-06-03 00:00:00,4514.3,4521.0,4508.0,4519.2
2026-06-03 04:00:00,4520.0,4525.1,4490.5,4504.0
2026-06-03 08:00:00,4504.0,4516.1,4484.8,4485.8
2026-06-03 12:00:00,4485.4,4500.5,4467.2,4471.3
2026-06-03 16:00:00,4471.7,4496.5,4454.0,4475.2
2026-06-03 20:00:00,4473.9,4488.3,4461.1,4467.2
2026-06-04 00:00:00,4467.1,4480.0,4458.6,4462.7
2026-06-04 04:00:00,4462.6,4500.8,4450.1,4492.5
2026-06-04 08:00:00,4492.1,4511.2,4482.5,4496.0
2026-06-04 12:00:00,4495.8,4504.3,4485.4,4498.2
2026-06-04 16:00:00,4497.9,4543.2,4491.9,4523.7
2026-06-04 20:00:00,4523.4,4528.0,4483.8,4506.0
2026-06-05 00:00:00,4506.1,4511.3,4500.0,4502.4
2026-06-05 04:00:00,4503.0,4508.7,4470.7,4473.3
2026-06-05 08:00:00,4473.4,4481.6,4461.2,4465.9
2026-06-05 12:00:00,4466.4,4496.6,4454.8,4491.9
2026-06-05 16:00:00,4491.6,4502.8,4390.0,4390.5
2026-06-05 20:00:00,4390.4,4404.2,4347.5,4366.2
2026-06-06 00:00:00,4366.8,4366.8,4336.6,4353.9
2026-06-08 04:00:00,4354.0,4377.5,4323.6,4349.6
2026-06-08 08:00:00,4350.2,4354.8,4293.0,4317.2
2026-06-08 12:00:00,4317.5,4342.0,4297.1,4318.8
2026-06-08 16:00:00,4319.0,4371.5,4310.6,4351.8
2026-06-08 20:00:00,4351.3,4371.0,4339.0,4363.4
2026-06-09 00:00:00,4363.3,4370.2,4346.6,4353.8
2026-06-09 04:00:00,4354.7,4362.9,4336.0,4360.8
2026-06-09 08:00:00,4360.9,4375.7,4348.6,4367.9
2026-06-09 12:00:00,4368.1,4373.2,4344.5,4356.0
2026-06-09 16:00:00,4356.0,4388.6,4349.1,4353.2
2026-06-09 20:00:00,4352.9,4360.3,4259.9,4287.2
2026-06-10 00:00:00,4287.5,4298.8,4274.0,4284.8
2026-06-10 04:00:00,4276.1,4281.1,4207.2,4212.2
2026-06-10 08:00:00,4212.9,4232.2,4194.2,4228.7
2026-06-10 12:00:00,4228.6,4245.5,4184.0,4191.6
2026-06-10 16:00:00,4191.6,4209.5,4152.0,4203.0
2026-06-10 20:00:00,4202.6,4204.1,4123.5,4134.9
2026-06-11 00:00:00,4135.3,4144.0,4090.1,4094.1
2026-06-11 04:00:00,4094.4,4138.5,4046.2,4122.4
2026-06-11 08:00:00,4122.8,4127.4,4073.4,4115.5
2026-06-11 12:00:00,4115.0,4133.6,4097.0,4112.4
2026-06-11 16:00:00,4111.8,4116.4,4078.0,4104.3
2026-06-11 20:00:00,4104.0,4191.8,4072.8,4173.2
2026-06-12 00:00:00,4173.2,4241.3,4152.0,4233.8
2026-06-12 04:00:00,4234.9,4267.8,4192.9,4208.2
2026-06-12 08:00:00,4208.2,4226.7,4192.1,4194.7
2026-06-12 12:00:00,4194.7,4249.6,4191.1,4243.1
2026-06-12 16:00:00,4242.9,4246.7,4203.0,4206.7
2026-06-12 20:00:00,4207.4,4256.8,4197.5,4241.8
2026-06-13 00:00:00,4242.2,4256.2,4223.2,4239.9
2026-06-15 04:00:00,4289.4,4340.7,4283.4,4337.5
2026-06-15 08:00:00,4337.1,4356.8,4328.6,4331.4
2026-06-15 12:00:00,4331.5,4366.1,4321.6,4357.7
2026-06-15 16:00:00,4357.9,4390.8,4345.3,4376.8
2026-06-15 20:00:00,4376.7,4391.5,4341.7,4346.0
2026-06-16 00:00:00,4346.2,4349.7,4328.5,4331.0
2026-06-16 04:00:00,4331.3,4346.8,4326.7,4334.0
2026-06-16 08:00:00,4334.6,4354.1,4328.0,4337.2
2026-06-16 12:00:00,4337.4,4369.8,4334.2,4366.2
2026-06-16 16:00:00,4366.2,4376.5,4352.6,4352.7
2026-06-16 20:00:00,4352.5,4368.1,4333.7,4361.5
2026-06-17 00:00:00,4361.8,4364.4,4351.3,4353.0
2026-06-17 04:00:00,4352.6,4369.8,4348.2,4361.0
2026-06-17 08:00:00,4360.9,4364.4,4337.1,4346.1
2026-06-17 12:00:00,4346.5,4355.1,4335.6,4349.3
2026-06-17 16:00:00,4349.2,4365.5,4338.7,4359.8
2026-06-17 20:00:00,4359.6,4403.6,4349.9,4401.1
2026-06-18 00:00:00,4399.6,4399.6,4237.4,4276.3
2026-06-18 04:00:00,4275.1,4348.9,4273.3,4337.7
2026-06-18 08:00:00,4338.0,4350.2,4321.5,4328.0
2026-06-18 12:00:00,4328.4,4330.3,4278.6,4287.7
2026-06-18 16:00:00,4287.6,4296.2,4257.9,4275.5
2026-06-18 20:00:00,4275.3,4277.3,4233.0,4249.5
2026-06-19 00:00:00,4249.2,4252.1,4220.3,4227.9
2026-06-19 04:00:00,4231.2,4231.4,4201.2,4202.6
2026-06-19 08:00:00,4202.3,4204.0,4138.7,4157.0
2026-06-19 12:00:00,4157.5,4196.7,4150.2,4181.2
2026-06-19 16:00:00,4181.4,4200.6,4159.7,4169.6
2026-06-19 20:00:00,4169.1,4175.4,4160.2,4172.9
2026-06-22 04:00:00,4163.9,4238.1,4151.4,4208.1
2026-06-22 08:00:00,4208.2,4217.9,4188.1,4211.3
2026-06-22 12:00:00,4211.6,4228.6,4206.5,4226.2
2026-06-22 16:00:00,4226.5,4233.7,4201.2,4218.5
2026-06-22 20:00:00,4218.7,4229.5,4187.7,4201.4
2026-06-23 00:00:00,4201.6,4212.3,4200.7,4209.7
2026-06-23 04:00:00,4210.8,4216.0,4167.5,4179.3
2026-06-23 08:00:00,4179.4,4181.3,4132.2,4138.9
2026-06-23 12:00:00,4139.6,4144.9,4108.2,4140.1
2026-06-23 16:00:00,4140.0,4158.5,4122.8,4154.1
2026-06-23 20:00:00,4153.1,4163.5,4140.0,4145.9
2026-06-24 00:00:00,4146.0,4148.8,4125.0,4129.0
2026-06-24 04:00:00,4130.0,4132.4,4086.0,4106.5
2026-06-24 08:00:00,4106.4,4113.1,4067.0,4093.1
2026-06-24 12:00:00,4093.1,4114.7,4081.6,4081.8
2026-06-24 16:00:00,4082.0,4083.7,3980.3,4054.9
2026-06-24 20:00:00,4054.9,4058.2,3989.5,3989.8
2026-06-25 00:00:00,3989.9,4020.0,3975.7,4016.4
2026-06-25 04:00:00,4019.0,4033.9,3987.9,3992.2
2026-06-25 08:00:00,3992.9,4016.6,3976.3,4001.6
2026-06-25 12:00:00,4001.5,4017.9,3986.6,4003.4
2026-06-25 16:00:00,4003.0,4049.9,3988.6,4017.5
2026-06-25 20:00:00,4017.9,4060.0,4015.1,4050.2
2026-06-26 00:00:00,4050.5,4059.9,4036.8,4041.6
2026-06-26 04:00:00,4044.4,4051.6,4026.3,4035.9
2026-06-26 08:00:00,4036.2,4038.3,3998.1,4023.2
2026-06-26 12:00:00,4023.2,4069.7,4022.1,4062.8
2026-06-26 16:00:00,4062.3,4093.1,4050.6,4088.7
2026-06-26 20:00:00,4088.6,4111.5,4083.0,4089.6
2026-06-27 00:00:00,4089.9,4104.4,4079.0,4103.0
2026-06-29 04:00:00,4101.1,4102.9,4062.6,4075.8
2026-06-29 08:00:00,4075.4,4090.4,4053.8,4069.0
2026-06-29 12:00:00,4068.6,4083.2,4038.1,4045.8
2026-06-29 16:00:00,4046.5,4067.0,4041.5,4046.4
2026-06-29 20:00:00,4046.6,4049.6,4012.0,4035.3
2026-06-30 00:00:00,4035.7,4040.0,4019.2,4030.5
2026-06-30 04:00:00,4032.5,4036.7,3955.4,3982.7
2026-06-30 08:00:00,3982.4,4011.6,3965.5,3991.1
2026-06-30 12:00:00,3991.5,4051.8,3991.5,4038.0
2026-06-30 16:00:00,4038.1,4051.4,4022.1,4043.9
2026-06-30 20:00:00,4044.4,4078.1,4034.9,4045.5
2026-07-01 00:00:00,4045.9,4048.7,4020.6,4021.8
2026-07-01 04:00:00,4025.0,4032.0,3986.7,3990.8
2026-07-01 08:00:00,3990.4,3999.9,3982.3,3986.6
2026-07-01 12:00:00,3986.6,3999.3,3973.0,3997.9
2026-07-01 16:00:00,3997.8,4122.6,3994.6,4104.2
2026-07-01 20:00:00,4104.8,4131.0,4081.0,4082.2
2026-07-02 00:00:00,4082.3,4084.7,4042.1,4044.6
2026-07-02 04:00:00,4049.2,4080.5,4042.8,4062.4
2026-07-02 08:00:00,4062.6,4086.3,4053.3,4078.2
2026-07-02 12:00:00,4078.3,4092.6,4073.4,4077.6
2026-07-02 16:00:00,4077.9,4157.1,4069.7,4149.8
2026-07-02 20:00:00,4149.6,4151.6,4113.0,4119.5
2026-07-03 00:00:00,4119.7,4140.6,4118.6,4135.5
2026-07-03 04:00:00,4138.0,4208.3,4133.8,4194.9
2026-07-03 08:00:00,4194.5,4199.9,4181.7,4183.8
2026-07-03 12:00:00,4183.9,4199.6,4173.6,4184.9
2026-07-03 16:00:00,4184.2,4198.7,4175.5,4176.5
2026-07-03 20:00:00,4176.6,4188.4,4167.7,4187.3
2026-07-06 04:00:00,4187.5,4215.5,4182.4,4198.1
2026-07-06 08:00:00,4198.5,4200.1,4156.4,4159.7
2026-07-06 12:00:00,4159.5,4178.1,4148.4,4155.5
2026-07-06 16:00:00,4155.5,4172.2,4143.3,4153.0
2026-07-06 20:00:00,4152.5,4173.4,4140.6,4172.9
2026-07-07 00:00:00,4173.3,4179.6,4167.1,4176.3
2026-07-07 04:00:00,4176.4,4179.5,4137.6,4153.9
2026-07-07 08:00:00,4154.0,4157.0,4127.7,4135.2
2026-07-07 12:00:00,4135.0,4150.9,4130.6,4142.4
2026-07-07 16:00:00,4142.4,4192.4,4142.4,4170.0
2026-07-07 20:00:00,4169.7,4175.1,4146.9,4155.9
2026-07-08 00:00:00,4156.0,4156.5,4102.7,4116.6
2026-07-08 04:00:00,4106.5,4137.1,4104.0,4122.3
2026-07-08 08:00:00,4122.2,4144.6,4116.5,4138.5
2026-07-08 12:00:00,4138.8,4144.7,4051.6,4053.1
2026-07-08 16:00:00,4053.5,4096.8,4050.0,4081.6
2026-07-08 20:00:00,4081.1,4086.9,4032.5,4076.4
2026-07-09 00:00:00,4075.8,4101.6,4073.8,4086.6
2026-07-09 04:00:00,4087.6,4099.1,4071.4,4081.8
2026-07-09 08:00:00,4081.9,4093.8,4063.4,4091.4
2026-07-09 12:00:00,4091.3,4127.4,4090.8,4115.7
2026-07-09 16:00:00,4115.8,4139.6,4102.8,4131.7
2026-07-09 20:00:00,4131.3,4148.4,4123.7,4146.1
2026-07-10 00:00:00,4145.9,4146.5,4128.3,4132.6
2026-07-10 04:00:00,4135.4,4140.8,4118.3,4127.1
2026-07-10 08:00:00,4126.7,4144.6,4117.0,4125.5
2026-07-10 12:00:00,4125.5,4129.0,4103.0,4113.7
2026-07-10 16:00:00,4113.8,4127.0,4093.7,4108.7
2026-07-10 20:00:00,4108.3,4124.8,4081.7,4109.6
2026-07-11 00:00:00,4109.8,4129.0,4106.3,4128.9
2026-07-13 04:00:00,4106.6,4111.6,4069.4,4080.2
2026-07-13 08:00:00,4080.5,4085.5,4057.8,4061.8
2026-07-13 12:00:00,4061.9,4089.1,4052.0,4076.3
2026-07-13 16:00:00,4076.2,4078.4,4049.0,4050.9
2026-07-13 20:00:00,4050.5,4054.5,3992.9,4000.6
2026-07-14 00:00:00,4000.7,4013.6,3993.6,4008.7
2026-07-14 04:00:00,4005.9,4019.0,3990.4,4017.0
2026-07-14 08:00:00,4017.5,4040.4,4012.7,4037.8
2026-07-14 12:00:00,4037.7,4039.5,4020.1,4028.7
2026-07-14 16:00:00,4028.6,4112.5,4021.9,4084.0
2026-07-14 20:00:00,4084.0,4108.7,4061.1,4070.1
2026-07-15 00:00:00,4069.5,4070.2,4049.2,4058.3
2026-07-15 04:00:00,4059.8,4068.6,4041.2,4042.9
2026-07-15 08:00:00,4043.0,4048.4,4028.0,4040.9
2026-07-15 12:00:00,4041.2,4041.7,4023.3,4036.3
2026-07-15 16:00:00,4036.4,4080.7,4032.1,4068.5
2026-07-15 20:00:00,4068.7,4073.7,4033.0,4068.7
2026-07-16 00:00:00,4069.2,4089.1,4055.2,4066.9
2026-07-16 04:00:00,4068.9,4071.9,4039.4,4044.2
2026-07-16 08:00:00,4044.5,4045.3,4029.4,4032.2
2026-07-16 12:00:00,4032.4,4043.2,4027.7,4037.4
2026-07-16 16:00:00,4037.2,4048.7,3977.1,3994.0
2026-07-16 20:00:00,3993.9,4021.8,3983.9,3989.5
2026-07-17 00:00:00,3989.7,3995.2,3973.4,3979.9
2026-07-17 04:00:00,3980.1,4000.1,3976.8,3986.5
2026-07-17 08:00:00,3987.0,4012.2,3974.1,3988.6
2026-07-17 12:00:00,3988.6,4010.7,3988.5,4001.8
2026-07-17 16:00:00,4001.7,4007.9,3963.0,4001.4
2026-07-17 20:00:00,4000.7,4028.9,3994.2,4014.8
2026-07-18 00:00:00,4014.9,4023.0,4006.8,4023.0
2026-07-20 04:00:00,4005.6,4025.7,3986.5,4007.0
2026-07-20 08:00:00,4007.3,4034.2,4006.0,4012.3
2026-07-20 12:00:00,4012.4,4035.5,4006.5,4025.3
2026-07-20 16:00:00,4025.8,4046.0,4009.4,4009.5
2026-07-20 20:00:00,4009.4,4023.9,4001.6,4009.2
2026-07-21 00:00:00,4009.4,4022.2,4007.7,4011.8
2026-07-21 04:00:00,4013.4,4041.0,4003.3,4027.6
2026-07-21 08:00:00,4027.5,4072.8,4025.9,4066.0
2026-07-21 12:00:00,4066.0,4088.4,4063.6,4070.2
2026-07-21 16:00:00,4070.5,4074.8,4048.4,4057.2
2026-07-21 20:00:00,4057.5,4088.0,4055.4,4073.0
2026-07-22 00:00:00,4072.9,4092.5,4071.9,4082.2
2026-07-22 04:00:00,4084.7,4128.4,4081.0,4126.0
2026-07-22 08:00:00,4126.4,4146.0,4123.1,4135.5
2026-07-22 12:00:00,4135.4,4140.0,4113.3,4118.8
2026-07-22 16:00:00,4119.2,4161.5,4110.4,4160.0
2026-07-22 20:00:00,4159.8,4171.4,4143.8,4148.1
2026-07-23 00:00:00,4147.9,4148.4,4133.2,4135.0
2026-07-23 04:00:00,4126.0,4144.0,4074.6,4120.5
2026-07-23 08:00:00,4120.1,4135.6,4114.7,4126.9
2026-07-23 12:00:00,4127.1,4131.0,4089.7,4093.2
2026-07-23 16:00:00,4093.2,4098.6,4042.6,4045.8
2026-07-23 20:00:00,4046.1,4064.7,4042.5,4043.9
2026-07-24 00:00:00,4044.4,4053.6,4042.5,4052.3
2026-07-24 04:00:00,4053.4,4054.1,4041.9,4046.0
2026-07-24 08:00:00,4045.9,4051.0,4024.0,4025.0
2026-07-24 12:00:00,4025.2,4064.0,4025.0,4062.6
2026-07-24 16:00:00,4062.6,4071.5,4046.9,4070.0
2026-07-24 20:00:00,4069.9,4085.2,4058.4,4065.8
2026-07-25 00:00:00,4066.0,4067.3,4051.3,4055.7
2026-07-27 04:00:00,4097.5,4119.3,4085.8,4112.0
2026-07-27 08:00:00,4112.2,4112.9,4086.5,4095.3
2026-07-27 12:00:00,4094.9,4108.3,4088.8,4098.9
2026-07-27 16:00:00,4098.8,4107.0,4071.6,4075.8
2026-07-27 20:00:00,4075.9,4095.7,4067.1,4078.2
2026-07-28 00:00:00,4078.2,4091.8,4074.5,4078.6
2026-07-28 04:00:00,4083.0,4085.7,4042.9,4045.7
2026-07-28 08:00:00,4045.9,4051.5,4034.6,4045.2
2026-07-28 12:00:00,4045.5,4055.6,4018.1,4023.3
2026-07-28 16:00:00,4023.1,4037.9,4016.5,4021.4
2026-07-28 20:00:00,4021.9,4047.4,4011.1,4028.0
2026-07-29 00:00:00,4028.1,4030.6,4021.4,4028.8
2026-07-29 04:00:00,4020.9,4034.0,4009.3,4025.0
2026-07-29 08:00:00,4025.0,4038.2,4019.3,4031.3
2026-07-29 12:00:00,4032.2,4046.7,4030.4,4031.0
2026-07-29 16:00:00,4032.2,4035.5,4000.6,4004.7
2026-07-29 20:00:00,4005.3,4048.3,3993.8,4041.0
2026-07-30 00:00:00,4041.8,4115.2,4041.2,4065.5
2026-07-30 04:00:00,4126.7,4158.0,4121.1,4142.4
2026-07-30 08:00:00,4142.1,4148.0,4085.0,4090.4
2026-07-30 12:00:00,4090.8,4131.5,4086.3,4121.5
2026-07-30 16:00:00,4121.8,4172.5,4121.2,4172.0
2026-07-30 20:00:00,4172.1,4180.2,4141.9,4161.5
2026-07-31 00:00:00,4161.5,4176.7,4157.7,4162.8
2026-07-31 04:00:00,4163.9,4170.7,4140.0,4142.5
2026-07-31 08:00:00,4142.7,4148.8,4129.7,4132.1
2026-07-31 12:00:00,4132.4,4145.3,4106.5,4111.3
2026-07-31 16:00:00,4111.2,4117.4,4077.6,4081.5
2026-07-31 20:00:00,4080.8,4111.0,4076.4,4109.8
2026-08-01 00:00:00,4110.0,4111.9,4097.4,4098.6
2026-08-03 04:00:00,4135.2,4145.5,4102.7,4112.7
2026-08-03 08:00:00,4112.7,4127.2,4107.8,4124.2
2026-08-03 12:00:00,4124.3,4127.3,4102.3,4111.6
2026-08-03 16:00:00,4111.6,4121.1,4074.0,4087.2
2026-08-03 20:00:00,4086.6,4096.4,4081.6,4086.4
2026-08-04 00:00:00,4086.4,4115.0,4085.4,4110.9
2026-08-04 04:00:00,4109.6,4125.1,4098.2,4114.8
2026-08-04 08:00:00,4114.8,4123.7,4106.4,4117.3
2026-08-04 12:00:00,4117.9,4129.6,4102.0,4105.1
2026-08-04 16:00:00,4105.7,4151.5,4101.4,4140.7
2026-08-04 20:00:00,4140.7,4163.8,4131.0,4143.1
2026-08-05 00:00:00,4142.8,4146.0,4131.4,4134.2
2026-08-05 04:00:00,4133.8,4158.5,4121.6,4157.2
2026-08-05 08:00:00,4157.2,4233.0,4151.8,4222.2
2026-08-05 12:00:00,4222.4,4238.5,4211.8,4216.9
2026-08-05 16:00:00,4216.8,4273.6,4209.1,4265.8
2026-08-05 20:00:00,4265.1,4325.5,4263.1,4310.5
2026-08-06 00:00:00,4310.3,4328.2,4303.5,4308.0
2026-08-06 04:00:00,4307.0,4362.7,4304.9,4346.9
2026-08-06 08:00:00,4346.7,4363.7,4306.2,4326.0
2026-08-06 12:00:00,4325.8,4344.2,4308.2,4332.6
2026-08-06 16:00:00,4332.6,4333.1,4288.4,4325.9
2026-08-06 20:00:00,4326.1,4334.7,4281.2,4305.8
2026-08-07 00:00:00,4305.9,4309.8,4292.0,4298.7
2026-08-07 04:00:00,4298.3,4317.5,4288.0,4314.7
2026-08-07 08:00:00,4314.6,4340.0,4305.4,4337.7
2026-08-07 12:00:00,4337.7,4380.1,4337.1,4375.6
2026-08-07 16:00:00,4375.8,4432.3,4361.0,4408.3
2026-08-07 20:00:00,4408.4,4418.1,4386.9,4400.0
2026-08-08 00:00:00,4399.8,4410.6,4391.9,4401.3
2026-08-10 04:00:00,4400.0,4411.5,4373.9,4383.0
2026-08-10 08:00:00,4382.8,4412.5,4377.4,4407.0
2026-08-10 12:00:00,4407.3,4421.5,4398.4,4400.1
2026-08-10 16:00:00,4400.4,4403.3,4375.0,4376.3
2026-08-10 20:00:00,4376.2,4425.2,4376.2,4419.2
2026-08-11 00:00:00,4419.4,4453.8,4418.8,4448.6
2026-08-11 04:00:00,4446.9,4493.7,4443.2,4489.2
2026-08-11 08:00:00,4489.2,4495.0,4427.1,4435.2
2026-08-11 12:00:00,4434.7,4442.0,4415.7,4431.4
2026-08-11 16:00:00,4431.3,4463.3,4430.0,4448.2
2026-08-11 20:00:00,4448.2,4458.2,4428.2,4428.3
2026-08-12 00:00:00,4428.5,4433.6,4419.7,4427.8
2026-08-12 04:00:00,4430.0,4456.9,4421.4,4456.2
2026-08-12 08:00:00,4456.1,4475.7,4444.0,4451.0
2026-08-12 12:00:00,4450.9,4484.2,4445.3,4475.4
2026-08-12 16:00:00,4475.5,4502.7,4440.0,4487.4
2026-08-12 20:00:00,4487.5,4499.8,4455.9,4459.6
2026-08-13 00:00:00,4459.3,4478.3,4456.0,4469.0
2026-08-13 04:00:00,4468.8,4509.1,4456.5,4467.0
2026-08-13 08:00:00,4466.8,4472.6,4457.0,4467.4
